-- phpMyAdmin SQL Dump
-- version 5.2.0
-- https://www.phpmyadmin.net/
--
-- Hôte : db
-- Généré le : ven. 02 déc. 2022 à 16:24
-- Version du serveur : 8.0.30
-- Version de PHP : 8.0.19

SET SQL_MODE = "NO_AUTO_VALUE_ON_ZERO";
START TRANSACTION;
SET time_zone = "+00:00";


/*!40101 SET @OLD_CHARACTER_SET_CLIENT=@@CHARACTER_SET_CLIENT */;
/*!40101 SET @OLD_CHARACTER_SET_RESULTS=@@CHARACTER_SET_RESULTS */;
/*!40101 SET @OLD_COLLATION_CONNECTION=@@COLLATION_CONNECTION */;
/*!40101 SET NAMES utf8mb4 */;

--
-- Base de données : `internship_app`
--

-- --------------------------------------------------------

--
-- Structure de la table `Category`
--

CREATE TABLE `Category` (
  `id` int NOT NULL,
  `name` varchar(255) NOT NULL,
  `enabled` tinyint(1) NOT NULL DEFAULT '1',
  `createdAt` datetime NOT NULL,
  `updatedAt` datetime NOT NULL
) ENGINE=InnoDB DEFAULT CHARSET=utf8mb3;

--
-- Déchargement des données de la table `Category`
--

INSERT INTO `Category` (`id`, `name`, `enabled`, `createdAt`, `updatedAt`) VALUES
(1, 'teste cat', 1, '2022-09-09 17:38:46', '2022-09-09 17:38:46'),
(2, 'angular', 1, '2022-09-12 14:13:54', '2022-09-12 14:13:54'),
(3, 'Qualité produit', 1, '2022-09-12 16:35:45', '2022-09-12 16:35:53'),
(4, 'Qualité système', 0, '2022-09-12 16:36:03', '2022-09-21 17:16:11'),
(5, 'Software embarqué', 1, '2022-09-12 16:36:10', '2022-09-12 16:36:22'),
(6, 'Gestion projet', 1, '2022-09-12 16:38:10', '2022-09-12 16:38:10'),
(7, 'Information system', 1, '2022-09-13 16:17:55', '2022-09-13 16:17:55'),
(8, 'DevOps', 0, '2022-09-14 11:18:07', '2022-09-14 11:19:35'),
(9, 'Cloud engineering', 0, '2022-09-14 11:18:07', '2022-09-14 11:19:38'),
(10, 'Jenkins', 0, '2022-09-14 11:18:51', '2022-09-14 16:54:14'),
(11, 'AWS', 0, '2022-09-14 11:18:51', '2022-09-14 16:54:16'),
(12, 'DevOps', 0, '2022-09-14 14:32:41', '2022-09-14 14:32:48'),
(13, 'Cloud engineering', 0, '2022-09-14 14:32:41', '2022-09-14 14:32:46'),
(14, 'Web Skills', 0, '2022-09-14 16:54:32', '2022-09-21 17:20:41'),
(15, 'Mobile Skills', 1, '2022-09-14 16:54:32', '2022-09-14 16:54:32'),
(16, 'Cloud', 0, '2022-09-14 16:54:32', '2022-09-23 11:32:39'),
(17, 'DevOps', 1, '2022-09-14 16:54:32', '2022-09-14 16:54:32'),
(18, 'QA Analyst', 1, '2022-09-14 16:54:32', '2022-09-14 16:54:32'),
(19, 'Common Embedded Skills', 1, '2022-09-14 16:54:32', '2022-09-14 16:54:32'),
(20, 'Linux Embedded Skills', 1, '2022-09-14 16:54:32', '2022-09-14 16:54:32'),
(21, 'Android Embedded Skills', 1, '2022-09-14 16:54:32', '2022-09-14 16:54:32'),
(22, 'Soft skills', 0, '2022-09-22 13:21:12', '2022-09-23 11:41:37'),
(23, 'HR skills', 1, '2022-09-22 13:21:21', '2022-09-22 13:21:21'),
(24, 'Project management skills', 1, '2022-09-22 13:21:21', '2022-09-22 13:21:21');

-- --------------------------------------------------------

--
-- Structure de la table `Department`
--

CREATE TABLE `Department` (
  `id` int NOT NULL,
  `name` varchar(255) NOT NULL,
  `description` varchar(255) DEFAULT NULL,
  `enabled` tinyint(1) NOT NULL DEFAULT '1',
  `createdAt` datetime NOT NULL,
  `updatedAt` datetime NOT NULL
) ENGINE=InnoDB DEFAULT CHARSET=utf8mb3;

--
-- Déchargement des données de la table `Department`
--

INSERT INTO `Department` (`id`, `name`, `description`, `enabled`, `createdAt`, `updatedAt`) VALUES
(1, 'testedd', NULL, 0, '2022-09-09 17:37:58', '2022-09-14 10:26:05'),
(2, 'test1', 'name', 0, '2022-09-12 12:55:04', '2022-09-14 10:25:50'),
(3, 'test2', 'SSi', 0, '2022-09-12 12:55:04', '2022-09-14 10:25:57'),
(4, 'test1', 'name', 0, '2022-09-12 13:05:31', '2022-09-12 13:06:19'),
(5, 'test2', 'SSi', 0, '2022-09-12 13:05:31', '2022-09-12 13:06:21'),
(6, 'Quality and improvement management Directon', NULL, 0, '2022-09-12 15:54:25', '2022-09-21 17:21:41'),
(7, 'Direction of Programs', NULL, 0, '2022-09-12 15:54:45', '2022-09-23 15:16:41'),
(8, 'General Direction', NULL, 1, '2022-09-12 15:54:53', '2022-09-12 15:54:53'),
(9, 'Software Department', NULL, 1, '2022-09-12 15:56:17', '2022-09-12 15:56:17'),
(10, 'test1', 'name', 0, '2022-09-14 09:18:31', '2022-09-14 09:22:46'),
(11, 'test2', 'SSi', 0, '2022-09-14 09:18:31', '2022-09-14 09:22:48'),
(12, 'test1', 'name', 0, '2022-09-14 09:53:21', '2022-09-14 10:25:44'),
(13, 'test2', 'SSi', 0, '2022-09-14 09:53:21', '2022-09-14 10:25:42'),
(14, 'Hardware Department', 'Hardware activities', 1, '2022-09-22 13:10:51', '2022-09-22 13:11:29'),
(15, 'test1', 'name', 0, '2022-09-22 13:11:57', '2022-09-22 13:12:41'),
(16, 'test2', 'Human Resources Direction', 0, '2022-09-22 13:11:57', '2022-09-22 13:12:43'),
(17, 'Human Resources Direction', NULL, 0, '2022-09-22 13:13:03', '2022-09-23 11:42:19'),
(18, 'General Direction', NULL, 0, '2022-09-22 13:13:03', '2022-09-23 15:16:31');

-- --------------------------------------------------------

--
-- Structure de la table `Function`
--

CREATE TABLE `Function` (
  `id` int NOT NULL,
  `name` varchar(255) NOT NULL,
  `enabled` tinyint(1) NOT NULL DEFAULT '1',
  `createdAt` datetime NOT NULL,
  `updatedAt` datetime NOT NULL,
  `DepartmentId` int DEFAULT NULL
) ENGINE=InnoDB DEFAULT CHARSET=utf8mb3;

--
-- Déchargement des données de la table `Function`
--

INSERT INTO `Function` (`id`, `name`, `enabled`, `createdAt`, `updatedAt`, `DepartmentId`) VALUES
(1, 'teste fn', 1, '2022-09-09 17:38:32', '2022-09-09 17:38:32', 1),
(2, 'Product Quality Coordinator', 0, '2022-09-12 15:55:11', '2022-09-21 17:22:30', 6),
(3, 'Quality and Improvement management Director', 1, '2022-09-12 15:55:33', '2022-09-12 15:55:33', 6),
(4, 'Chief Executive Officer', 1, '2022-09-12 15:55:50', '2022-09-12 15:55:50', 8),
(5, 'Technical Leader', 1, '2022-09-12 15:56:27', '2022-09-12 15:56:27', 9),
(6, 'Embedded Developer', 1, '2022-09-12 15:56:35', '2022-09-12 15:56:46', 9),
(7, 'teste 33', 0, '2022-09-14 10:36:45', '2022-09-14 10:37:00', 7),
(8, 'Ingénieur exploitation', 1, '2022-09-22 13:14:36', '2022-09-22 13:14:36', 7),
(9, 'Human Resources Manager', 0, '2022-09-22 13:15:18', '2022-09-23 11:43:35', 17),
(10, 'Recruitement Officer', 1, '2022-09-22 13:15:18', '2022-09-22 13:15:18', 17),
(11, 'Developer', 1, '2022-09-27 16:35:32', '2022-09-27 16:35:32', 14);

-- --------------------------------------------------------

--
-- Structure de la table `FunctionSkills`
--

CREATE TABLE `FunctionSkills` (
  `FunctionId` int NOT NULL,
  `SkillId` int NOT NULL,
  `createdAt` datetime NOT NULL,
  `updatedAt` datetime NOT NULL
) ENGINE=InnoDB DEFAULT CHARSET=utf8mb3;

-- --------------------------------------------------------

--
-- Structure de la table `Role`
--

CREATE TABLE `Role` (
  `id` int NOT NULL,
  `name` varchar(255) NOT NULL,
  `description` varchar(255) DEFAULT NULL,
  `enabled` tinyint(1) NOT NULL DEFAULT '1',
  `createdAt` datetime NOT NULL,
  `updatedAt` datetime NOT NULL
) ENGINE=InnoDB DEFAULT CHARSET=utf8mb3;

--
-- Déchargement des données de la table `Role`
--

INSERT INTO `Role` (`id`, `name`, `description`, `enabled`, `createdAt`, `updatedAt`) VALUES
(1, 'ADMIN', 'teste teste ', 1, '2022-09-08 11:44:51', '2022-09-09 16:39:07'),
(2, 'USER', 'User role', 1, '2022-09-12 14:42:09', '2022-09-12 14:42:09'),
(3, 'MANAGER', 'MANAGER role', 1, '2022-09-12 15:09:19', '2022-09-12 15:09:19'),
(4, 'DIRECTOR', 'DIRECTOR Role ', 1, '2022-09-12 15:09:59', '2022-09-30 10:35:16');

-- --------------------------------------------------------

--
-- Structure de la table `Skill`
--

CREATE TABLE `Skill` (
  `id` int NOT NULL,
  `name` varchar(255) NOT NULL,
  `enabled` tinyint(1) NOT NULL DEFAULT '1',
  `createdAt` datetime NOT NULL,
  `updatedAt` datetime NOT NULL,
  `categoryId` int DEFAULT NULL
) ENGINE=InnoDB DEFAULT CHARSET=utf8mb3;

--
-- Déchargement des données de la table `Skill`
--

INSERT INTO `Skill` (`id`, `name`, `enabled`, `createdAt`, `updatedAt`, `categoryId`) VALUES
(1, 'teste skillgg', 0, '2022-09-09 17:39:05', '2022-09-23 11:34:07', 1),
(2, 'angular 8 +', 0, '2022-09-12 14:14:10', '2022-09-28 08:14:20', 2),
(3, 'Revue de livraison', 1, '2022-09-12 16:36:36', '2022-09-12 16:36:36', 3),
(4, 'Application système de management', 1, '2022-09-12 16:37:04', '2022-09-12 16:37:04', 4),
(5, 'C++', 1, '2022-09-12 16:37:12', '2022-09-12 16:37:12', 5),
(6, 'Gestion des risques', 1, '2022-09-12 16:38:35', '2022-09-12 16:38:35', 6),
(7, 'Android', 1, '2022-09-13 16:18:05', '2022-09-13 16:18:05', 7),
(8, 'Kotlin', 1, '2022-09-13 16:18:14', '2022-09-13 16:18:14', 7),
(9, 'AWS', 0, '2022-09-13 16:18:21', '2022-09-22 09:18:00', 7),
(10, 'Linux', 1, '2022-09-13 16:18:52', '2022-09-13 16:18:52', 5),
(11, 'Android embarqué', 1, '2022-09-13 16:19:06', '2022-09-13 16:19:06', 5),
(12, 'Nodes JS', 1, '2022-09-13 16:19:35', '2022-09-13 16:19:35', 7),
(13, 'React JS', 1, '2022-09-13 16:19:43', '2022-09-13 16:19:43', 7),
(14, 'C', 1, '2022-09-13 16:19:58', '2022-09-13 16:19:58', 5),
(15, 'ISO9001', 0, '2022-09-13 16:20:24', '2022-09-21 16:24:40', 4),
(16, 'Audit interne', 1, '2022-09-13 16:20:35', '2022-09-13 16:20:35', 4),
(17, 'Revue Workproduct', 1, '2022-09-13 16:21:11', '2022-09-13 16:21:11', 3),
(18, 'Gestion de configuration', 1, '2022-09-13 16:21:21', '2022-09-13 16:21:21', 6),
(19, 'Jenkins', 0, '2022-09-14 11:18:27', '2022-09-22 09:18:08', 8),
(20, 'JS Front', 1, '2022-09-14 16:55:59', '2022-09-14 16:55:59', 14),
(21, 'Angular', 1, '2022-09-14 16:55:59', '2022-09-14 16:55:59', 14),
(22, 'ReactJS', 1, '2022-09-14 16:55:59', '2022-09-14 16:55:59', 14),
(23, 'JS Back', 1, '2022-09-14 16:55:59', '2022-09-14 16:55:59', 14),
(24, 'NodeJS', 1, '2022-09-14 16:55:59', '2022-09-14 16:55:59', 14),
(25, 'ExpressJS', 1, '2022-09-14 16:55:59', '2022-09-14 16:55:59', 14),
(26, 'PHP', 1, '2022-09-14 16:55:59', '2022-09-14 16:55:59', 14),
(27, 'Symphony', 1, '2022-09-14 16:55:59', '2022-09-14 16:55:59', 14),
(28, 'Web integrator', 1, '2022-09-14 16:55:59', '2022-09-14 16:55:59', 14),
(29, 'CMS Wordpress', 1, '2022-09-14 16:55:59', '2022-09-14 16:55:59', 14),
(30, 'Elementor', 0, '2022-09-14 16:55:59', '2022-09-22 11:48:27', 14),
(31, 'Java', 1, '2022-09-14 16:55:59', '2022-09-14 16:55:59', 14),
(32, 'SpringBoot', 1, '2022-09-14 16:55:59', '2022-09-14 16:55:59', 14),
(33, 'Web .Net', 1, '2022-09-14 16:55:59', '2022-09-14 16:55:59', 14),
(34, 'Azure', 0, '2022-09-14 16:55:59', '2022-09-23 11:33:31', 16),
(35, 'CI/CD', 1, '2022-09-14 16:55:59', '2022-09-14 16:55:59', 8),
(36, 'deploy automation', 1, '2022-09-14 16:55:59', '2022-09-14 16:55:59', 8),
(37, 'Python', 1, '2022-09-14 16:55:59', '2022-09-14 16:55:59', 18),
(38, 'Validation', 1, '2022-09-14 16:55:59', '2022-09-14 16:55:59', 18),
(39, 'Selinium', 1, '2022-09-14 16:55:59', '2022-09-14 16:55:59', 18),
(40, 'Embedded protocoles', 1, '2022-09-14 16:55:59', '2022-09-14 16:55:59', 19),
(41, 'RTOS Knowledge', 1, '2022-09-14 16:55:59', '2022-09-14 16:55:59', 19),
(42, 'C language', 1, '2022-09-14 16:55:59', '2022-09-14 16:55:59', 19),
(43, 'SW Embedded design', 1, '2022-09-14 16:55:59', '2022-09-14 16:55:59', 19),
(44, 'C++ language', 1, '2022-09-14 16:55:59', '2022-09-14 16:55:59', 19),
(45, 'Linux  background', 1, '2022-09-14 16:55:59', '2022-09-14 16:55:59', 20),
(46, 'Linux\nShell', 1, '2022-09-14 16:55:59', '2022-09-14 16:55:59', 20),
(47, 'Kernel development\n(Drivers)', 1, '2022-09-14 16:55:59', '2022-09-14 16:55:59', 20),
(48, 'Linux application development', 1, '2022-09-14 16:55:59', '2022-09-14 16:55:59', 20),
(49, 'Network under Linux', 1, '2022-09-14 16:55:59', '2022-09-14 16:55:59', 20),
(50, 'Yocto', 1, '2022-09-14 16:55:59', '2022-09-14 16:55:59', 20),
(51, 'BuildRoot', 1, '2022-09-14 16:55:59', '2022-09-14 16:55:59', 20),
(52, 'Embedded Android', 1, '2022-09-14 16:55:59', '2022-09-14 16:55:59', 21),
(53, 'Middleware - JNI', 1, '2022-09-14 16:55:59', '2022-09-14 16:55:59', 21),
(54, 'Android application', 1, '2022-09-14 16:55:59', '2022-09-14 16:55:59', 21),
(55, 'Test ajout skills', 1, '2022-09-15 16:22:54', '2022-09-15 16:22:54', 14),
(56, 'Test amina', 1, '2022-09-22 09:21:04', '2022-09-22 09:21:04', 8),
(57, 'Test Taib', 0, '2022-09-22 09:21:04', '2022-09-22 11:47:53', 8),
(58, 'congé annuel', 0, '2022-09-22 09:23:37', '2022-09-22 09:28:44', 17),
(59, 'teste 20', 0, '2022-09-22 11:08:45', '2022-09-22 11:08:52', 16),
(60, 'Public speaking', 1, '2022-09-22 13:21:51', '2022-09-22 13:21:51', 22),
(61, 'Sourcing', 1, '2022-09-22 13:22:00', '2022-09-22 13:22:00', 23),
(62, 'Elaboration des Procédures RH, règlements, chartes…', 1, '2022-09-22 13:22:00', '2022-09-22 13:22:00', 23),
(63, 'Risk management', 1, '2022-09-22 13:22:00', '2022-09-22 13:22:00', 24),
(64, 'Problem resolution', 1, '2022-09-22 13:22:00', '2022-09-22 13:22:00', 24),
(65, 'teste amine', 1, '2022-09-22 16:51:37', '2022-09-22 16:51:37', 22),
(66, 'X1', 1, '2022-09-22 17:41:42', '2022-09-22 17:41:42', 8),
(67, 'X2', 1, '2022-09-22 17:41:42', '2022-09-22 17:41:42', 8),
(68, 'teste 18:48', 0, '2022-09-22 17:44:40', '2022-09-22 17:45:19', 22),
(69, 'test add compétence', 1, '2022-09-23 11:51:43', '2022-09-23 11:51:43', 24),
(70, 'indus', 1, '2022-09-23 11:53:30', '2022-09-23 11:53:30', 5),
(71, 'Schématique', 1, '2022-09-23 11:53:30', '2022-09-23 11:53:30', 5),
(72, 'ECAD', 1, '2022-09-23 13:31:07', '2022-09-23 13:31:07', 5),
(73, 'Skill Test1', 1, '2022-09-23 13:31:07', '2022-09-23 13:31:07', 5),
(74, 'Skill Test2', 1, '2022-09-23 13:31:07', '2022-09-23 13:31:07', 5),
(75, 'Skill Test3', 1, '2022-09-23 13:31:07', '2022-09-23 13:31:07', 5),
(76, 'Skill Test4', 1, '2022-09-23 13:31:07', '2022-09-23 13:31:07', 5),
(77, 'Skill Test5', 1, '2022-09-23 13:31:07', '2022-09-23 13:31:07', 5),
(78, 'Skill Test6', 1, '2022-09-23 13:31:07', '2022-09-23 13:31:07', 15),
(79, 'Skill Test7', 1, '2022-09-23 13:31:07', '2022-09-23 13:31:07', 15),
(80, 'Skill Test8', 1, '2022-09-23 13:31:07', '2022-09-23 13:31:07', 15),
(81, 'Skill Test9', 1, '2022-09-23 13:31:07', '2022-09-23 13:31:07', 15),
(82, 'Skill Test10', 1, '2022-09-23 13:31:07', '2022-09-23 13:31:07', 15),
(83, 'Skill Test11', 1, '2022-09-23 13:31:07', '2022-09-23 13:31:07', 15),
(84, 'Skill Test12', 1, '2022-09-23 13:31:07', '2022-09-23 13:31:07', 15),
(85, 'Skill Test13', 1, '2022-09-23 13:31:07', '2022-09-23 13:31:07', 15),
(86, 'Skill Test14', 1, '2022-09-23 13:31:07', '2022-09-23 13:31:07', 18),
(87, 'Skill Test15', 1, '2022-09-23 13:31:07', '2022-09-23 13:31:07', 18),
(88, 'Skill Test16', 1, '2022-09-23 13:31:07', '2022-09-23 13:31:07', 18),
(89, 'Skill Test17', 1, '2022-09-23 13:31:07', '2022-09-23 13:31:07', 18),
(90, 'Skill Test18', 1, '2022-09-23 13:31:07', '2022-09-23 13:31:07', 18),
(91, 'Skill Test19', 1, '2022-09-23 13:31:07', '2022-09-23 13:31:07', 18),
(92, 'Skill Test20', 1, '2022-09-23 13:31:07', '2022-09-23 13:31:07', 18);

-- --------------------------------------------------------

--
-- Structure de la table `SkillEvaluation`
--

CREATE TABLE `SkillEvaluation` (
  `id` int NOT NULL,
  `level` double NOT NULL DEFAULT '0',
  `evaluationEvidence` varchar(255) DEFAULT NULL,
  `status` varchar(255) NOT NULL DEFAULT 'Not Evaluated',
  `enabled` tinyint(1) NOT NULL DEFAULT '1',
  `createdAt` datetime NOT NULL,
  `updatedAt` datetime NOT NULL,
  `skillId` int DEFAULT NULL,
  `evaluatorId` int DEFAULT NULL,
  `forUser` int NOT NULL,
  `affected` tinyint(1) NOT NULL DEFAULT '1'
) ENGINE=InnoDB DEFAULT CHARSET=utf8mb3;

--
-- Déchargement des données de la table `SkillEvaluation`
--

INSERT INTO `SkillEvaluation` (`id`, `level`, `evaluationEvidence`, `status`, `enabled`, `createdAt`, `updatedAt`, `skillId`, `evaluatorId`, `forUser`, `affected`) VALUES
(11, 3, 'test', 'Valid', 1, '2022-09-12 16:19:00', '2022-09-15 16:46:25', 1, NULL, 7, 1),
(12, 0, NULL, 'Valid', 1, '2022-09-12 16:19:00', '2022-09-12 16:46:27', 2, NULL, 7, 1),
(17, 0, NULL, 'Not Evaluated', 1, '2022-09-13 16:18:06', '2022-12-02 16:09:54', 7, 7, 7, 1),
(22, 2, 'test', 'Evaluated', 1, '2022-09-12 16:37:04', '2022-12-02 16:09:54', 4, 7, 7, 1),
(27, 0, 'annual eval', 'Valid', 1, '2022-09-12 16:37:12', '2022-12-02 16:09:54', 5, 7, 7, 1),
(32, 0, NULL, 'Not Evaluated', 1, '2022-09-12 16:38:35', '2022-12-02 16:09:54', 6, 7, 7, 1),
(38, 0, NULL, 'Not Evaluated', 1, '2022-09-23 13:31:07', '2022-12-02 16:09:54', 91, 7, 7, 1),
(44, 0, NULL, 'Not Evaluated', 1, '2022-09-13 16:18:14', '2022-12-02 16:09:54', 8, 7, 7, 1),
(50, 0, NULL, 'Not Evaluated', 1, '2022-09-13 16:18:21', '2022-09-13 16:18:21', 9, NULL, 7, 1),
(56, 0, NULL, 'Not Evaluated', 1, '2022-09-13 16:18:52', '2022-12-02 16:09:54', 10, 7, 7, 1),
(62, 0, NULL, 'Not Evaluated', 1, '2022-09-13 16:19:06', '2022-12-02 16:09:54', 11, 7, 7, 1),
(68, 0, NULL, 'Not Evaluated', 1, '2022-09-13 16:19:35', '2022-12-02 16:09:54', 12, 7, 7, 1),
(74, 0, NULL, 'Not Evaluated', 1, '2022-09-13 16:19:43', '2022-12-02 16:09:54', 13, 7, 7, 1),
(80, 2, 'TEST', 'Evaluated', 1, '2022-09-13 16:19:58', '2022-12-02 16:09:54', 14, 7, 7, 1),
(86, 0, NULL, 'Not Evaluated', 1, '2022-09-13 16:20:24', '2022-09-13 16:20:24', 15, NULL, 7, 1),
(92, 0, NULL, 'Not Evaluated', 1, '2022-09-13 16:20:35', '2022-12-02 16:09:54', 16, 7, 7, 1),
(98, 0, NULL, 'Not Evaluated', 1, '2022-09-13 16:21:11', '2022-12-02 16:09:54', 17, 7, 7, 1),
(104, 0, NULL, 'Not Evaluated', 1, '2022-09-13 16:21:21', '2022-12-02 16:09:54', 18, 7, 7, 1),
(123, 0, 'teste', 'Valid', 1, '2022-09-14 10:18:41', '2022-09-22 08:32:07', 1, 9, 9, 1),
(124, 0, NULL, 'Not Evaluated', 1, '2022-09-14 10:18:41', '2022-09-14 10:18:41', 2, NULL, 9, 1),
(125, 2, 'done', 'Valid', 1, '2022-09-14 10:18:41', '2022-11-17 10:50:55', 3, 9, 9, 1),
(126, 4, 'de', 'Valid', 1, '2022-09-14 10:18:41', '2022-11-18 09:33:52', 4, 9, 9, 0),
(127, 3, 'log', 'Valid', 1, '2022-09-14 10:18:41', '2022-11-21 10:22:38', 5, 9, 9, 1),
(128, 0, NULL, 'Not Evaluated', 1, '2022-09-14 10:18:41', '2022-11-09 09:20:23', 6, NULL, 9, 0),
(129, 0, NULL, 'Not Evaluated', 1, '2022-09-14 10:18:41', '2022-11-18 10:33:47', 7, 9, 9, 0),
(130, 0, NULL, 'Not Evaluated', 1, '2022-09-14 10:18:41', '2022-11-18 10:45:24', 8, 9, 9, 1),
(131, 0, NULL, 'Not Evaluated', 1, '2022-09-14 10:18:41', '2022-09-14 10:18:41', 9, NULL, 9, 1),
(132, 0, NULL, 'Not Evaluated', 1, '2022-09-14 10:18:41', '2022-11-18 10:46:46', 10, 9, 9, 0),
(133, 1, 'defr', 'Evaluated', 1, '2022-09-14 10:18:41', '2022-11-18 10:47:51', 11, 9, 9, 1),
(134, 0, NULL, 'Not Evaluated', 1, '2022-09-14 10:18:41', '2022-11-18 10:47:26', 12, 9, 9, 1),
(135, 0, NULL, 'Not Evaluated', 1, '2022-09-14 10:18:41', '2022-11-18 10:23:16', 13, 9, 9, 1),
(136, 0, NULL, 'Not Evaluated', 1, '2022-09-14 10:18:41', '2022-11-18 10:47:51', 14, 9, 9, 1),
(137, 0, NULL, 'Not Evaluated', 1, '2022-09-14 10:18:41', '2022-09-14 10:18:41', 15, NULL, 9, 1),
(138, 0, NULL, 'Not Evaluated', 1, '2022-09-14 10:18:41', '2022-11-18 10:45:14', 16, 9, 9, 0),
(139, 0, NULL, 'Not Evaluated', 1, '2022-09-14 10:18:41', '2022-11-18 10:25:05', 17, 9, 9, 1),
(140, 0, NULL, 'Not Evaluated', 1, '2022-09-14 10:18:41', '2022-11-18 10:25:05', 18, 9, 9, 1),
(218, 0, NULL, 'Not Evaluated', 1, '2022-09-15 16:22:54', '2022-12-02 16:09:54', 55, 7, 7, 1),
(219, 0, NULL, 'Not Evaluated', 1, '2022-09-15 16:22:54', '2022-11-18 10:28:52', 55, 9, 9, 1),
(221, 0, 'test', 'Valid', 1, '2022-09-15 16:59:32', '2022-09-21 16:47:27', 1, 9, 12, 1),
(222, 3, 'Formation', 'Valid', 1, '2022-09-15 16:59:32', '2022-09-22 13:30:06', 2, NULL, 12, 1),
(223, 3, 'Traning', 'Valid', 1, '2022-09-15 16:59:32', '2022-11-09 10:33:49', 3, NULL, 12, 0),
(224, 0, NULL, 'Not Evaluated', 1, '2022-09-15 16:59:32', '2022-11-09 10:33:49', 4, NULL, 12, 0),
(225, 0, NULL, 'Not Evaluated', 1, '2022-09-15 16:59:32', '2022-11-09 10:33:49', 5, NULL, 12, 0),
(226, 0, NULL, 'Not Evaluated', 1, '2022-09-15 16:59:32', '2022-11-09 10:33:49', 6, NULL, 12, 0),
(227, 0, NULL, 'Not Evaluated', 1, '2022-09-15 16:59:32', '2022-11-09 10:33:49', 7, NULL, 12, 0),
(228, 0, NULL, 'Not Evaluated', 1, '2022-09-15 16:59:32', '2022-09-15 16:59:32', 8, NULL, 12, 1),
(229, 0, NULL, 'Not Evaluated', 1, '2022-09-15 16:59:32', '2022-09-15 16:59:32', 9, NULL, 12, 1),
(230, 0, NULL, 'Not Evaluated', 1, '2022-09-15 16:59:32', '2022-11-09 10:33:49', 10, NULL, 12, 0),
(231, 0, NULL, 'Not Evaluated', 1, '2022-09-15 16:59:32', '2022-11-09 10:33:49', 11, NULL, 12, 0),
(232, 0, NULL, 'Not Evaluated', 1, '2022-09-15 16:59:32', '2022-09-15 16:59:32', 12, NULL, 12, 1),
(233, 0, NULL, 'Not Evaluated', 1, '2022-09-15 16:59:32', '2022-11-09 10:34:14', 13, NULL, 12, 0),
(234, 0, NULL, 'Not Evaluated', 1, '2022-09-15 16:59:32', '2022-11-09 10:34:14', 14, NULL, 12, 0),
(235, 2, 'TEST', 'Evaluated', 1, '2022-09-15 16:59:32', '2022-09-21 16:28:17', 15, NULL, 12, 1),
(236, 3, 'test', 'Valid', 1, '2022-09-15 16:59:32', '2022-11-09 10:34:14', 16, NULL, 12, 0),
(237, 0, NULL, 'Not Evaluated', 1, '2022-09-15 16:59:32', '2022-11-09 10:34:19', 17, NULL, 12, 0),
(238, 0, NULL, 'Not Evaluated', 1, '2022-09-15 16:59:32', '2022-11-09 10:34:19', 18, NULL, 12, 0),
(239, 0, NULL, 'Not Evaluated', 1, '2022-09-15 16:59:32', '2022-09-15 16:59:32', 19, NULL, 12, 1),
(240, 0, NULL, 'Not Evaluated', 1, '2022-09-15 16:59:32', '2022-11-09 10:34:19', 20, NULL, 12, 0),
(241, 0, NULL, 'Not Evaluated', 1, '2022-09-15 16:59:32', '2022-09-15 16:59:32', 21, NULL, 12, 1),
(242, 0, NULL, 'Not Evaluated', 1, '2022-09-15 16:59:32', '2022-09-15 16:59:32', 22, NULL, 12, 1),
(243, 0, NULL, 'Not Evaluated', 1, '2022-09-15 16:59:32', '2022-09-15 16:59:32', 23, NULL, 12, 1),
(244, 0, NULL, 'Not Evaluated', 1, '2022-09-15 16:59:32', '2022-09-15 16:59:32', 24, NULL, 12, 1),
(245, 0, NULL, 'Not Evaluated', 1, '2022-09-15 16:59:32', '2022-09-15 16:59:32', 25, NULL, 12, 1),
(246, 0, NULL, 'Not Evaluated', 1, '2022-09-15 16:59:32', '2022-09-15 16:59:32', 26, NULL, 12, 1),
(247, 0, NULL, 'Not Evaluated', 1, '2022-09-15 16:59:32', '2022-09-15 16:59:32', 27, NULL, 12, 1),
(248, 0, NULL, 'Not Evaluated', 1, '2022-09-15 16:59:32', '2022-09-15 16:59:32', 28, NULL, 12, 1),
(249, 0, NULL, 'Not Evaluated', 1, '2022-09-15 16:59:32', '2022-09-15 16:59:32', 29, NULL, 12, 1),
(250, 0, NULL, 'Not Evaluated', 1, '2022-09-15 16:59:32', '2022-09-15 16:59:32', 30, NULL, 12, 1),
(251, 0, NULL, 'Not Evaluated', 1, '2022-09-15 16:59:32', '2022-09-15 16:59:32', 31, NULL, 12, 1),
(252, 0, NULL, 'Not Evaluated', 1, '2022-09-15 16:59:32', '2022-09-15 16:59:32', 32, NULL, 12, 1),
(253, 0, NULL, 'Not Evaluated', 1, '2022-09-15 16:59:32', '2022-09-15 16:59:32', 33, NULL, 12, 1),
(254, 0, NULL, 'Not Evaluated', 1, '2022-09-15 16:59:32', '2022-09-15 16:59:32', 34, NULL, 12, 1),
(255, 0, NULL, 'Not Evaluated', 1, '2022-09-15 16:59:32', '2022-09-15 16:59:32', 35, NULL, 12, 1),
(256, 0, NULL, 'Not Evaluated', 1, '2022-09-15 16:59:32', '2022-09-15 16:59:32', 36, NULL, 12, 1),
(257, 0, NULL, 'Not Evaluated', 1, '2022-09-15 16:59:32', '2022-09-15 16:59:32', 37, NULL, 12, 1),
(258, 0, NULL, 'Not Evaluated', 1, '2022-09-15 16:59:32', '2022-09-15 16:59:32', 38, NULL, 12, 1),
(259, 0, NULL, 'Not Evaluated', 1, '2022-09-15 16:59:32', '2022-09-15 16:59:32', 39, NULL, 12, 1),
(260, 0, NULL, 'Not Evaluated', 1, '2022-09-15 16:59:32', '2022-09-15 16:59:32', 40, NULL, 12, 1),
(261, 0, NULL, 'Not Evaluated', 1, '2022-09-15 16:59:32', '2022-09-15 16:59:32', 41, NULL, 12, 1),
(262, 0, NULL, 'Not Evaluated', 1, '2022-09-15 16:59:32', '2022-09-15 16:59:32', 42, NULL, 12, 1),
(263, 0, NULL, 'Not Evaluated', 1, '2022-09-15 16:59:32', '2022-09-15 16:59:32', 43, NULL, 12, 1),
(264, 0, NULL, 'Not Evaluated', 1, '2022-09-15 16:59:32', '2022-09-15 16:59:32', 44, NULL, 12, 1),
(265, 0, NULL, 'Not Evaluated', 1, '2022-09-15 16:59:32', '2022-09-15 16:59:32', 45, NULL, 12, 1),
(266, 0, NULL, 'Not Evaluated', 1, '2022-09-15 16:59:32', '2022-09-15 16:59:32', 46, NULL, 12, 1),
(267, 0, NULL, 'Not Evaluated', 1, '2022-09-15 16:59:32', '2022-09-15 16:59:32', 47, NULL, 12, 1),
(268, 0, NULL, 'Not Evaluated', 1, '2022-09-15 16:59:32', '2022-09-15 16:59:32', 48, NULL, 12, 1),
(269, 0, NULL, 'Not Evaluated', 1, '2022-09-15 16:59:32', '2022-09-15 16:59:32', 49, NULL, 12, 1),
(270, 0, NULL, 'Not Evaluated', 1, '2022-09-15 16:59:32', '2022-09-15 16:59:32', 50, NULL, 12, 1),
(271, 0, NULL, 'Not Evaluated', 1, '2022-09-15 16:59:32', '2022-09-15 16:59:32', 51, NULL, 12, 1),
(272, 0, NULL, 'Not Evaluated', 1, '2022-09-15 16:59:32', '2022-09-15 16:59:32', 52, NULL, 12, 1),
(273, 0, NULL, 'Not Evaluated', 1, '2022-09-15 16:59:32', '2022-09-15 16:59:32', 53, NULL, 12, 1),
(274, 0, NULL, 'Not Evaluated', 1, '2022-09-15 16:59:32', '2022-09-15 16:59:32', 54, NULL, 12, 1),
(275, 0, NULL, 'Not Evaluated', 1, '2022-09-15 16:59:32', '2022-09-15 16:59:32', 55, NULL, 12, 1),
(276, 0, NULL, 'Not Evaluated', 1, '2022-09-21 17:26:07', '2022-09-21 17:26:07', 1, NULL, 13, 1),
(277, 0, NULL, 'Not Evaluated', 1, '2022-09-21 17:26:07', '2022-09-21 17:26:07', 2, NULL, 13, 1),
(278, 0, NULL, 'Not Evaluated', 1, '2022-09-21 17:26:07', '2022-09-21 17:26:07', 3, NULL, 13, 1),
(279, 0, NULL, 'Not Evaluated', 1, '2022-09-21 17:26:07', '2022-09-21 17:26:07', 4, NULL, 13, 1),
(280, 0, NULL, 'Not Evaluated', 1, '2022-09-21 17:26:07', '2022-09-21 17:26:07', 5, NULL, 13, 1),
(281, 0, NULL, 'Not Evaluated', 1, '2022-09-21 17:26:07', '2022-09-21 17:26:07', 6, NULL, 13, 1),
(282, 0, NULL, 'Not Evaluated', 1, '2022-09-21 17:26:07', '2022-09-21 17:26:07', 7, NULL, 13, 1),
(283, 0, NULL, 'Not Evaluated', 1, '2022-09-21 17:26:07', '2022-09-21 17:26:07', 8, NULL, 13, 1),
(284, 0, NULL, 'Not Evaluated', 1, '2022-09-21 17:26:07', '2022-09-21 17:26:07', 9, NULL, 13, 1),
(285, 0, NULL, 'Not Evaluated', 1, '2022-09-21 17:26:07', '2022-09-21 17:26:07', 10, NULL, 13, 1),
(286, 0, NULL, 'Not Evaluated', 1, '2022-09-21 17:26:07', '2022-09-21 17:26:07', 11, NULL, 13, 1),
(287, 0, NULL, 'Not Evaluated', 1, '2022-09-21 17:26:07', '2022-09-21 17:26:07', 12, NULL, 13, 1),
(288, 0, NULL, 'Not Evaluated', 1, '2022-09-21 17:26:07', '2022-09-21 17:26:07', 13, NULL, 13, 1),
(289, 0, NULL, 'Not Evaluated', 1, '2022-09-21 17:26:07', '2022-09-21 17:26:07', 14, NULL, 13, 1),
(290, 0, NULL, 'Not Evaluated', 1, '2022-09-21 17:26:07', '2022-09-21 17:26:07', 15, NULL, 13, 1),
(291, 0, NULL, 'Not Evaluated', 1, '2022-09-21 17:26:07', '2022-09-21 17:26:07', 16, NULL, 13, 1),
(292, 0, NULL, 'Not Evaluated', 1, '2022-09-21 17:26:07', '2022-09-21 17:26:07', 17, NULL, 13, 1),
(293, 0, NULL, 'Not Evaluated', 1, '2022-09-21 17:26:07', '2022-09-21 17:26:07', 18, NULL, 13, 1),
(294, 0, NULL, 'Not Evaluated', 1, '2022-09-21 17:26:07', '2022-09-21 17:26:07', 19, NULL, 13, 1),
(295, 0, NULL, 'Not Evaluated', 1, '2022-09-21 17:26:07', '2022-09-21 17:26:07', 20, NULL, 13, 1),
(296, 0, NULL, 'Not Evaluated', 1, '2022-09-21 17:26:07', '2022-09-21 17:26:07', 21, NULL, 13, 1),
(297, 0, NULL, 'Not Evaluated', 1, '2022-09-21 17:26:07', '2022-09-21 17:26:07', 22, NULL, 13, 1),
(298, 0, NULL, 'Not Evaluated', 1, '2022-09-21 17:26:07', '2022-09-21 17:26:07', 23, NULL, 13, 1),
(299, 0, NULL, 'Not Evaluated', 1, '2022-09-21 17:26:07', '2022-09-21 17:26:07', 24, NULL, 13, 1),
(300, 0, NULL, 'Not Evaluated', 1, '2022-09-21 17:26:07', '2022-09-21 17:26:07', 25, NULL, 13, 1),
(301, 0, NULL, 'Not Evaluated', 1, '2022-09-21 17:26:07', '2022-09-21 17:26:07', 26, NULL, 13, 1),
(302, 0, NULL, 'Not Evaluated', 1, '2022-09-21 17:26:07', '2022-09-21 17:26:07', 27, NULL, 13, 1),
(303, 0, NULL, 'Not Evaluated', 1, '2022-09-21 17:26:07', '2022-09-21 17:26:07', 28, NULL, 13, 1),
(304, 0, NULL, 'Not Evaluated', 1, '2022-09-21 17:26:07', '2022-09-21 17:26:07', 29, NULL, 13, 1),
(305, 0, NULL, 'Not Evaluated', 1, '2022-09-21 17:26:07', '2022-09-21 17:26:07', 30, NULL, 13, 1),
(306, 0, NULL, 'Not Evaluated', 1, '2022-09-21 17:26:07', '2022-09-21 17:26:07', 31, NULL, 13, 1),
(307, 0, NULL, 'Not Evaluated', 1, '2022-09-21 17:26:07', '2022-09-21 17:26:07', 32, NULL, 13, 1),
(308, 0, NULL, 'Not Evaluated', 1, '2022-09-21 17:26:07', '2022-09-21 17:26:07', 33, NULL, 13, 1),
(309, 0, NULL, 'Not Evaluated', 1, '2022-09-21 17:26:07', '2022-09-21 17:26:07', 34, NULL, 13, 1),
(310, 0, NULL, 'Not Evaluated', 1, '2022-09-21 17:26:07', '2022-09-21 17:26:07', 35, NULL, 13, 1),
(311, 0, NULL, 'Not Evaluated', 1, '2022-09-21 17:26:07', '2022-09-21 17:26:07', 36, NULL, 13, 1),
(312, 0, NULL, 'Not Evaluated', 1, '2022-09-21 17:26:07', '2022-09-21 17:26:07', 37, NULL, 13, 1),
(313, 0, NULL, 'Not Evaluated', 1, '2022-09-21 17:26:07', '2022-09-21 17:26:07', 38, NULL, 13, 1),
(314, 0, NULL, 'Not Evaluated', 1, '2022-09-21 17:26:07', '2022-09-21 17:26:07', 39, NULL, 13, 1),
(315, 0, NULL, 'Not Evaluated', 1, '2022-09-21 17:26:07', '2022-09-21 17:26:07', 40, NULL, 13, 1),
(316, 0, NULL, 'Not Evaluated', 1, '2022-09-21 17:26:07', '2022-09-21 17:26:07', 41, NULL, 13, 1),
(317, 0, NULL, 'Not Evaluated', 1, '2022-09-21 17:26:07', '2022-09-21 17:26:07', 42, NULL, 13, 1),
(318, 0, NULL, 'Not Evaluated', 1, '2022-09-21 17:26:07', '2022-09-21 17:26:07', 43, NULL, 13, 1),
(319, 0, NULL, 'Not Evaluated', 1, '2022-09-21 17:26:07', '2022-09-21 17:26:07', 44, NULL, 13, 1),
(320, 0, NULL, 'Not Evaluated', 1, '2022-09-21 17:26:07', '2022-09-21 17:26:07', 45, NULL, 13, 1),
(321, 0, NULL, 'Not Evaluated', 1, '2022-09-21 17:26:07', '2022-09-21 17:26:07', 46, NULL, 13, 1),
(322, 0, NULL, 'Not Evaluated', 1, '2022-09-21 17:26:07', '2022-09-21 17:26:07', 47, NULL, 13, 1),
(323, 0, NULL, 'Not Evaluated', 1, '2022-09-21 17:26:07', '2022-09-21 17:26:07', 48, NULL, 13, 1),
(324, 0, NULL, 'Not Evaluated', 1, '2022-09-21 17:26:07', '2022-09-21 17:26:07', 49, NULL, 13, 1),
(325, 0, NULL, 'Not Evaluated', 1, '2022-09-21 17:26:07', '2022-09-21 17:26:07', 50, NULL, 13, 1),
(326, 0, NULL, 'Not Evaluated', 1, '2022-09-21 17:26:07', '2022-09-21 17:26:07', 51, NULL, 13, 1),
(327, 0, NULL, 'Not Evaluated', 1, '2022-09-21 17:26:07', '2022-09-21 17:26:07', 52, NULL, 13, 1),
(328, 0, NULL, 'Not Evaluated', 1, '2022-09-21 17:26:07', '2022-09-21 17:26:07', 53, NULL, 13, 1),
(329, 0, NULL, 'Not Evaluated', 1, '2022-09-21 17:26:07', '2022-09-21 17:26:07', 54, NULL, 13, 1),
(330, 0, NULL, 'Not Evaluated', 1, '2022-09-21 17:26:07', '2022-09-21 17:26:07', 55, NULL, 13, 1),
(335, 0, NULL, 'Not Evaluated', 1, '2022-09-22 09:23:37', '2022-09-22 09:23:37', 58, NULL, 7, 1),
(336, 0, NULL, 'Not Evaluated', 1, '2022-09-22 09:23:37', '2022-09-22 09:23:37', 58, NULL, 9, 1),
(338, 0, NULL, 'Not Evaluated', 1, '2022-09-22 09:23:37', '2022-09-22 09:23:37', 58, NULL, 12, 1),
(339, 0, NULL, 'Not Evaluated', 1, '2022-09-22 09:23:37', '2022-09-22 09:23:37', 58, NULL, 13, 1),
(344, 0, NULL, 'Not Evaluated', 1, '2022-09-22 11:08:45', '2022-09-22 11:08:45', 59, NULL, 7, 1),
(345, 0, NULL, 'Not Evaluated', 1, '2022-09-22 11:08:45', '2022-09-22 11:08:45', 59, NULL, 9, 1),
(347, 0, NULL, 'Not Evaluated', 1, '2022-09-22 11:08:45', '2022-09-22 11:08:45', 59, NULL, 12, 1),
(348, 0, NULL, 'Not Evaluated', 1, '2022-09-22 11:08:45', '2022-09-22 11:08:45', 59, NULL, 13, 1),
(349, 0, NULL, 'Not Evaluated', 1, '2022-09-22 13:18:00', '2022-09-22 13:18:00', 1, NULL, 14, 1),
(350, 0, NULL, 'Not Evaluated', 1, '2022-09-22 13:18:00', '2022-09-22 13:18:00', 2, NULL, 14, 1),
(351, 0, NULL, 'Not Evaluated', 1, '2022-09-22 13:18:00', '2022-09-22 13:18:00', 3, NULL, 14, 1),
(352, 0, NULL, 'Not Evaluated', 1, '2022-09-22 13:18:00', '2022-09-22 13:18:00', 4, NULL, 14, 1),
(353, 0, NULL, 'Not Evaluated', 1, '2022-09-22 13:18:00', '2022-09-22 13:18:00', 5, NULL, 14, 1),
(354, 0, NULL, 'Not Evaluated', 1, '2022-09-22 13:18:00', '2022-09-22 13:18:00', 6, NULL, 14, 1),
(355, 0, NULL, 'Not Evaluated', 1, '2022-09-22 13:18:00', '2022-09-22 13:18:00', 7, NULL, 14, 1),
(356, 0, NULL, 'Not Evaluated', 1, '2022-09-22 13:18:00', '2022-09-22 13:18:00', 8, NULL, 14, 1),
(357, 0, NULL, 'Not Evaluated', 1, '2022-09-22 13:18:00', '2022-09-22 13:18:00', 9, NULL, 14, 1),
(358, 0, NULL, 'Not Evaluated', 1, '2022-09-22 13:18:00', '2022-09-22 13:18:00', 10, NULL, 14, 1),
(359, 0, NULL, 'Not Evaluated', 1, '2022-09-22 13:18:00', '2022-09-22 13:18:00', 11, NULL, 14, 1),
(360, 0, NULL, 'Not Evaluated', 1, '2022-09-22 13:18:00', '2022-09-22 13:18:00', 12, NULL, 14, 1),
(361, 0, NULL, 'Not Evaluated', 1, '2022-09-22 13:18:00', '2022-09-22 13:18:00', 13, NULL, 14, 1),
(362, 0, NULL, 'Not Evaluated', 1, '2022-09-22 13:18:00', '2022-09-22 13:18:00', 14, NULL, 14, 1),
(363, 0, NULL, 'Not Evaluated', 1, '2022-09-22 13:18:00', '2022-09-22 13:18:00', 15, NULL, 14, 1),
(364, 0, NULL, 'Not Evaluated', 1, '2022-09-22 13:18:00', '2022-09-22 13:18:00', 16, NULL, 14, 1),
(365, 0, NULL, 'Not Evaluated', 1, '2022-09-22 13:18:00', '2022-09-22 13:18:00', 17, NULL, 14, 1),
(366, 0, NULL, 'Not Evaluated', 1, '2022-09-22 13:18:00', '2022-09-22 13:18:00', 18, NULL, 14, 1),
(367, 0, NULL, 'Not Evaluated', 1, '2022-09-22 13:18:00', '2022-09-22 13:18:00', 19, NULL, 14, 1),
(368, 0, NULL, 'Not Evaluated', 1, '2022-09-22 13:18:00', '2022-09-22 13:18:00', 20, NULL, 14, 1),
(369, 0, NULL, 'Not Evaluated', 1, '2022-09-22 13:18:00', '2022-09-22 13:18:00', 21, NULL, 14, 1),
(370, 0, NULL, 'Not Evaluated', 1, '2022-09-22 13:18:00', '2022-09-22 13:18:00', 22, NULL, 14, 1),
(371, 0, NULL, 'Not Evaluated', 1, '2022-09-22 13:18:00', '2022-09-22 13:18:00', 23, NULL, 14, 1),
(372, 0, NULL, 'Not Evaluated', 1, '2022-09-22 13:18:00', '2022-09-22 13:18:00', 24, NULL, 14, 1),
(373, 0, NULL, 'Not Evaluated', 1, '2022-09-22 13:18:00', '2022-09-22 13:18:00', 25, NULL, 14, 1),
(374, 0, NULL, 'Not Evaluated', 1, '2022-09-22 13:18:00', '2022-09-22 13:18:00', 26, NULL, 14, 1),
(375, 0, NULL, 'Not Evaluated', 1, '2022-09-22 13:18:00', '2022-09-22 13:18:00', 27, NULL, 14, 1),
(376, 0, NULL, 'Not Evaluated', 1, '2022-09-22 13:18:00', '2022-09-22 13:18:00', 28, NULL, 14, 1),
(377, 0, NULL, 'Not Evaluated', 1, '2022-09-22 13:18:00', '2022-09-22 13:18:00', 29, NULL, 14, 1),
(378, 0, NULL, 'Not Evaluated', 1, '2022-09-22 13:18:00', '2022-09-22 13:18:00', 30, NULL, 14, 1),
(379, 0, NULL, 'Not Evaluated', 1, '2022-09-22 13:18:00', '2022-09-22 13:18:00', 31, NULL, 14, 1),
(380, 0, NULL, 'Not Evaluated', 1, '2022-09-22 13:18:00', '2022-09-22 13:18:00', 32, NULL, 14, 1),
(381, 0, NULL, 'Not Evaluated', 1, '2022-09-22 13:18:00', '2022-09-22 13:18:00', 33, NULL, 14, 1),
(382, 0, NULL, 'Not Evaluated', 1, '2022-09-22 13:18:00', '2022-09-22 13:18:00', 34, NULL, 14, 1),
(383, 0, NULL, 'Not Evaluated', 1, '2022-09-22 13:18:00', '2022-09-22 13:18:00', 35, NULL, 14, 1),
(384, 0, NULL, 'Not Evaluated', 1, '2022-09-22 13:18:00', '2022-09-22 13:18:00', 36, NULL, 14, 1),
(385, 0, NULL, 'Not Evaluated', 1, '2022-09-22 13:18:00', '2022-09-22 13:18:00', 37, NULL, 14, 1),
(386, 0, NULL, 'Not Evaluated', 1, '2022-09-22 13:18:00', '2022-09-22 13:18:00', 38, NULL, 14, 1),
(387, 0, NULL, 'Not Evaluated', 1, '2022-09-22 13:18:00', '2022-09-22 13:18:00', 39, NULL, 14, 1),
(388, 0, NULL, 'Not Evaluated', 1, '2022-09-22 13:18:00', '2022-09-22 13:18:00', 40, NULL, 14, 1),
(389, 0, NULL, 'Not Evaluated', 1, '2022-09-22 13:18:00', '2022-09-22 13:18:00', 41, NULL, 14, 1),
(390, 0, NULL, 'Not Evaluated', 1, '2022-09-22 13:18:00', '2022-09-22 13:18:00', 42, NULL, 14, 1),
(391, 0, NULL, 'Not Evaluated', 1, '2022-09-22 13:18:00', '2022-09-22 13:18:00', 43, NULL, 14, 1),
(392, 0, NULL, 'Not Evaluated', 1, '2022-09-22 13:18:00', '2022-09-22 13:18:00', 44, NULL, 14, 1),
(393, 0, NULL, 'Not Evaluated', 1, '2022-09-22 13:18:00', '2022-09-22 13:18:00', 45, NULL, 14, 1),
(394, 0, NULL, 'Not Evaluated', 1, '2022-09-22 13:18:00', '2022-09-22 13:18:00', 46, NULL, 14, 1),
(395, 0, NULL, 'Not Evaluated', 1, '2022-09-22 13:18:00', '2022-09-22 13:18:00', 47, NULL, 14, 1),
(396, 0, NULL, 'Not Evaluated', 1, '2022-09-22 13:18:00', '2022-09-22 13:18:00', 48, NULL, 14, 1),
(397, 0, NULL, 'Not Evaluated', 1, '2022-09-22 13:18:00', '2022-09-22 13:18:00', 49, NULL, 14, 1),
(398, 0, NULL, 'Not Evaluated', 1, '2022-09-22 13:18:00', '2022-09-22 13:18:00', 50, NULL, 14, 1),
(399, 0, NULL, 'Not Evaluated', 1, '2022-09-22 13:18:00', '2022-09-22 13:18:00', 51, NULL, 14, 1),
(400, 0, NULL, 'Not Evaluated', 1, '2022-09-22 13:18:00', '2022-09-22 13:18:00', 52, NULL, 14, 1),
(401, 0, NULL, 'Not Evaluated', 1, '2022-09-22 13:18:00', '2022-09-22 13:18:00', 53, NULL, 14, 1),
(402, 0, NULL, 'Not Evaluated', 1, '2022-09-22 13:18:00', '2022-09-22 13:18:00', 54, NULL, 14, 1),
(403, 0, NULL, 'Not Evaluated', 1, '2022-09-22 13:18:00', '2022-09-22 13:18:00', 55, NULL, 14, 1),
(404, 0, NULL, 'Not Evaluated', 1, '2022-09-22 13:18:00', '2022-09-22 13:18:00', 56, NULL, 14, 1),
(405, 0, NULL, 'Not Evaluated', 1, '2022-09-22 13:18:00', '2022-09-22 13:18:00', 57, NULL, 14, 1),
(406, 0, NULL, 'Not Evaluated', 1, '2022-09-22 13:18:00', '2022-09-22 13:18:00', 58, NULL, 14, 1),
(407, 0, NULL, 'Not Evaluated', 1, '2022-09-22 13:18:00', '2022-09-22 13:18:00', 59, NULL, 14, 1),
(408, 0, NULL, 'Not Evaluated', 1, '2022-09-22 13:19:43', '2022-09-22 13:19:43', 1, NULL, 15, 1),
(409, 0, NULL, 'Not Evaluated', 1, '2022-09-22 13:19:43', '2022-09-22 13:19:43', 2, NULL, 15, 1),
(410, 0, NULL, 'Not Evaluated', 1, '2022-09-22 13:19:43', '2022-09-22 13:19:43', 3, NULL, 15, 1),
(411, 0, NULL, 'Not Evaluated', 1, '2022-09-22 13:19:43', '2022-09-22 13:19:43', 4, NULL, 15, 1),
(412, 0, NULL, 'Not Evaluated', 1, '2022-09-22 13:19:43', '2022-11-14 14:14:34', 5, 15, 15, 0),
(413, 0, NULL, 'Not Evaluated', 1, '2022-09-22 13:19:43', '2022-11-14 14:14:34', 6, 15, 15, 0),
(414, 0, NULL, 'Not Evaluated', 1, '2022-09-22 13:19:43', '2022-11-14 14:14:34', 7, 15, 15, 0),
(415, 0, NULL, 'Not Evaluated', 1, '2022-09-22 13:19:43', '2022-11-14 14:14:48', 8, 15, 15, 0),
(416, 0, NULL, 'Not Evaluated', 1, '2022-09-22 13:19:43', '2022-09-22 13:19:43', 9, NULL, 15, 1),
(417, 0, NULL, 'Not Evaluated', 1, '2022-09-22 13:19:43', '2022-09-22 13:19:43', 10, NULL, 15, 1),
(418, 2, 'Formation', 'Valid', 1, '2022-09-22 13:19:43', '2022-09-22 13:27:13', 11, NULL, 15, 1),
(419, 0, NULL, 'Not Evaluated', 1, '2022-09-22 13:19:43', '2022-09-22 13:19:43', 12, NULL, 15, 1),
(420, 0, NULL, 'Not Evaluated', 1, '2022-09-22 13:19:43', '2022-09-22 13:19:43', 13, NULL, 15, 1),
(421, 0, NULL, 'Not Evaluated', 1, '2022-09-22 13:19:43', '2022-09-22 13:19:43', 14, NULL, 15, 1),
(422, 0, NULL, 'Not Evaluated', 1, '2022-09-22 13:19:43', '2022-09-22 13:19:43', 15, NULL, 15, 1),
(423, 0, NULL, 'Not Evaluated', 1, '2022-09-22 13:19:43', '2022-09-22 13:19:43', 16, NULL, 15, 1),
(424, 0, NULL, 'Not Evaluated', 1, '2022-09-22 13:19:43', '2022-09-22 13:19:43', 17, NULL, 15, 1),
(425, 0, NULL, 'Not Evaluated', 1, '2022-09-22 13:19:43', '2022-09-22 13:19:43', 18, NULL, 15, 1),
(426, 0, NULL, 'Not Evaluated', 1, '2022-09-22 13:19:43', '2022-09-22 13:19:43', 19, NULL, 15, 1),
(427, 0, NULL, 'Not Evaluated', 1, '2022-09-22 13:19:43', '2022-09-22 13:19:43', 20, NULL, 15, 1),
(428, 0, NULL, 'Not Evaluated', 1, '2022-09-22 13:19:43', '2022-09-22 13:19:43', 21, NULL, 15, 1),
(429, 0, NULL, 'Not Evaluated', 1, '2022-09-22 13:19:43', '2022-09-22 13:19:43', 22, NULL, 15, 1),
(430, 0, NULL, 'Not Evaluated', 1, '2022-09-22 13:19:43', '2022-09-22 13:19:43', 23, NULL, 15, 1),
(431, 0, NULL, 'Not Evaluated', 1, '2022-09-22 13:19:43', '2022-09-22 13:19:43', 24, NULL, 15, 1),
(432, 0, NULL, 'Not Evaluated', 1, '2022-09-22 13:19:43', '2022-09-22 13:19:43', 25, NULL, 15, 1),
(433, 0, NULL, 'Not Evaluated', 1, '2022-09-22 13:19:43', '2022-09-22 13:19:43', 26, NULL, 15, 1),
(434, 0, NULL, 'Not Evaluated', 1, '2022-09-22 13:19:43', '2022-09-22 13:19:43', 27, NULL, 15, 1),
(435, 0, NULL, 'Not Evaluated', 1, '2022-09-22 13:19:43', '2022-09-22 13:19:43', 28, NULL, 15, 1),
(436, 0, NULL, 'Not Evaluated', 1, '2022-09-22 13:19:43', '2022-09-22 13:19:43', 29, NULL, 15, 1),
(437, 0, NULL, 'Not Evaluated', 1, '2022-09-22 13:19:43', '2022-09-22 13:19:43', 30, NULL, 15, 1),
(438, 0, NULL, 'Not Evaluated', 1, '2022-09-22 13:19:43', '2022-09-22 13:19:43', 31, NULL, 15, 1),
(439, 0, NULL, 'Not Evaluated', 1, '2022-09-22 13:19:43', '2022-09-22 13:19:43', 32, NULL, 15, 1),
(440, 0, NULL, 'Not Evaluated', 1, '2022-09-22 13:19:43', '2022-09-22 13:19:43', 33, NULL, 15, 1),
(441, 0, NULL, 'Not Evaluated', 1, '2022-09-22 13:19:43', '2022-09-22 13:19:43', 34, NULL, 15, 1),
(442, 0, NULL, 'Not Evaluated', 1, '2022-09-22 13:19:43', '2022-09-22 13:19:43', 35, NULL, 15, 1),
(443, 0, NULL, 'Not Evaluated', 1, '2022-09-22 13:19:43', '2022-09-22 13:19:43', 36, NULL, 15, 1),
(444, 0, NULL, 'Not Evaluated', 1, '2022-09-22 13:19:43', '2022-09-22 13:19:43', 37, NULL, 15, 1),
(445, 0, NULL, 'Not Evaluated', 1, '2022-09-22 13:19:43', '2022-09-22 13:19:43', 38, NULL, 15, 1),
(446, 0, NULL, 'Not Evaluated', 1, '2022-09-22 13:19:43', '2022-09-22 13:19:43', 39, NULL, 15, 1),
(447, 0, NULL, 'Not Evaluated', 1, '2022-09-22 13:19:43', '2022-09-22 13:19:43', 40, NULL, 15, 1),
(448, 0, NULL, 'Not Evaluated', 1, '2022-09-22 13:19:43', '2022-09-22 13:19:43', 41, NULL, 15, 1),
(449, 0, NULL, 'Not Evaluated', 1, '2022-09-22 13:19:43', '2022-09-22 13:19:43', 42, NULL, 15, 1),
(450, 0, NULL, 'Not Evaluated', 1, '2022-09-22 13:19:43', '2022-09-22 13:19:43', 43, NULL, 15, 1),
(451, 0, NULL, 'Not Evaluated', 1, '2022-09-22 13:19:43', '2022-09-22 13:19:43', 44, NULL, 15, 1),
(452, 0, NULL, 'Not Evaluated', 1, '2022-09-22 13:19:43', '2022-09-22 13:19:43', 45, NULL, 15, 1),
(453, 0, NULL, 'Not Evaluated', 1, '2022-09-22 13:19:43', '2022-09-22 13:19:43', 46, NULL, 15, 1),
(454, 0, NULL, 'Not Evaluated', 1, '2022-09-22 13:19:43', '2022-09-22 13:19:43', 47, NULL, 15, 1),
(455, 0, NULL, 'Not Evaluated', 1, '2022-09-22 13:19:43', '2022-09-22 13:19:43', 48, NULL, 15, 1),
(456, 0, NULL, 'Not Evaluated', 1, '2022-09-22 13:19:43', '2022-09-22 13:19:43', 49, NULL, 15, 1),
(457, 0, NULL, 'Not Evaluated', 1, '2022-09-22 13:19:43', '2022-09-22 13:19:43', 50, NULL, 15, 1),
(458, 0, NULL, 'Not Evaluated', 1, '2022-09-22 13:19:43', '2022-09-22 13:19:43', 51, NULL, 15, 1),
(459, 0, NULL, 'Not Evaluated', 1, '2022-09-22 13:19:43', '2022-09-22 13:19:43', 52, NULL, 15, 1),
(460, 0, NULL, 'Not Evaluated', 1, '2022-09-22 13:19:43', '2022-09-22 13:19:43', 53, NULL, 15, 1),
(461, 0, NULL, 'Not Evaluated', 1, '2022-09-22 13:19:43', '2022-09-22 13:19:43', 54, NULL, 15, 1),
(462, 0, NULL, 'Not Evaluated', 1, '2022-09-22 13:19:43', '2022-09-22 13:19:43', 55, NULL, 15, 1),
(463, 0, NULL, 'Not Evaluated', 1, '2022-09-22 13:19:43', '2022-09-22 13:19:43', 56, NULL, 15, 1),
(464, 0, NULL, 'Not Evaluated', 1, '2022-09-22 13:19:43', '2022-09-22 13:19:43', 57, NULL, 15, 1),
(465, 0, NULL, 'Not Evaluated', 1, '2022-09-22 13:19:43', '2022-09-22 13:19:43', 58, NULL, 15, 1),
(466, 0, NULL, 'Not Evaluated', 1, '2022-09-22 13:19:43', '2022-09-22 13:19:43', 59, NULL, 15, 1),
(467, 0, NULL, 'Not Evaluated', 1, '2022-09-22 13:19:43', '2022-09-22 13:19:43', 1, NULL, 16, 1),
(468, 0, NULL, 'Not Evaluated', 1, '2022-09-22 13:19:43', '2022-09-22 13:19:43', 2, NULL, 16, 1),
(469, 0, NULL, 'Not Evaluated', 1, '2022-09-22 13:19:43', '2022-09-22 13:19:43', 3, NULL, 16, 1),
(470, 0, NULL, 'Not Evaluated', 1, '2022-09-22 13:19:43', '2022-09-22 13:19:43', 4, NULL, 16, 1),
(471, 0, NULL, 'Not Evaluated', 1, '2022-09-22 13:19:43', '2022-09-22 13:19:43', 5, NULL, 16, 1),
(472, 0, NULL, 'Not Evaluated', 1, '2022-09-22 13:19:43', '2022-09-22 13:19:43', 6, NULL, 16, 1),
(473, 0, NULL, 'Not Evaluated', 1, '2022-09-22 13:19:43', '2022-09-22 13:19:43', 7, NULL, 16, 1),
(474, 0, NULL, 'Not Evaluated', 1, '2022-09-22 13:19:43', '2022-09-22 13:19:43', 8, NULL, 16, 1),
(475, 0, NULL, 'Not Evaluated', 1, '2022-09-22 13:19:43', '2022-09-22 13:19:43', 9, NULL, 16, 1),
(476, 0, NULL, 'Not Evaluated', 1, '2022-09-22 13:19:43', '2022-09-22 13:19:43', 10, NULL, 16, 1),
(477, 0, NULL, 'Not Evaluated', 1, '2022-09-22 13:19:43', '2022-09-22 13:19:43', 11, NULL, 16, 1),
(478, 0, NULL, 'Not Evaluated', 1, '2022-09-22 13:19:43', '2022-09-22 13:19:43', 12, NULL, 16, 1),
(479, 0, NULL, 'Not Evaluated', 1, '2022-09-22 13:19:43', '2022-09-22 13:19:43', 13, NULL, 16, 1),
(480, 0, NULL, 'Not Evaluated', 1, '2022-09-22 13:19:43', '2022-09-22 13:19:43', 14, NULL, 16, 1),
(481, 0, NULL, 'Not Evaluated', 1, '2022-09-22 13:19:43', '2022-09-22 13:19:43', 15, NULL, 16, 1),
(482, 0, NULL, 'Not Evaluated', 1, '2022-09-22 13:19:43', '2022-09-22 13:19:43', 16, NULL, 16, 1),
(483, 0, NULL, 'Not Evaluated', 1, '2022-09-22 13:19:43', '2022-09-22 13:19:43', 17, NULL, 16, 1),
(484, 0, NULL, 'Not Evaluated', 1, '2022-09-22 13:19:43', '2022-09-22 13:19:43', 18, NULL, 16, 1),
(485, 0, NULL, 'Not Evaluated', 1, '2022-09-22 13:19:43', '2022-09-22 13:19:43', 19, NULL, 16, 1),
(486, 0, NULL, 'Not Evaluated', 1, '2022-09-22 13:19:43', '2022-09-22 13:19:43', 20, NULL, 16, 1),
(487, 0, NULL, 'Not Evaluated', 1, '2022-09-22 13:19:43', '2022-09-22 13:19:43', 21, NULL, 16, 1),
(488, 0, NULL, 'Not Evaluated', 1, '2022-09-22 13:19:43', '2022-09-22 13:19:43', 22, NULL, 16, 1),
(489, 0, NULL, 'Not Evaluated', 1, '2022-09-22 13:19:43', '2022-09-22 13:19:43', 23, NULL, 16, 1),
(490, 0, NULL, 'Not Evaluated', 1, '2022-09-22 13:19:43', '2022-09-22 13:19:43', 24, NULL, 16, 1),
(491, 0, NULL, 'Not Evaluated', 1, '2022-09-22 13:19:43', '2022-09-22 13:19:43', 25, NULL, 16, 1),
(492, 0, NULL, 'Not Evaluated', 1, '2022-09-22 13:19:43', '2022-09-22 13:19:43', 26, NULL, 16, 1),
(493, 0, NULL, 'Not Evaluated', 1, '2022-09-22 13:19:43', '2022-09-22 13:19:43', 27, NULL, 16, 1),
(494, 0, NULL, 'Not Evaluated', 1, '2022-09-22 13:19:43', '2022-09-22 13:19:43', 28, NULL, 16, 1),
(495, 0, NULL, 'Not Evaluated', 1, '2022-09-22 13:19:43', '2022-09-22 13:19:43', 29, NULL, 16, 1),
(496, 0, NULL, 'Not Evaluated', 1, '2022-09-22 13:19:43', '2022-09-22 13:19:43', 30, NULL, 16, 1),
(497, 0, NULL, 'Not Evaluated', 1, '2022-09-22 13:19:43', '2022-09-22 13:19:43', 31, NULL, 16, 1),
(498, 0, NULL, 'Not Evaluated', 1, '2022-09-22 13:19:43', '2022-09-22 13:19:43', 32, NULL, 16, 1),
(499, 0, NULL, 'Not Evaluated', 1, '2022-09-22 13:19:43', '2022-09-22 13:19:43', 33, NULL, 16, 1),
(500, 0, NULL, 'Not Evaluated', 1, '2022-09-22 13:19:43', '2022-09-22 13:19:43', 34, NULL, 16, 1),
(501, 0, NULL, 'Not Evaluated', 1, '2022-09-22 13:19:43', '2022-09-22 13:19:43', 35, NULL, 16, 1),
(502, 0, NULL, 'Not Evaluated', 1, '2022-09-22 13:19:43', '2022-09-22 13:19:43', 36, NULL, 16, 1),
(503, 0, NULL, 'Not Evaluated', 1, '2022-09-22 13:19:43', '2022-09-22 13:19:43', 37, NULL, 16, 1),
(504, 0, NULL, 'Not Evaluated', 1, '2022-09-22 13:19:43', '2022-09-22 13:19:43', 38, NULL, 16, 1),
(505, 0, NULL, 'Not Evaluated', 1, '2022-09-22 13:19:43', '2022-09-22 13:19:43', 39, NULL, 16, 1),
(506, 0, NULL, 'Not Evaluated', 1, '2022-09-22 13:19:43', '2022-09-22 13:19:43', 40, NULL, 16, 1),
(507, 0, NULL, 'Not Evaluated', 1, '2022-09-22 13:19:43', '2022-09-22 13:19:43', 41, NULL, 16, 1),
(508, 0, NULL, 'Not Evaluated', 1, '2022-09-22 13:19:43', '2022-09-22 13:19:43', 42, NULL, 16, 1),
(509, 0, NULL, 'Not Evaluated', 1, '2022-09-22 13:19:43', '2022-09-22 13:19:43', 43, NULL, 16, 1),
(510, 0, NULL, 'Not Evaluated', 1, '2022-09-22 13:19:43', '2022-09-22 13:19:43', 44, NULL, 16, 1),
(511, 0, NULL, 'Not Evaluated', 1, '2022-09-22 13:19:43', '2022-09-22 13:19:43', 45, NULL, 16, 1),
(512, 0, NULL, 'Not Evaluated', 1, '2022-09-22 13:19:43', '2022-09-22 13:19:43', 46, NULL, 16, 1),
(513, 0, NULL, 'Not Evaluated', 1, '2022-09-22 13:19:43', '2022-09-22 13:19:43', 47, NULL, 16, 1),
(514, 0, NULL, 'Not Evaluated', 1, '2022-09-22 13:19:43', '2022-09-22 13:19:43', 48, NULL, 16, 1),
(515, 0, NULL, 'Not Evaluated', 1, '2022-09-22 13:19:43', '2022-09-22 13:19:43', 49, NULL, 16, 1),
(516, 0, NULL, 'Not Evaluated', 1, '2022-09-22 13:19:43', '2022-09-22 13:19:43', 50, NULL, 16, 1),
(517, 0, NULL, 'Not Evaluated', 1, '2022-09-22 13:19:43', '2022-09-22 13:19:43', 51, NULL, 16, 1),
(518, 0, NULL, 'Not Evaluated', 1, '2022-09-22 13:19:43', '2022-09-22 13:19:43', 52, NULL, 16, 1),
(519, 0, NULL, 'Not Evaluated', 1, '2022-09-22 13:19:43', '2022-09-22 13:19:43', 53, NULL, 16, 1),
(520, 0, NULL, 'Not Evaluated', 1, '2022-09-22 13:19:43', '2022-09-22 13:19:43', 54, NULL, 16, 1),
(521, 0, NULL, 'Not Evaluated', 1, '2022-09-22 13:19:43', '2022-09-22 13:19:43', 55, NULL, 16, 1),
(522, 0, NULL, 'Not Evaluated', 1, '2022-09-22 13:19:43', '2022-09-22 13:19:43', 56, NULL, 16, 1),
(523, 0, NULL, 'Not Evaluated', 1, '2022-09-22 13:19:43', '2022-09-22 13:19:43', 57, NULL, 16, 1),
(524, 0, NULL, 'Not Evaluated', 1, '2022-09-22 13:19:43', '2022-09-22 13:19:43', 58, NULL, 16, 1),
(525, 0, NULL, 'Not Evaluated', 1, '2022-09-22 13:19:43', '2022-09-22 13:19:43', 59, NULL, 16, 1),
(530, 0, NULL, 'Not Evaluated', 1, '2022-09-22 13:21:51', '2022-12-02 16:09:54', 60, 7, 7, 1),
(531, 0, NULL, 'Not Evaluated', 1, '2022-09-22 13:21:51', '2022-11-18 10:16:13', 60, 9, 9, 0),
(533, 0, NULL, 'Not Evaluated', 1, '2022-09-22 13:21:51', '2022-09-22 13:21:51', 60, NULL, 12, 1),
(534, 0, NULL, 'Not Evaluated', 1, '2022-09-22 13:21:51', '2022-09-22 13:21:51', 60, NULL, 13, 1),
(535, 0, NULL, 'Not Evaluated', 1, '2022-09-22 13:21:51', '2022-09-22 13:21:51', 60, NULL, 14, 1),
(536, 0, NULL, 'Not Evaluated', 1, '2022-09-22 13:21:51', '2022-09-22 13:21:51', 60, NULL, 15, 1),
(537, 0, NULL, 'Not Evaluated', 1, '2022-09-22 13:21:51', '2022-09-22 13:21:51', 60, NULL, 16, 1),
(542, 0, NULL, 'Not Evaluated', 1, '2022-09-22 16:51:37', '2022-12-02 16:09:54', 65, 7, 7, 1),
(543, 0, NULL, 'Not Evaluated', 1, '2022-09-22 16:51:37', '2022-11-18 10:18:59', 65, 9, 9, 0),
(545, 0, NULL, 'Not Evaluated', 1, '2022-09-22 16:51:37', '2022-09-22 16:51:37', 65, NULL, 12, 1),
(546, 0, NULL, 'Not Evaluated', 1, '2022-09-22 16:51:37', '2022-09-22 16:51:37', 65, NULL, 13, 1),
(547, 0, NULL, 'Not Evaluated', 1, '2022-09-22 16:51:37', '2022-09-22 16:51:37', 65, NULL, 15, 1),
(548, 0, NULL, 'Not Evaluated', 1, '2022-09-22 16:51:37', '2022-09-22 16:51:37', 65, NULL, 16, 1),
(553, 0, NULL, 'Not Evaluated', 1, '2022-09-22 17:41:42', '2022-12-02 16:09:54', 66, 7, 7, 1),
(554, 0, NULL, 'Not Evaluated', 1, '2022-09-22 17:41:42', '2022-11-18 10:21:39', 66, 9, 9, 0),
(556, 0, NULL, 'Not Evaluated', 1, '2022-09-22 17:41:42', '2022-09-22 17:41:42', 66, NULL, 12, 1),
(557, 0, NULL, 'Not Evaluated', 1, '2022-09-22 17:41:42', '2022-09-22 17:41:42', 66, NULL, 13, 1),
(558, 0, NULL, 'Not Evaluated', 1, '2022-09-22 17:41:42', '2022-09-22 17:41:42', 66, NULL, 15, 1),
(559, 0, NULL, 'Not Evaluated', 1, '2022-09-22 17:41:42', '2022-09-22 17:41:42', 66, NULL, 16, 1),
(564, 0, NULL, 'Not Evaluated', 1, '2022-09-22 17:41:42', '2022-12-02 16:09:54', 67, 7, 7, 1),
(565, 0, NULL, 'Not Evaluated', 1, '2022-09-22 17:41:42', '2022-11-18 10:29:01', 67, 9, 9, 1),
(567, 0, NULL, 'Not Evaluated', 1, '2022-09-22 17:41:42', '2022-09-22 17:41:42', 67, NULL, 12, 1),
(568, 0, NULL, 'Not Evaluated', 1, '2022-09-22 17:41:42', '2022-09-22 17:41:42', 67, NULL, 13, 1),
(569, 0, NULL, 'Not Evaluated', 1, '2022-09-22 17:41:42', '2022-09-22 17:41:42', 67, NULL, 15, 1),
(570, 0, NULL, 'Not Evaluated', 1, '2022-09-22 17:41:42', '2022-09-22 17:41:42', 67, NULL, 16, 1),
(575, 0, NULL, 'Not Evaluated', 1, '2022-09-22 17:44:40', '2022-09-22 17:44:40', 68, NULL, 7, 1),
(576, 0, NULL, 'Not Evaluated', 1, '2022-09-22 17:44:40', '2022-09-22 17:44:40', 68, NULL, 9, 1),
(578, 0, NULL, 'Not Evaluated', 1, '2022-09-22 17:44:40', '2022-09-22 17:44:40', 68, NULL, 12, 1),
(579, 0, NULL, 'Not Evaluated', 1, '2022-09-22 17:44:40', '2022-09-22 17:44:40', 68, NULL, 13, 1),
(580, 0, NULL, 'Not Evaluated', 1, '2022-09-22 17:44:40', '2022-09-22 17:44:40', 68, NULL, 15, 1),
(581, 0, NULL, 'Not Evaluated', 1, '2022-09-22 17:44:40', '2022-09-22 17:44:40', 68, NULL, 16, 1),
(582, 0, NULL, 'Not Evaluated', 1, '2022-09-23 11:49:01', '2022-09-23 11:49:01', 1, NULL, 17, 1),
(583, 0, NULL, 'Not Evaluated', 1, '2022-09-23 11:49:01', '2022-09-23 11:49:01', 2, NULL, 17, 1),
(584, 0, NULL, 'Not Evaluated', 1, '2022-09-23 11:49:01', '2022-11-09 11:24:31', 3, 17, 17, 0),
(585, 0, NULL, 'Not Evaluated', 1, '2022-09-23 11:49:01', '2022-11-09 11:24:36', 4, 17, 17, 1),
(586, 0, NULL, 'Not Evaluated', 1, '2022-09-23 11:49:01', '2022-11-09 11:24:36', 5, 17, 17, 1),
(587, 0, NULL, 'Not Evaluated', 1, '2022-09-23 11:49:01', '2022-09-23 11:49:01', 6, NULL, 17, 1),
(588, 0, NULL, 'Not Evaluated', 1, '2022-09-23 11:49:01', '2022-11-09 11:24:36', 7, 17, 17, 1),
(589, 0, NULL, 'Not Evaluated', 1, '2022-09-23 11:49:01', '2022-11-09 11:24:36', 8, 17, 17, 1),
(590, 0, NULL, 'Not Evaluated', 1, '2022-09-23 11:49:01', '2022-09-23 11:49:01', 9, NULL, 17, 1),
(591, 0, NULL, 'Not Evaluated', 1, '2022-09-23 11:49:01', '2022-09-23 11:49:01', 10, NULL, 17, 1),
(592, 0, NULL, 'Not Evaluated', 1, '2022-09-23 11:49:01', '2022-11-09 11:24:31', 11, 17, 17, 0),
(593, 0, NULL, 'Not Evaluated', 1, '2022-09-23 11:49:01', '2022-09-23 11:49:01', 12, NULL, 17, 1),
(594, 0, NULL, 'Not Evaluated', 1, '2022-09-23 11:49:01', '2022-09-23 11:49:01', 13, NULL, 17, 1),
(595, 0, NULL, 'Not Evaluated', 1, '2022-09-23 11:49:01', '2022-09-23 11:49:01', 14, NULL, 17, 1),
(596, 0, NULL, 'Not Evaluated', 1, '2022-09-23 11:49:01', '2022-09-23 11:49:01', 15, NULL, 17, 1),
(597, 0, NULL, 'Not Evaluated', 1, '2022-09-23 11:49:01', '2022-09-23 11:49:01', 16, NULL, 17, 1),
(598, 0, NULL, 'Not Evaluated', 1, '2022-09-23 11:49:01', '2022-09-23 11:49:01', 17, NULL, 17, 1),
(599, 0, NULL, 'Not Evaluated', 1, '2022-09-23 11:49:01', '2022-09-23 11:49:01', 18, NULL, 17, 1),
(600, 0, NULL, 'Not Evaluated', 1, '2022-09-23 11:49:01', '2022-09-23 11:49:01', 19, NULL, 17, 1),
(601, 0, NULL, 'Not Evaluated', 1, '2022-09-23 11:49:01', '2022-09-23 11:49:01', 20, NULL, 17, 1),
(602, 0, NULL, 'Not Evaluated', 1, '2022-09-23 11:49:01', '2022-09-23 11:49:01', 21, NULL, 17, 1),
(603, 0, NULL, 'Not Evaluated', 1, '2022-09-23 11:49:01', '2022-09-23 11:49:01', 22, NULL, 17, 1),
(604, 0, NULL, 'Not Evaluated', 1, '2022-09-23 11:49:01', '2022-09-23 11:49:01', 23, NULL, 17, 1),
(605, 0, NULL, 'Not Evaluated', 1, '2022-09-23 11:49:01', '2022-09-23 11:49:01', 24, NULL, 17, 1),
(606, 0, NULL, 'Not Evaluated', 1, '2022-09-23 11:49:01', '2022-09-23 11:49:01', 25, NULL, 17, 1),
(607, 0, NULL, 'Not Evaluated', 1, '2022-09-23 11:49:01', '2022-09-23 11:49:01', 26, NULL, 17, 1),
(608, 0, NULL, 'Not Evaluated', 1, '2022-09-23 11:49:01', '2022-09-23 11:49:01', 27, NULL, 17, 1),
(609, 0, NULL, 'Not Evaluated', 1, '2022-09-23 11:49:01', '2022-09-23 11:49:01', 28, NULL, 17, 1),
(610, 0, NULL, 'Not Evaluated', 1, '2022-09-23 11:49:01', '2022-09-23 11:49:01', 29, NULL, 17, 1),
(611, 0, NULL, 'Not Evaluated', 1, '2022-09-23 11:49:01', '2022-09-23 11:49:01', 30, NULL, 17, 1),
(612, 0, NULL, 'Not Evaluated', 1, '2022-09-23 11:49:01', '2022-09-23 11:49:01', 31, NULL, 17, 1),
(613, 0, NULL, 'Not Evaluated', 1, '2022-09-23 11:49:01', '2022-09-23 11:49:01', 32, NULL, 17, 1),
(614, 0, NULL, 'Not Evaluated', 1, '2022-09-23 11:49:01', '2022-09-23 11:49:01', 33, NULL, 17, 1),
(615, 0, NULL, 'Not Evaluated', 1, '2022-09-23 11:49:01', '2022-09-23 11:49:01', 34, NULL, 17, 1),
(616, 0, NULL, 'Not Evaluated', 1, '2022-09-23 11:49:01', '2022-09-23 11:49:01', 35, NULL, 17, 1),
(617, 0, NULL, 'Not Evaluated', 1, '2022-09-23 11:49:01', '2022-09-23 11:49:01', 36, NULL, 17, 1),
(618, 0, NULL, 'Not Evaluated', 1, '2022-09-23 11:49:01', '2022-11-09 11:24:31', 37, 17, 17, 0),
(619, 0, NULL, 'Not Evaluated', 1, '2022-09-23 11:49:01', '2022-11-09 11:24:31', 38, 17, 17, 0),
(620, 0, NULL, 'Not Evaluated', 1, '2022-09-23 11:49:01', '2022-09-23 11:49:01', 39, NULL, 17, 1),
(621, 0, NULL, 'Not Evaluated', 1, '2022-09-23 11:49:01', '2022-11-09 11:24:31', 40, 17, 17, 0),
(622, 0, NULL, 'Not Evaluated', 1, '2022-09-23 11:49:01', '2022-09-23 11:49:01', 41, NULL, 17, 1),
(623, 0, NULL, 'Not Evaluated', 1, '2022-09-23 11:49:01', '2022-09-23 11:49:01', 42, NULL, 17, 1),
(624, 0, NULL, 'Not Evaluated', 1, '2022-09-23 11:49:01', '2022-09-23 11:49:01', 43, NULL, 17, 1),
(625, 0, NULL, 'Not Evaluated', 1, '2022-09-23 11:49:01', '2022-11-09 11:24:31', 44, 17, 17, 0),
(626, 0, NULL, 'Not Evaluated', 1, '2022-09-23 11:49:01', '2022-09-23 11:49:01', 45, NULL, 17, 1),
(627, 0, NULL, 'Not Evaluated', 1, '2022-09-23 11:49:01', '2022-09-23 11:49:01', 46, NULL, 17, 1),
(628, 0, NULL, 'Not Evaluated', 1, '2022-09-23 11:49:01', '2022-09-23 11:49:01', 47, NULL, 17, 1),
(629, 0, NULL, 'Not Evaluated', 1, '2022-09-23 11:49:01', '2022-09-23 11:49:01', 48, NULL, 17, 1),
(630, 0, NULL, 'Not Evaluated', 1, '2022-09-23 11:49:01', '2022-09-23 11:49:01', 49, NULL, 17, 1),
(631, 0, NULL, 'Not Evaluated', 1, '2022-09-23 11:49:01', '2022-09-23 11:49:01', 50, NULL, 17, 1),
(632, 0, NULL, 'Not Evaluated', 1, '2022-09-23 11:49:01', '2022-09-23 11:49:01', 51, NULL, 17, 1),
(633, 0, NULL, 'Not Evaluated', 1, '2022-09-23 11:49:01', '2022-09-23 11:49:01', 52, NULL, 17, 1),
(634, 0, NULL, 'Not Evaluated', 1, '2022-09-23 11:49:01', '2022-09-23 11:49:01', 53, NULL, 17, 1),
(635, 0, NULL, 'Not Evaluated', 1, '2022-09-23 11:49:01', '2022-09-23 11:49:01', 54, NULL, 17, 1),
(636, 0, NULL, 'Not Evaluated', 1, '2022-09-23 11:49:01', '2022-09-23 11:49:01', 55, NULL, 17, 1),
(637, 0, NULL, 'Not Evaluated', 1, '2022-09-23 11:49:01', '2022-09-23 11:49:01', 56, NULL, 17, 1),
(638, 0, NULL, 'Not Evaluated', 1, '2022-09-23 11:49:01', '2022-09-23 11:49:01', 57, NULL, 17, 1),
(639, 0, NULL, 'Not Evaluated', 1, '2022-09-23 11:49:01', '2022-09-23 11:49:01', 58, NULL, 17, 1),
(640, 0, NULL, 'Not Evaluated', 1, '2022-09-23 11:49:01', '2022-09-23 11:49:01', 59, NULL, 17, 1),
(641, 0, NULL, 'Not Evaluated', 1, '2022-09-23 11:49:01', '2022-09-23 11:49:01', 60, NULL, 17, 1),
(642, 0, NULL, 'Not Evaluated', 1, '2022-09-23 11:49:01', '2022-09-23 11:49:01', 61, NULL, 17, 1),
(643, 0, NULL, 'Not Evaluated', 1, '2022-09-23 11:49:01', '2022-09-23 11:49:01', 62, NULL, 17, 1),
(644, 0, NULL, 'Not Evaluated', 1, '2022-09-23 11:49:01', '2022-09-23 11:49:01', 63, NULL, 17, 1),
(645, 0, NULL, 'Not Evaluated', 1, '2022-09-23 11:49:01', '2022-09-23 11:49:01', 64, NULL, 17, 1),
(646, 0, NULL, 'Not Evaluated', 1, '2022-09-23 11:49:01', '2022-09-23 11:49:01', 65, NULL, 17, 1),
(647, 0, NULL, 'Not Evaluated', 1, '2022-09-23 11:49:01', '2022-09-23 11:49:01', 66, NULL, 17, 1),
(648, 0, NULL, 'Not Evaluated', 1, '2022-09-23 11:49:01', '2022-09-23 11:49:01', 67, NULL, 17, 1),
(649, 0, NULL, 'Not Evaluated', 1, '2022-09-23 11:49:01', '2022-09-23 11:49:01', 68, NULL, 17, 1),
(650, 0, NULL, 'Not Evaluated', 1, '2022-09-23 11:49:13', '2022-09-23 11:49:13', 1, NULL, 18, 1),
(651, 0, NULL, 'Not Evaluated', 1, '2022-09-23 11:49:13', '2022-09-23 11:49:13', 2, NULL, 18, 1),
(652, 0, NULL, 'Not Evaluated', 1, '2022-09-23 11:49:13', '2022-09-23 11:49:13', 3, NULL, 18, 1),
(653, 0, NULL, 'Not Evaluated', 1, '2022-09-23 11:49:13', '2022-09-23 11:49:13', 4, NULL, 18, 1),
(654, 0, NULL, 'Not Evaluated', 1, '2022-09-23 11:49:13', '2022-09-23 11:49:13', 5, NULL, 18, 1),
(655, 0, NULL, 'Not Evaluated', 1, '2022-09-23 11:49:13', '2022-09-23 11:49:13', 6, NULL, 18, 1),
(656, 0, NULL, 'Not Evaluated', 1, '2022-09-23 11:49:13', '2022-09-23 11:49:13', 7, NULL, 18, 1),
(657, 0, NULL, 'Not Evaluated', 1, '2022-09-23 11:49:13', '2022-09-23 11:49:13', 8, NULL, 18, 1),
(658, 0, NULL, 'Not Evaluated', 1, '2022-09-23 11:49:13', '2022-09-23 11:49:13', 9, NULL, 18, 1),
(659, 0, NULL, 'Not Evaluated', 1, '2022-09-23 11:49:13', '2022-09-23 11:49:13', 10, NULL, 18, 1),
(660, 0, NULL, 'Not Evaluated', 1, '2022-09-23 11:49:13', '2022-09-23 11:49:13', 11, NULL, 18, 1),
(661, 0, NULL, 'Not Evaluated', 1, '2022-09-23 11:49:13', '2022-09-23 11:49:13', 12, NULL, 18, 1),
(662, 0, NULL, 'Not Evaluated', 1, '2022-09-23 11:49:13', '2022-09-23 11:49:13', 13, NULL, 18, 1),
(663, 0, NULL, 'Not Evaluated', 1, '2022-09-23 11:49:13', '2022-09-23 11:49:13', 14, NULL, 18, 1),
(664, 0, NULL, 'Not Evaluated', 1, '2022-09-23 11:49:13', '2022-09-23 11:49:13', 15, NULL, 18, 1),
(665, 0, NULL, 'Not Evaluated', 1, '2022-09-23 11:49:13', '2022-09-23 11:49:13', 16, NULL, 18, 1),
(666, 0, NULL, 'Not Evaluated', 1, '2022-09-23 11:49:13', '2022-09-23 11:49:13', 17, NULL, 18, 1),
(667, 0, NULL, 'Not Evaluated', 1, '2022-09-23 11:49:13', '2022-09-23 11:49:13', 18, NULL, 18, 1),
(668, 0, NULL, 'Not Evaluated', 1, '2022-09-23 11:49:13', '2022-09-23 11:49:13', 19, NULL, 18, 1),
(669, 0, NULL, 'Not Evaluated', 1, '2022-09-23 11:49:13', '2022-09-23 11:49:13', 20, NULL, 18, 1),
(670, 0, NULL, 'Not Evaluated', 1, '2022-09-23 11:49:13', '2022-09-23 11:49:13', 21, NULL, 18, 1),
(671, 0, NULL, 'Not Evaluated', 1, '2022-09-23 11:49:13', '2022-09-23 11:49:13', 22, NULL, 18, 1),
(672, 0, NULL, 'Not Evaluated', 1, '2022-09-23 11:49:13', '2022-09-23 11:49:13', 23, NULL, 18, 1),
(673, 0, NULL, 'Not Evaluated', 1, '2022-09-23 11:49:13', '2022-09-23 11:49:13', 24, NULL, 18, 1),
(674, 0, NULL, 'Not Evaluated', 1, '2022-09-23 11:49:13', '2022-09-23 11:49:13', 25, NULL, 18, 1),
(675, 0, NULL, 'Not Evaluated', 1, '2022-09-23 11:49:13', '2022-09-23 11:49:13', 26, NULL, 18, 1),
(676, 0, NULL, 'Not Evaluated', 1, '2022-09-23 11:49:13', '2022-09-23 11:49:13', 27, NULL, 18, 1),
(677, 0, NULL, 'Not Evaluated', 1, '2022-09-23 11:49:13', '2022-09-23 11:49:13', 28, NULL, 18, 1),
(678, 0, NULL, 'Not Evaluated', 1, '2022-09-23 11:49:13', '2022-09-23 11:49:13', 29, NULL, 18, 1),
(679, 0, NULL, 'Not Evaluated', 1, '2022-09-23 11:49:13', '2022-09-23 11:49:13', 30, NULL, 18, 1),
(680, 0, NULL, 'Not Evaluated', 1, '2022-09-23 11:49:13', '2022-09-23 11:49:13', 31, NULL, 18, 1),
(681, 0, NULL, 'Not Evaluated', 1, '2022-09-23 11:49:13', '2022-09-23 11:49:13', 32, NULL, 18, 1),
(682, 0, NULL, 'Not Evaluated', 1, '2022-09-23 11:49:13', '2022-09-23 11:49:13', 33, NULL, 18, 1),
(683, 0, NULL, 'Not Evaluated', 1, '2022-09-23 11:49:13', '2022-09-23 11:49:13', 34, NULL, 18, 1),
(684, 0, NULL, 'Not Evaluated', 1, '2022-09-23 11:49:13', '2022-09-23 11:49:13', 35, NULL, 18, 1),
(685, 0, NULL, 'Not Evaluated', 1, '2022-09-23 11:49:13', '2022-09-23 11:49:13', 36, NULL, 18, 1),
(686, 0, NULL, 'Not Evaluated', 1, '2022-09-23 11:49:13', '2022-09-23 11:49:13', 37, NULL, 18, 1),
(687, 0, NULL, 'Not Evaluated', 1, '2022-09-23 11:49:13', '2022-09-23 11:49:13', 38, NULL, 18, 1),
(688, 0, NULL, 'Not Evaluated', 1, '2022-09-23 11:49:13', '2022-09-23 11:49:13', 39, NULL, 18, 1),
(689, 0, NULL, 'Not Evaluated', 1, '2022-09-23 11:49:13', '2022-09-23 11:49:13', 40, NULL, 18, 1),
(690, 0, NULL, 'Not Evaluated', 1, '2022-09-23 11:49:13', '2022-09-23 11:49:13', 41, NULL, 18, 1),
(691, 0, NULL, 'Not Evaluated', 1, '2022-09-23 11:49:13', '2022-09-23 11:49:13', 42, NULL, 18, 1),
(692, 0, NULL, 'Not Evaluated', 1, '2022-09-23 11:49:13', '2022-09-23 11:49:13', 43, NULL, 18, 1),
(693, 0, NULL, 'Not Evaluated', 1, '2022-09-23 11:49:13', '2022-09-23 11:49:13', 44, NULL, 18, 1),
(694, 0, NULL, 'Not Evaluated', 1, '2022-09-23 11:49:13', '2022-09-23 11:49:13', 45, NULL, 18, 1),
(695, 0, NULL, 'Not Evaluated', 1, '2022-09-23 11:49:13', '2022-09-23 11:49:13', 46, NULL, 18, 1),
(696, 0, NULL, 'Not Evaluated', 1, '2022-09-23 11:49:13', '2022-09-23 11:49:13', 47, NULL, 18, 1),
(697, 0, NULL, 'Not Evaluated', 1, '2022-09-23 11:49:13', '2022-09-23 11:49:13', 48, NULL, 18, 1),
(698, 0, NULL, 'Not Evaluated', 1, '2022-09-23 11:49:13', '2022-09-23 11:49:13', 49, NULL, 18, 1),
(699, 0, NULL, 'Not Evaluated', 1, '2022-09-23 11:49:13', '2022-09-23 11:49:13', 50, NULL, 18, 1),
(700, 0, NULL, 'Not Evaluated', 1, '2022-09-23 11:49:13', '2022-09-23 11:49:13', 51, NULL, 18, 1),
(701, 0, NULL, 'Not Evaluated', 1, '2022-09-23 11:49:13', '2022-09-23 11:49:13', 52, NULL, 18, 1),
(702, 0, NULL, 'Not Evaluated', 1, '2022-09-23 11:49:13', '2022-09-23 11:49:13', 53, NULL, 18, 1),
(703, 0, NULL, 'Not Evaluated', 1, '2022-09-23 11:49:13', '2022-09-23 11:49:13', 54, NULL, 18, 1),
(704, 0, NULL, 'Not Evaluated', 1, '2022-09-23 11:49:13', '2022-09-23 11:49:13', 55, NULL, 18, 1),
(705, 0, NULL, 'Not Evaluated', 1, '2022-09-23 11:49:13', '2022-09-23 11:49:13', 56, NULL, 18, 1),
(706, 0, NULL, 'Not Evaluated', 1, '2022-09-23 11:49:13', '2022-09-23 11:49:13', 57, NULL, 18, 1),
(707, 0, NULL, 'Not Evaluated', 1, '2022-09-23 11:49:13', '2022-09-23 11:49:13', 58, NULL, 18, 1),
(708, 0, NULL, 'Not Evaluated', 1, '2022-09-23 11:49:13', '2022-09-23 11:49:13', 59, NULL, 18, 1),
(709, 0, NULL, 'Not Evaluated', 1, '2022-09-23 11:49:13', '2022-09-23 11:49:13', 60, NULL, 18, 1),
(710, 0, NULL, 'Not Evaluated', 1, '2022-09-23 11:49:13', '2022-09-23 11:49:13', 61, NULL, 18, 1),
(711, 0, NULL, 'Not Evaluated', 1, '2022-09-23 11:49:13', '2022-09-23 11:49:13', 62, NULL, 18, 1),
(712, 0, NULL, 'Not Evaluated', 1, '2022-09-23 11:49:13', '2022-09-23 11:49:13', 63, NULL, 18, 1),
(713, 0, NULL, 'Not Evaluated', 1, '2022-09-23 11:49:13', '2022-09-23 11:49:13', 64, NULL, 18, 1),
(714, 0, NULL, 'Not Evaluated', 1, '2022-09-23 11:49:13', '2022-09-23 11:49:13', 65, NULL, 18, 1),
(715, 0, NULL, 'Not Evaluated', 1, '2022-09-23 11:49:13', '2022-09-23 11:49:13', 66, NULL, 18, 1),
(716, 0, NULL, 'Not Evaluated', 1, '2022-09-23 11:49:13', '2022-09-23 11:49:13', 67, NULL, 18, 1),
(717, 0, NULL, 'Not Evaluated', 1, '2022-09-23 11:49:13', '2022-09-23 11:49:13', 68, NULL, 18, 1),
(718, 0, NULL, 'Not Evaluated', 1, '2022-09-23 11:49:40', '2022-09-23 11:49:40', 1, NULL, 19, 1),
(719, 0, NULL, 'Not Evaluated', 1, '2022-09-23 11:49:40', '2022-09-23 11:49:40', 2, NULL, 19, 1),
(720, 0, NULL, 'Not Evaluated', 1, '2022-09-23 11:49:40', '2022-09-23 11:49:40', 3, NULL, 19, 1),
(721, 0, NULL, 'Not Evaluated', 1, '2022-09-23 11:49:40', '2022-09-23 11:49:40', 4, NULL, 19, 1),
(722, 0, NULL, 'Not Evaluated', 1, '2022-09-23 11:49:40', '2022-09-23 11:49:40', 5, NULL, 19, 1),
(723, 0, NULL, 'Not Evaluated', 1, '2022-09-23 11:49:40', '2022-09-23 11:49:40', 6, NULL, 19, 1),
(724, 0, NULL, 'Not Evaluated', 1, '2022-09-23 11:49:40', '2022-09-23 11:49:40', 7, NULL, 19, 1),
(725, 0, NULL, 'Not Evaluated', 1, '2022-09-23 11:49:40', '2022-09-23 11:49:40', 8, NULL, 19, 1),
(726, 0, NULL, 'Not Evaluated', 1, '2022-09-23 11:49:40', '2022-09-23 11:49:40', 9, NULL, 19, 1),
(727, 0, NULL, 'Not Evaluated', 1, '2022-09-23 11:49:40', '2022-09-23 11:49:40', 10, NULL, 19, 1),
(728, 0, NULL, 'Not Evaluated', 1, '2022-09-23 11:49:40', '2022-09-23 11:49:40', 11, NULL, 19, 1),
(729, 0, NULL, 'Not Evaluated', 1, '2022-09-23 11:49:40', '2022-09-23 11:49:40', 12, NULL, 19, 1),
(730, 0, NULL, 'Not Evaluated', 1, '2022-09-23 11:49:40', '2022-09-23 11:49:40', 13, NULL, 19, 1),
(731, 0, NULL, 'Not Evaluated', 1, '2022-09-23 11:49:40', '2022-09-23 11:49:40', 14, NULL, 19, 1),
(732, 0, NULL, 'Not Evaluated', 1, '2022-09-23 11:49:40', '2022-09-23 11:49:40', 15, NULL, 19, 1),
(733, 0, NULL, 'Not Evaluated', 1, '2022-09-23 11:49:40', '2022-09-23 11:49:40', 16, NULL, 19, 1),
(734, 0, NULL, 'Not Evaluated', 1, '2022-09-23 11:49:40', '2022-09-23 11:49:40', 17, NULL, 19, 1);
INSERT INTO `SkillEvaluation` (`id`, `level`, `evaluationEvidence`, `status`, `enabled`, `createdAt`, `updatedAt`, `skillId`, `evaluatorId`, `forUser`, `affected`) VALUES
(735, 0, NULL, 'Not Evaluated', 1, '2022-09-23 11:49:40', '2022-09-23 11:49:40', 18, NULL, 19, 1),
(736, 0, NULL, 'Not Evaluated', 1, '2022-09-23 11:49:40', '2022-09-23 11:49:40', 19, NULL, 19, 1),
(737, 0, NULL, 'Not Evaluated', 1, '2022-09-23 11:49:40', '2022-09-23 11:49:40', 20, NULL, 19, 1),
(738, 0, NULL, 'Not Evaluated', 1, '2022-09-23 11:49:40', '2022-09-23 11:49:40', 21, NULL, 19, 1),
(739, 0, NULL, 'Not Evaluated', 1, '2022-09-23 11:49:40', '2022-09-23 11:49:40', 22, NULL, 19, 1),
(740, 0, NULL, 'Not Evaluated', 1, '2022-09-23 11:49:40', '2022-09-23 11:49:40', 23, NULL, 19, 1),
(741, 0, NULL, 'Not Evaluated', 1, '2022-09-23 11:49:40', '2022-09-23 11:49:40', 24, NULL, 19, 1),
(742, 0, NULL, 'Not Evaluated', 1, '2022-09-23 11:49:40', '2022-09-23 11:49:40', 25, NULL, 19, 1),
(743, 0, NULL, 'Not Evaluated', 1, '2022-09-23 11:49:40', '2022-09-23 11:49:40', 26, NULL, 19, 1),
(744, 0, NULL, 'Not Evaluated', 1, '2022-09-23 11:49:40', '2022-09-23 11:49:40', 27, NULL, 19, 1),
(745, 0, NULL, 'Not Evaluated', 1, '2022-09-23 11:49:40', '2022-09-23 11:49:40', 28, NULL, 19, 1),
(746, 0, NULL, 'Not Evaluated', 1, '2022-09-23 11:49:40', '2022-09-23 11:49:40', 29, NULL, 19, 1),
(747, 0, NULL, 'Not Evaluated', 1, '2022-09-23 11:49:40', '2022-09-23 11:49:40', 30, NULL, 19, 1),
(748, 0, NULL, 'Not Evaluated', 1, '2022-09-23 11:49:40', '2022-09-23 11:49:40', 31, NULL, 19, 1),
(749, 0, NULL, 'Not Evaluated', 1, '2022-09-23 11:49:40', '2022-09-23 11:49:40', 32, NULL, 19, 1),
(750, 0, NULL, 'Not Evaluated', 1, '2022-09-23 11:49:40', '2022-09-23 11:49:40', 33, NULL, 19, 1),
(751, 0, NULL, 'Not Evaluated', 1, '2022-09-23 11:49:40', '2022-09-23 11:49:40', 34, NULL, 19, 1),
(752, 0, NULL, 'Not Evaluated', 1, '2022-09-23 11:49:40', '2022-09-23 11:49:40', 35, NULL, 19, 1),
(753, 0, NULL, 'Not Evaluated', 1, '2022-09-23 11:49:40', '2022-09-23 11:49:40', 36, NULL, 19, 1),
(754, 0, NULL, 'Not Evaluated', 1, '2022-09-23 11:49:40', '2022-09-23 11:49:40', 37, NULL, 19, 1),
(755, 0, NULL, 'Not Evaluated', 1, '2022-09-23 11:49:40', '2022-09-23 11:49:40', 38, NULL, 19, 1),
(756, 0, NULL, 'Not Evaluated', 1, '2022-09-23 11:49:40', '2022-09-23 11:49:40', 39, NULL, 19, 1),
(757, 0, NULL, 'Not Evaluated', 1, '2022-09-23 11:49:40', '2022-09-23 11:49:40', 40, NULL, 19, 1),
(758, 0, NULL, 'Not Evaluated', 1, '2022-09-23 11:49:40', '2022-09-23 11:49:40', 41, NULL, 19, 1),
(759, 0, NULL, 'Not Evaluated', 1, '2022-09-23 11:49:40', '2022-09-23 11:49:40', 42, NULL, 19, 1),
(760, 0, NULL, 'Not Evaluated', 1, '2022-09-23 11:49:40', '2022-09-23 11:49:40', 43, NULL, 19, 1),
(761, 0, NULL, 'Not Evaluated', 1, '2022-09-23 11:49:40', '2022-09-23 11:49:40', 44, NULL, 19, 1),
(762, 0, NULL, 'Not Evaluated', 1, '2022-09-23 11:49:40', '2022-09-23 11:49:40', 45, NULL, 19, 1),
(763, 0, NULL, 'Not Evaluated', 1, '2022-09-23 11:49:40', '2022-09-23 11:49:40', 46, NULL, 19, 1),
(764, 0, NULL, 'Not Evaluated', 1, '2022-09-23 11:49:40', '2022-09-23 11:49:40', 47, NULL, 19, 1),
(765, 0, NULL, 'Not Evaluated', 1, '2022-09-23 11:49:40', '2022-09-23 11:49:40', 48, NULL, 19, 1),
(766, 0, NULL, 'Not Evaluated', 1, '2022-09-23 11:49:40', '2022-09-23 11:49:40', 49, NULL, 19, 1),
(767, 0, NULL, 'Not Evaluated', 1, '2022-09-23 11:49:40', '2022-09-23 11:49:40', 50, NULL, 19, 1),
(768, 0, NULL, 'Not Evaluated', 1, '2022-09-23 11:49:40', '2022-09-23 11:49:40', 51, NULL, 19, 1),
(769, 0, NULL, 'Not Evaluated', 1, '2022-09-23 11:49:40', '2022-09-23 11:49:40', 52, NULL, 19, 1),
(770, 0, NULL, 'Not Evaluated', 1, '2022-09-23 11:49:40', '2022-09-23 11:49:40', 53, NULL, 19, 1),
(771, 0, NULL, 'Not Evaluated', 1, '2022-09-23 11:49:40', '2022-09-23 11:49:40', 54, NULL, 19, 1),
(772, 0, NULL, 'Not Evaluated', 1, '2022-09-23 11:49:40', '2022-09-23 11:49:40', 55, NULL, 19, 1),
(773, 0, NULL, 'Not Evaluated', 1, '2022-09-23 11:49:40', '2022-09-23 11:49:40', 56, NULL, 19, 1),
(774, 0, NULL, 'Not Evaluated', 1, '2022-09-23 11:49:40', '2022-09-23 11:49:40', 57, NULL, 19, 1),
(775, 0, NULL, 'Not Evaluated', 1, '2022-09-23 11:49:40', '2022-09-23 11:49:40', 58, NULL, 19, 1),
(776, 0, NULL, 'Not Evaluated', 1, '2022-09-23 11:49:40', '2022-09-23 11:49:40', 59, NULL, 19, 1),
(777, 0, NULL, 'Not Evaluated', 1, '2022-09-23 11:49:40', '2022-09-23 11:49:40', 60, NULL, 19, 1),
(778, 0, NULL, 'Not Evaluated', 1, '2022-09-23 11:49:40', '2022-09-23 11:49:40', 61, NULL, 19, 1),
(779, 0, NULL, 'Not Evaluated', 1, '2022-09-23 11:49:40', '2022-09-23 11:49:40', 62, NULL, 19, 1),
(780, 0, NULL, 'Not Evaluated', 1, '2022-09-23 11:49:40', '2022-09-23 11:49:40', 63, NULL, 19, 1),
(781, 0, NULL, 'Not Evaluated', 1, '2022-09-23 11:49:40', '2022-09-23 11:49:40', 64, NULL, 19, 1),
(782, 0, NULL, 'Not Evaluated', 1, '2022-09-23 11:49:40', '2022-09-23 11:49:40', 65, NULL, 19, 1),
(783, 0, NULL, 'Not Evaluated', 1, '2022-09-23 11:49:40', '2022-09-23 11:49:40', 66, NULL, 19, 1),
(784, 0, NULL, 'Not Evaluated', 1, '2022-09-23 11:49:40', '2022-09-23 11:49:40', 67, NULL, 19, 1),
(785, 0, NULL, 'Not Evaluated', 1, '2022-09-23 11:49:40', '2022-09-23 11:49:40', 68, NULL, 19, 1),
(786, 0, NULL, 'Not Evaluated', 1, '2022-09-23 11:50:58', '2022-09-23 11:50:58', 1, NULL, 20, 1),
(787, 0, NULL, 'Not Evaluated', 1, '2022-09-23 11:50:58', '2022-09-23 11:50:58', 2, NULL, 20, 1),
(788, 0, NULL, 'Not Evaluated', 1, '2022-09-23 11:50:58', '2022-09-23 11:50:58', 3, NULL, 20, 1),
(789, 0, NULL, 'Not Evaluated', 1, '2022-09-23 11:50:58', '2022-09-23 11:50:58', 4, NULL, 20, 1),
(790, 0, NULL, 'Not Evaluated', 1, '2022-09-23 11:50:58', '2022-09-23 11:50:58', 5, NULL, 20, 1),
(791, 0, NULL, 'Not Evaluated', 1, '2022-09-23 11:50:58', '2022-09-23 11:50:58', 6, NULL, 20, 1),
(792, 0, NULL, 'Not Evaluated', 1, '2022-09-23 11:50:58', '2022-09-23 11:50:58', 7, NULL, 20, 1),
(793, 0, NULL, 'Not Evaluated', 1, '2022-09-23 11:50:58', '2022-09-23 11:50:58', 8, NULL, 20, 1),
(794, 0, NULL, 'Not Evaluated', 1, '2022-09-23 11:50:58', '2022-09-23 11:50:58', 9, NULL, 20, 1),
(795, 0, NULL, 'Not Evaluated', 1, '2022-09-23 11:50:58', '2022-09-23 11:50:58', 10, NULL, 20, 1),
(796, 0, NULL, 'Not Evaluated', 1, '2022-09-23 11:50:58', '2022-09-23 11:50:58', 11, NULL, 20, 1),
(797, 0, NULL, 'Not Evaluated', 1, '2022-09-23 11:50:58', '2022-09-23 11:50:58', 12, NULL, 20, 1),
(798, 0, NULL, 'Not Evaluated', 1, '2022-09-23 11:50:58', '2022-09-23 11:50:58', 13, NULL, 20, 1),
(799, 0, NULL, 'Not Evaluated', 1, '2022-09-23 11:50:58', '2022-09-23 11:50:58', 14, NULL, 20, 1),
(800, 0, NULL, 'Not Evaluated', 1, '2022-09-23 11:50:58', '2022-09-23 11:50:58', 15, NULL, 20, 1),
(801, 0, NULL, 'Not Evaluated', 1, '2022-09-23 11:50:58', '2022-09-23 11:50:58', 16, NULL, 20, 1),
(802, 0, NULL, 'Not Evaluated', 1, '2022-09-23 11:50:58', '2022-09-23 11:50:58', 17, NULL, 20, 1),
(803, 0, NULL, 'Not Evaluated', 1, '2022-09-23 11:50:58', '2022-09-23 11:50:58', 18, NULL, 20, 1),
(804, 0, NULL, 'Not Evaluated', 1, '2022-09-23 11:50:58', '2022-09-23 11:50:58', 19, NULL, 20, 1),
(805, 0, NULL, 'Not Evaluated', 1, '2022-09-23 11:50:58', '2022-09-23 11:50:58', 20, NULL, 20, 1),
(806, 0, NULL, 'Not Evaluated', 1, '2022-09-23 11:50:58', '2022-09-23 11:50:58', 21, NULL, 20, 1),
(807, 0, NULL, 'Not Evaluated', 1, '2022-09-23 11:50:58', '2022-09-23 11:50:58', 22, NULL, 20, 1),
(808, 0, NULL, 'Not Evaluated', 1, '2022-09-23 11:50:58', '2022-09-23 11:50:58', 23, NULL, 20, 1),
(809, 0, NULL, 'Not Evaluated', 1, '2022-09-23 11:50:58', '2022-09-23 11:50:58', 24, NULL, 20, 1),
(810, 0, NULL, 'Not Evaluated', 1, '2022-09-23 11:50:58', '2022-09-23 11:50:58', 25, NULL, 20, 1),
(811, 0, NULL, 'Not Evaluated', 1, '2022-09-23 11:50:58', '2022-09-23 11:50:58', 26, NULL, 20, 1),
(812, 0, NULL, 'Not Evaluated', 1, '2022-09-23 11:50:58', '2022-09-23 11:50:58', 27, NULL, 20, 1),
(813, 0, NULL, 'Not Evaluated', 1, '2022-09-23 11:50:58', '2022-09-23 11:50:58', 28, NULL, 20, 1),
(814, 0, NULL, 'Not Evaluated', 1, '2022-09-23 11:50:58', '2022-09-23 11:50:58', 29, NULL, 20, 1),
(815, 0, NULL, 'Not Evaluated', 1, '2022-09-23 11:50:58', '2022-09-23 11:50:58', 30, NULL, 20, 1),
(816, 0, NULL, 'Not Evaluated', 1, '2022-09-23 11:50:58', '2022-09-23 11:50:58', 31, NULL, 20, 1),
(817, 0, NULL, 'Not Evaluated', 1, '2022-09-23 11:50:58', '2022-09-23 11:50:58', 32, NULL, 20, 1),
(818, 0, NULL, 'Not Evaluated', 1, '2022-09-23 11:50:58', '2022-09-23 11:50:58', 33, NULL, 20, 1),
(819, 0, NULL, 'Not Evaluated', 1, '2022-09-23 11:50:58', '2022-09-23 11:50:58', 34, NULL, 20, 1),
(820, 0, NULL, 'Not Evaluated', 1, '2022-09-23 11:50:58', '2022-09-23 11:50:58', 35, NULL, 20, 1),
(821, 0, NULL, 'Not Evaluated', 1, '2022-09-23 11:50:58', '2022-09-23 11:50:58', 36, NULL, 20, 1),
(822, 0, NULL, 'Not Evaluated', 1, '2022-09-23 11:50:58', '2022-09-23 11:50:58', 37, NULL, 20, 1),
(823, 0, NULL, 'Not Evaluated', 1, '2022-09-23 11:50:58', '2022-09-23 11:50:58', 38, NULL, 20, 1),
(824, 0, NULL, 'Not Evaluated', 1, '2022-09-23 11:50:58', '2022-09-23 11:50:58', 39, NULL, 20, 1),
(825, 0, NULL, 'Not Evaluated', 1, '2022-09-23 11:50:58', '2022-09-23 11:50:58', 40, NULL, 20, 1),
(826, 0, NULL, 'Not Evaluated', 1, '2022-09-23 11:50:58', '2022-09-23 11:50:58', 41, NULL, 20, 1),
(827, 0, NULL, 'Not Evaluated', 1, '2022-09-23 11:50:58', '2022-09-23 11:50:58', 42, NULL, 20, 1),
(828, 0, NULL, 'Not Evaluated', 1, '2022-09-23 11:50:58', '2022-09-23 11:50:58', 43, NULL, 20, 1),
(829, 0, NULL, 'Not Evaluated', 1, '2022-09-23 11:50:58', '2022-09-23 11:50:58', 44, NULL, 20, 1),
(830, 0, NULL, 'Not Evaluated', 1, '2022-09-23 11:50:58', '2022-09-23 11:50:58', 45, NULL, 20, 1),
(831, 0, NULL, 'Not Evaluated', 1, '2022-09-23 11:50:58', '2022-09-23 11:50:58', 46, NULL, 20, 1),
(832, 0, NULL, 'Not Evaluated', 1, '2022-09-23 11:50:58', '2022-09-23 11:50:58', 47, NULL, 20, 1),
(833, 0, NULL, 'Not Evaluated', 1, '2022-09-23 11:50:58', '2022-09-23 11:50:58', 48, NULL, 20, 1),
(834, 0, NULL, 'Not Evaluated', 1, '2022-09-23 11:50:58', '2022-09-23 11:50:58', 49, NULL, 20, 1),
(835, 0, NULL, 'Not Evaluated', 1, '2022-09-23 11:50:58', '2022-09-23 11:50:58', 50, NULL, 20, 1),
(836, 0, NULL, 'Not Evaluated', 1, '2022-09-23 11:50:58', '2022-09-23 11:50:58', 51, NULL, 20, 1),
(837, 0, NULL, 'Not Evaluated', 1, '2022-09-23 11:50:58', '2022-09-23 11:50:58', 52, NULL, 20, 1),
(838, 0, NULL, 'Not Evaluated', 1, '2022-09-23 11:50:58', '2022-09-23 11:50:58', 53, NULL, 20, 1),
(839, 0, NULL, 'Not Evaluated', 1, '2022-09-23 11:50:58', '2022-09-23 11:50:58', 54, NULL, 20, 1),
(840, 0, NULL, 'Not Evaluated', 1, '2022-09-23 11:50:58', '2022-09-23 11:50:58', 55, NULL, 20, 1),
(841, 0, NULL, 'Not Evaluated', 1, '2022-09-23 11:50:58', '2022-09-23 11:50:58', 56, NULL, 20, 1),
(842, 0, NULL, 'Not Evaluated', 1, '2022-09-23 11:50:58', '2022-09-23 11:50:58', 57, NULL, 20, 1),
(843, 0, NULL, 'Not Evaluated', 1, '2022-09-23 11:50:58', '2022-09-23 11:50:58', 58, NULL, 20, 1),
(844, 0, NULL, 'Not Evaluated', 1, '2022-09-23 11:50:58', '2022-09-23 11:50:58', 59, NULL, 20, 1),
(845, 0, NULL, 'Not Evaluated', 1, '2022-09-23 11:50:58', '2022-09-23 11:50:58', 60, NULL, 20, 1),
(846, 0, NULL, 'Not Evaluated', 1, '2022-09-23 11:50:58', '2022-09-23 11:50:58', 61, NULL, 20, 1),
(847, 0, NULL, 'Not Evaluated', 1, '2022-09-23 11:50:58', '2022-09-23 11:50:58', 62, NULL, 20, 1),
(848, 0, NULL, 'Not Evaluated', 1, '2022-09-23 11:50:58', '2022-09-23 11:50:58', 63, NULL, 20, 1),
(849, 0, NULL, 'Not Evaluated', 1, '2022-09-23 11:50:58', '2022-09-23 11:50:58', 64, NULL, 20, 1),
(850, 0, NULL, 'Not Evaluated', 1, '2022-09-23 11:50:58', '2022-09-23 11:50:58', 65, NULL, 20, 1),
(851, 0, NULL, 'Not Evaluated', 1, '2022-09-23 11:50:58', '2022-09-23 11:50:58', 66, NULL, 20, 1),
(852, 0, NULL, 'Not Evaluated', 1, '2022-09-23 11:50:58', '2022-09-23 11:50:58', 67, NULL, 20, 1),
(853, 0, NULL, 'Not Evaluated', 1, '2022-09-23 11:50:58', '2022-09-23 11:50:58', 68, NULL, 20, 1),
(854, 0, NULL, 'Not Evaluated', 1, '2022-09-23 11:51:24', '2022-09-23 11:51:24', 1, NULL, 21, 1),
(855, 0, NULL, 'Not Evaluated', 1, '2022-09-23 11:51:24', '2022-09-23 11:51:24', 2, NULL, 21, 1),
(856, 0, NULL, 'Not Evaluated', 1, '2022-09-23 11:51:24', '2022-11-09 13:33:09', 3, 21, 21, 1),
(857, 0, NULL, 'Not Evaluated', 1, '2022-09-23 11:51:24', '2022-11-09 13:33:09', 4, 21, 21, 1),
(858, 0, NULL, 'Not Evaluated', 1, '2022-09-23 11:51:24', '2022-11-09 14:21:39', 5, 21, 21, 0),
(859, 0, NULL, 'Not Evaluated', 1, '2022-09-23 11:51:24', '2022-11-09 11:24:05', 6, 21, 21, 1),
(860, 0, NULL, 'Not Evaluated', 1, '2022-09-23 11:51:24', '2022-11-09 14:22:11', 7, 21, 21, 0),
(861, 0, NULL, 'Not Evaluated', 1, '2022-09-23 11:51:24', '2022-11-09 13:33:09', 8, 21, 21, 0),
(862, 0, NULL, 'Not Evaluated', 1, '2022-09-23 11:51:24', '2022-09-23 11:51:24', 9, NULL, 21, 1),
(863, 0, NULL, 'Not Evaluated', 1, '2022-09-23 11:51:24', '2022-11-09 13:33:09', 10, 21, 21, 0),
(864, 0, NULL, 'Not Evaluated', 1, '2022-09-23 11:51:24', '2022-11-09 13:33:09', 11, 21, 21, 0),
(865, 0, NULL, 'Not Evaluated', 1, '2022-09-23 11:51:24', '2022-11-09 14:22:11', 12, 21, 21, 0),
(866, 0, NULL, 'Not Evaluated', 1, '2022-09-23 11:51:24', '2022-11-09 14:22:11', 13, 21, 21, 0),
(867, 0, NULL, 'Not Evaluated', 1, '2022-09-23 11:51:24', '2022-11-09 10:13:05', 14, NULL, 21, 0),
(868, 0, NULL, 'Not Evaluated', 1, '2022-09-23 11:51:24', '2022-09-23 11:51:24', 15, NULL, 21, 1),
(869, 0, NULL, 'Not Evaluated', 1, '2022-09-23 11:51:24', '2022-11-09 10:16:27', 16, NULL, 21, 0),
(870, 0, NULL, 'Not Evaluated', 1, '2022-09-23 11:51:24', '2022-11-09 10:14:34', 17, NULL, 21, 0),
(871, 0, NULL, 'Not Evaluated', 1, '2022-09-23 11:51:24', '2022-11-09 10:26:30', 18, NULL, 21, 0),
(872, 0, NULL, 'Not Evaluated', 1, '2022-09-23 11:51:24', '2022-09-23 11:51:24', 19, NULL, 21, 1),
(873, 0, NULL, 'Not Evaluated', 1, '2022-09-23 11:51:24', '2022-11-09 13:33:09', 20, 21, 21, 1),
(874, 0, NULL, 'Not Evaluated', 1, '2022-09-23 11:51:24', '2022-11-09 13:33:09', 21, 21, 21, 1),
(875, 0, NULL, 'Not Evaluated', 1, '2022-09-23 11:51:24', '2022-11-09 13:33:09', 22, 21, 21, 1),
(876, 0, NULL, 'Not Evaluated', 1, '2022-09-23 11:51:24', '2022-11-09 13:33:09', 23, 21, 21, 1),
(877, 0, NULL, 'Not Evaluated', 1, '2022-09-23 11:51:24', '2022-11-09 10:26:55', 24, NULL, 21, 0),
(878, 0, NULL, 'Not Evaluated', 1, '2022-09-23 11:51:24', '2022-11-09 11:20:34', 25, NULL, 21, 0),
(879, 0, NULL, 'Not Evaluated', 1, '2022-09-23 11:51:24', '2022-11-09 10:26:55', 26, NULL, 21, 0),
(880, 0, NULL, 'Not Evaluated', 1, '2022-09-23 11:51:24', '2022-11-09 10:26:55', 27, NULL, 21, 0),
(881, 0, NULL, 'Not Evaluated', 1, '2022-09-23 11:51:24', '2022-11-09 10:27:40', 28, NULL, 21, 0),
(882, 0, NULL, 'Not Evaluated', 1, '2022-09-23 11:51:24', '2022-11-09 10:26:55', 29, NULL, 21, 0),
(883, 0, NULL, 'Not Evaluated', 1, '2022-09-23 11:51:24', '2022-09-23 11:51:24', 30, NULL, 21, 1),
(884, 0, NULL, 'Not Evaluated', 1, '2022-09-23 11:51:24', '2022-11-09 10:25:40', 31, NULL, 21, 0),
(885, 0, NULL, 'Not Evaluated', 1, '2022-09-23 11:51:24', '2022-11-09 10:28:01', 32, NULL, 21, 0),
(886, 0, NULL, 'Not Evaluated', 1, '2022-09-23 11:51:24', '2022-11-09 10:28:01', 33, NULL, 21, 0),
(887, 0, NULL, 'Not Evaluated', 1, '2022-09-23 11:51:24', '2022-09-23 11:51:24', 34, NULL, 21, 1),
(888, 0, NULL, 'Not Evaluated', 1, '2022-09-23 11:51:24', '2022-11-09 10:28:01', 35, NULL, 21, 0),
(889, 0, NULL, 'Not Evaluated', 1, '2022-09-23 11:51:24', '2022-11-09 11:22:49', 36, NULL, 21, 0),
(890, 0, NULL, 'Not Evaluated', 1, '2022-09-23 11:51:24', '2022-11-09 13:33:09', 37, 21, 21, 0),
(891, 0, NULL, 'Not Evaluated', 1, '2022-09-23 11:51:24', '2022-11-09 11:24:05', 38, 21, 21, 0),
(892, 0, NULL, 'Not Evaluated', 1, '2022-09-23 11:51:24', '2022-11-09 10:28:29', 39, NULL, 21, 0),
(893, 0, NULL, 'Not Evaluated', 1, '2022-09-23 11:51:24', '2022-11-09 11:23:26', 40, 21, 21, 0),
(894, 0, NULL, 'Not Evaluated', 1, '2022-09-23 11:51:24', '2022-11-09 11:24:05', 41, 21, 21, 0),
(895, 0, NULL, 'Not Evaluated', 1, '2022-09-23 11:51:24', '2022-11-09 11:24:05', 42, 21, 21, 0),
(896, 0, NULL, 'Not Evaluated', 1, '2022-09-23 11:51:24', '2022-09-23 11:51:24', 43, NULL, 21, 1),
(897, 0, NULL, 'Not Evaluated', 1, '2022-09-23 11:51:24', '2022-09-23 11:51:24', 44, NULL, 21, 1),
(898, 0, NULL, 'Not Evaluated', 1, '2022-09-23 11:51:24', '2022-09-23 11:51:24', 45, NULL, 21, 1),
(899, 0, NULL, 'Not Evaluated', 1, '2022-09-23 11:51:24', '2022-09-23 11:51:24', 46, NULL, 21, 1),
(900, 0, NULL, 'Not Evaluated', 1, '2022-09-23 11:51:24', '2022-09-23 11:51:24', 47, NULL, 21, 1),
(901, 0, NULL, 'Not Evaluated', 1, '2022-09-23 11:51:24', '2022-11-09 10:25:40', 48, NULL, 21, 0),
(902, 0, NULL, 'Not Evaluated', 1, '2022-09-23 11:51:24', '2022-09-23 11:51:24', 49, NULL, 21, 1),
(903, 0, NULL, 'Not Evaluated', 1, '2022-09-23 11:51:24', '2022-09-23 11:51:24', 50, NULL, 21, 1),
(904, 0, NULL, 'Not Evaluated', 1, '2022-09-23 11:51:24', '2022-09-23 11:51:24', 51, NULL, 21, 1),
(905, 0, NULL, 'Not Evaluated', 1, '2022-09-23 11:51:24', '2022-09-23 11:51:24', 52, NULL, 21, 1),
(906, 0, NULL, 'Not Evaluated', 1, '2022-09-23 11:51:24', '2022-09-23 11:51:24', 53, NULL, 21, 1),
(907, 0, NULL, 'Not Evaluated', 1, '2022-09-23 11:51:24', '2022-09-23 11:51:24', 54, NULL, 21, 1),
(908, 0, NULL, 'Not Evaluated', 1, '2022-09-23 11:51:24', '2022-09-23 11:51:24', 55, NULL, 21, 1),
(909, 0, NULL, 'Not Evaluated', 1, '2022-09-23 11:51:24', '2022-09-23 11:51:24', 56, NULL, 21, 1),
(910, 0, NULL, 'Not Evaluated', 1, '2022-09-23 11:51:24', '2022-09-23 11:51:24', 57, NULL, 21, 1),
(911, 0, NULL, 'Not Evaluated', 1, '2022-09-23 11:51:24', '2022-09-23 11:51:24', 58, NULL, 21, 1),
(912, 0, NULL, 'Not Evaluated', 1, '2022-09-23 11:51:24', '2022-09-23 11:51:24', 59, NULL, 21, 1),
(913, 0, NULL, 'Not Evaluated', 1, '2022-09-23 11:51:24', '2022-09-23 11:51:24', 60, NULL, 21, 1),
(914, 0, NULL, 'Not Evaluated', 1, '2022-09-23 11:51:24', '2022-09-23 11:51:24', 61, NULL, 21, 1),
(915, 0, NULL, 'Not Evaluated', 1, '2022-09-23 11:51:24', '2022-09-23 11:51:24', 62, NULL, 21, 1),
(916, 0, NULL, 'Not Evaluated', 1, '2022-09-23 11:51:24', '2022-09-23 11:51:24', 63, NULL, 21, 1),
(917, 0, NULL, 'Not Evaluated', 1, '2022-09-23 11:51:24', '2022-09-23 11:51:24', 64, NULL, 21, 1),
(918, 0, NULL, 'Not Evaluated', 1, '2022-09-23 11:51:24', '2022-09-23 11:51:24', 65, NULL, 21, 1),
(919, 0, NULL, 'Not Evaluated', 1, '2022-09-23 11:51:24', '2022-09-23 11:51:24', 66, NULL, 21, 1),
(920, 0, NULL, 'Not Evaluated', 1, '2022-09-23 11:51:24', '2022-09-23 11:51:24', 67, NULL, 21, 1),
(921, 0, NULL, 'Not Evaluated', 1, '2022-09-23 11:51:24', '2022-09-23 11:51:24', 68, NULL, 21, 1),
(926, 0, NULL, 'Not Evaluated', 1, '2022-09-23 11:51:43', '2022-12-02 16:09:53', 69, 7, 7, 1),
(927, 0, NULL, 'Not Evaluated', 1, '2022-09-23 11:51:43', '2022-09-23 11:51:43', 69, NULL, 9, 1),
(929, 0, NULL, 'Not Evaluated', 1, '2022-09-23 11:51:43', '2022-09-23 11:51:43', 69, NULL, 12, 1),
(930, 0, NULL, 'Not Evaluated', 1, '2022-09-23 11:51:43', '2022-09-23 11:51:43', 69, NULL, 13, 1),
(931, 0, NULL, 'Not Evaluated', 1, '2022-09-23 11:51:43', '2022-09-23 11:51:43', 69, NULL, 15, 1),
(932, 0, NULL, 'Not Evaluated', 1, '2022-09-23 11:51:43', '2022-09-23 11:51:43', 69, NULL, 16, 1),
(933, 0, NULL, 'Not Evaluated', 1, '2022-09-23 11:51:43', '2022-09-23 11:51:43', 69, NULL, 17, 1),
(934, 0, NULL, 'Not Evaluated', 1, '2022-09-23 11:51:43', '2022-09-23 11:51:43', 69, NULL, 18, 1),
(935, 0, NULL, 'Not Evaluated', 1, '2022-09-23 11:51:43', '2022-09-23 11:51:43', 69, NULL, 19, 1),
(936, 0, NULL, 'Not Evaluated', 1, '2022-09-23 11:51:43', '2022-09-23 11:51:43', 69, NULL, 20, 1),
(937, 0, NULL, 'Not Evaluated', 1, '2022-09-23 11:51:43', '2022-09-23 11:51:43', 69, NULL, 21, 1),
(942, 0, NULL, 'Not Evaluated', 1, '2022-09-23 11:53:30', '2022-12-02 16:09:53', 70, 7, 7, 1),
(943, 0, NULL, 'Not Evaluated', 1, '2022-09-23 11:53:30', '2022-09-23 11:53:30', 70, NULL, 9, 1),
(945, 0, NULL, 'Not Evaluated', 1, '2022-09-23 11:53:30', '2022-09-23 11:53:30', 70, NULL, 12, 1),
(946, 0, NULL, 'Not Evaluated', 1, '2022-09-23 11:53:30', '2022-09-23 11:53:30', 70, NULL, 13, 1),
(947, 0, NULL, 'Not Evaluated', 1, '2022-09-23 11:53:30', '2022-09-23 11:53:30', 70, NULL, 15, 1),
(948, 0, NULL, 'Not Evaluated', 1, '2022-09-23 11:53:30', '2022-09-23 11:53:30', 70, NULL, 16, 1),
(949, 0, NULL, 'Not Evaluated', 1, '2022-09-23 11:53:30', '2022-09-23 11:53:30', 70, NULL, 17, 1),
(950, 0, NULL, 'Not Evaluated', 1, '2022-09-23 11:53:30', '2022-09-23 11:53:30', 70, NULL, 18, 1),
(951, 0, NULL, 'Not Evaluated', 1, '2022-09-23 11:53:30', '2022-09-23 11:53:30', 70, NULL, 19, 1),
(952, 0, NULL, 'Not Evaluated', 1, '2022-09-23 11:53:30', '2022-09-23 11:53:30', 70, NULL, 20, 1),
(953, 0, NULL, 'Not Evaluated', 1, '2022-09-23 11:53:30', '2022-09-23 11:53:30', 70, NULL, 21, 1),
(958, 0, NULL, 'Not Evaluated', 1, '2022-09-23 11:53:30', '2022-12-02 16:09:53', 71, 7, 7, 1),
(959, 0, NULL, 'Not Evaluated', 1, '2022-09-23 11:53:30', '2022-09-23 11:53:30', 71, NULL, 9, 1),
(961, 0, NULL, 'Not Evaluated', 1, '2022-09-23 11:53:30', '2022-09-23 11:53:30', 71, NULL, 12, 1),
(962, 0, NULL, 'Not Evaluated', 1, '2022-09-23 11:53:30', '2022-09-23 11:53:30', 71, NULL, 13, 1),
(963, 0, NULL, 'Not Evaluated', 1, '2022-09-23 11:53:30', '2022-09-23 11:53:30', 71, NULL, 15, 1),
(964, 0, NULL, 'Not Evaluated', 1, '2022-09-23 11:53:30', '2022-09-23 11:53:30', 71, NULL, 16, 1),
(965, 0, NULL, 'Not Evaluated', 1, '2022-09-23 11:53:30', '2022-09-23 11:53:30', 71, NULL, 17, 1),
(966, 0, NULL, 'Not Evaluated', 1, '2022-09-23 11:53:30', '2022-09-23 11:53:30', 71, NULL, 18, 1),
(967, 0, NULL, 'Not Evaluated', 1, '2022-09-23 11:53:30', '2022-09-23 11:53:30', 71, NULL, 19, 1),
(968, 0, NULL, 'Not Evaluated', 1, '2022-09-23 11:53:30', '2022-09-23 11:53:30', 71, NULL, 20, 1),
(969, 0, NULL, 'Not Evaluated', 1, '2022-09-23 11:53:30', '2022-09-23 11:53:30', 71, NULL, 21, 1),
(970, 0, NULL, 'Not Evaluated', 1, '2022-09-23 13:27:11', '2022-09-23 13:27:11', 1, NULL, 22, 1),
(971, 0, NULL, 'Not Evaluated', 1, '2022-09-23 13:27:11', '2022-09-23 13:27:11', 2, NULL, 22, 1),
(972, 0, NULL, 'Not Evaluated', 1, '2022-09-23 13:27:11', '2022-11-09 13:32:56', 3, 22, 22, 0),
(973, 0, NULL, 'Not Evaluated', 1, '2022-09-23 13:27:11', '2022-09-23 13:27:11', 4, NULL, 22, 1),
(974, 0, NULL, 'Not Evaluated', 1, '2022-09-23 13:27:11', '2022-11-09 09:24:32', 5, NULL, 22, 0),
(975, 0, NULL, 'Not Evaluated', 1, '2022-09-23 13:27:11', '2022-11-09 13:32:56', 6, 22, 22, 0),
(976, 0, NULL, 'Not Evaluated', 1, '2022-09-23 13:27:11', '2022-11-09 09:28:28', 7, NULL, 22, 0),
(977, 0, NULL, 'Not Evaluated', 1, '2022-09-23 13:27:11', '2022-11-09 13:32:56', 8, 22, 22, 0),
(978, 0, NULL, 'Not Evaluated', 1, '2022-09-23 13:27:11', '2022-09-23 13:27:11', 9, NULL, 22, 1),
(979, 0, NULL, 'Not Evaluated', 1, '2022-09-23 13:27:11', '2022-11-09 11:09:24', 10, NULL, 22, 0),
(980, 0, NULL, 'Not Evaluated', 1, '2022-09-23 13:27:11', '2022-11-09 11:19:43', 11, NULL, 22, 0),
(981, 0, NULL, 'Not Evaluated', 1, '2022-09-23 13:27:11', '2022-11-09 11:22:05', 12, NULL, 22, 0),
(982, 0, NULL, 'Not Evaluated', 1, '2022-09-23 13:27:11', '2022-11-09 09:28:55', 13, NULL, 22, 1),
(983, 0, NULL, 'Not Evaluated', 1, '2022-09-23 13:27:11', '2022-11-09 13:32:56', 14, 22, 22, 0),
(984, 0, NULL, 'Not Evaluated', 1, '2022-09-23 13:27:11', '2022-09-23 13:27:11', 15, NULL, 22, 1),
(985, 0, NULL, 'Not Evaluated', 1, '2022-09-23 13:27:11', '2022-11-09 11:21:11', 16, NULL, 22, 0),
(986, 0, NULL, 'Not Evaluated', 1, '2022-09-23 13:27:11', '2022-09-23 13:27:11', 17, NULL, 22, 1),
(987, 0, NULL, 'Not Evaluated', 1, '2022-09-23 13:27:11', '2022-09-23 13:27:11', 18, NULL, 22, 1),
(988, 0, NULL, 'Not Evaluated', 1, '2022-09-23 13:27:11', '2022-09-23 13:27:11', 19, NULL, 22, 1),
(989, 0, NULL, 'Not Evaluated', 1, '2022-09-23 13:27:11', '2022-09-23 13:27:11', 20, NULL, 22, 1),
(990, 0, NULL, 'Not Evaluated', 1, '2022-09-23 13:27:11', '2022-09-23 13:27:11', 21, NULL, 22, 1),
(991, 0, NULL, 'Not Evaluated', 1, '2022-09-23 13:27:11', '2022-11-09 13:32:56', 22, 22, 22, 1),
(992, 0, NULL, 'Not Evaluated', 1, '2022-09-23 13:27:11', '2022-09-23 13:27:11', 23, NULL, 22, 1),
(993, 0, NULL, 'Not Evaluated', 1, '2022-09-23 13:27:11', '2022-09-23 13:27:11', 24, NULL, 22, 1),
(994, 0, NULL, 'Not Evaluated', 1, '2022-09-23 13:27:11', '2022-09-23 13:27:11', 25, NULL, 22, 1),
(995, 0, NULL, 'Not Evaluated', 1, '2022-09-23 13:27:11', '2022-09-23 13:27:11', 26, NULL, 22, 1),
(996, 0, NULL, 'Not Evaluated', 1, '2022-09-23 13:27:11', '2022-09-23 13:27:11', 27, NULL, 22, 1),
(997, 0, NULL, 'Not Evaluated', 1, '2022-09-23 13:27:11', '2022-09-23 13:27:11', 28, NULL, 22, 1),
(998, 0, NULL, 'Not Evaluated', 1, '2022-09-23 13:27:11', '2022-09-23 13:27:11', 29, NULL, 22, 1),
(999, 0, NULL, 'Not Evaluated', 1, '2022-09-23 13:27:11', '2022-09-23 13:27:11', 30, NULL, 22, 1),
(1000, 0, NULL, 'Not Evaluated', 1, '2022-09-23 13:27:11', '2022-09-23 13:27:11', 31, NULL, 22, 1),
(1001, 0, NULL, 'Not Evaluated', 1, '2022-09-23 13:27:11', '2022-09-23 13:27:11', 32, NULL, 22, 1),
(1002, 0, NULL, 'Not Evaluated', 1, '2022-09-23 13:27:11', '2022-09-23 13:27:11', 33, NULL, 22, 1),
(1003, 0, NULL, 'Not Evaluated', 1, '2022-09-23 13:27:11', '2022-09-23 13:27:11', 34, NULL, 22, 1),
(1004, 0, NULL, 'Not Evaluated', 1, '2022-09-23 13:27:11', '2022-09-23 13:27:11', 35, NULL, 22, 1),
(1005, 0, NULL, 'Not Evaluated', 1, '2022-09-23 13:27:11', '2022-09-23 13:27:11', 36, NULL, 22, 1),
(1006, 0, NULL, 'Not Evaluated', 1, '2022-09-23 13:27:11', '2022-09-23 13:27:11', 37, NULL, 22, 1),
(1007, 0, NULL, 'Not Evaluated', 1, '2022-09-23 13:27:11', '2022-09-23 13:27:11', 38, NULL, 22, 1),
(1008, 0, NULL, 'Not Evaluated', 1, '2022-09-23 13:27:11', '2022-09-23 13:27:11', 39, NULL, 22, 1),
(1009, 0, NULL, 'Not Evaluated', 1, '2022-09-23 13:27:11', '2022-09-23 13:27:11', 40, NULL, 22, 1),
(1010, 0, NULL, 'Not Evaluated', 1, '2022-09-23 13:27:11', '2022-09-23 13:27:11', 41, NULL, 22, 1),
(1011, 0, NULL, 'Not Evaluated', 1, '2022-09-23 13:27:11', '2022-09-23 13:27:11', 42, NULL, 22, 1),
(1012, 0, NULL, 'Not Evaluated', 1, '2022-09-23 13:27:11', '2022-09-23 13:27:11', 43, NULL, 22, 1),
(1013, 0, NULL, 'Not Evaluated', 1, '2022-09-23 13:27:11', '2022-09-23 13:27:11', 44, NULL, 22, 1),
(1014, 0, NULL, 'Not Evaluated', 1, '2022-09-23 13:27:11', '2022-09-23 13:27:11', 45, NULL, 22, 1),
(1015, 0, NULL, 'Not Evaluated', 1, '2022-09-23 13:27:11', '2022-09-23 13:27:11', 46, NULL, 22, 1),
(1016, 0, NULL, 'Not Evaluated', 1, '2022-09-23 13:27:11', '2022-09-23 13:27:11', 47, NULL, 22, 1),
(1017, 0, NULL, 'Not Evaluated', 1, '2022-09-23 13:27:11', '2022-09-23 13:27:11', 48, NULL, 22, 1),
(1018, 0, NULL, 'Not Evaluated', 1, '2022-09-23 13:27:11', '2022-09-23 13:27:11', 49, NULL, 22, 1),
(1019, 0, NULL, 'Not Evaluated', 1, '2022-09-23 13:27:11', '2022-09-23 13:27:11', 50, NULL, 22, 1),
(1020, 0, NULL, 'Not Evaluated', 1, '2022-09-23 13:27:11', '2022-09-23 13:27:11', 51, NULL, 22, 1),
(1021, 0, NULL, 'Not Evaluated', 1, '2022-09-23 13:27:11', '2022-09-23 13:27:11', 52, NULL, 22, 1),
(1022, 0, NULL, 'Not Evaluated', 1, '2022-09-23 13:27:11', '2022-09-23 13:27:11', 53, NULL, 22, 1),
(1023, 0, NULL, 'Not Evaluated', 1, '2022-09-23 13:27:11', '2022-09-23 13:27:11', 54, NULL, 22, 1),
(1024, 0, NULL, 'Not Evaluated', 1, '2022-09-23 13:27:11', '2022-09-23 13:27:11', 55, NULL, 22, 1),
(1025, 0, NULL, 'Not Evaluated', 1, '2022-09-23 13:27:11', '2022-09-23 13:27:11', 56, NULL, 22, 1),
(1026, 0, NULL, 'Not Evaluated', 1, '2022-09-23 13:27:11', '2022-09-23 13:27:11', 57, NULL, 22, 1),
(1027, 0, NULL, 'Not Evaluated', 1, '2022-09-23 13:27:11', '2022-09-23 13:27:11', 58, NULL, 22, 1),
(1028, 0, NULL, 'Not Evaluated', 1, '2022-09-23 13:27:11', '2022-09-23 13:27:11', 59, NULL, 22, 1),
(1029, 0, NULL, 'Not Evaluated', 1, '2022-09-23 13:27:11', '2022-09-23 13:27:11', 60, NULL, 22, 1),
(1030, 0, NULL, 'Not Evaluated', 1, '2022-09-23 13:27:11', '2022-09-23 13:27:11', 61, NULL, 22, 1),
(1031, 0, NULL, 'Not Evaluated', 1, '2022-09-23 13:27:11', '2022-09-23 13:27:11', 62, NULL, 22, 1),
(1032, 0, NULL, 'Not Evaluated', 1, '2022-09-23 13:27:11', '2022-09-23 13:27:11', 63, NULL, 22, 1),
(1033, 0, NULL, 'Not Evaluated', 1, '2022-09-23 13:27:11', '2022-09-23 13:27:11', 64, NULL, 22, 1),
(1034, 0, NULL, 'Not Evaluated', 1, '2022-09-23 13:27:11', '2022-09-23 13:27:11', 65, NULL, 22, 1),
(1035, 0, NULL, 'Not Evaluated', 1, '2022-09-23 13:27:11', '2022-09-23 13:27:11', 66, NULL, 22, 1),
(1036, 0, NULL, 'Not Evaluated', 1, '2022-09-23 13:27:11', '2022-09-23 13:27:11', 67, NULL, 22, 1),
(1037, 0, NULL, 'Not Evaluated', 1, '2022-09-23 13:27:11', '2022-09-23 13:27:11', 68, NULL, 22, 1),
(1038, 0, NULL, 'Not Evaluated', 1, '2022-09-23 13:27:11', '2022-09-23 13:27:11', 69, NULL, 22, 1),
(1039, 0, NULL, 'Not Evaluated', 1, '2022-09-23 13:27:11', '2022-09-23 13:27:11', 70, NULL, 22, 1),
(1040, 0, NULL, 'Not Evaluated', 1, '2022-09-23 13:27:11', '2022-09-23 13:27:11', 71, NULL, 22, 1),
(1045, 0, NULL, 'Not Evaluated', 1, '2022-09-23 13:31:07', '2022-12-02 14:26:52', 72, 7, 7, 0),
(1046, 0, NULL, 'Not Evaluated', 1, '2022-09-23 13:31:07', '2022-09-23 13:31:07', 72, NULL, 9, 1),
(1048, 0, NULL, 'Not Evaluated', 1, '2022-09-23 13:31:07', '2022-09-23 13:31:07', 72, NULL, 12, 1),
(1049, 0, NULL, 'Not Evaluated', 1, '2022-09-23 13:31:07', '2022-09-23 13:31:07', 72, NULL, 13, 1),
(1050, 0, NULL, 'Not Evaluated', 1, '2022-09-23 13:31:07', '2022-09-23 13:31:07', 72, NULL, 15, 1),
(1051, 0, NULL, 'Not Evaluated', 1, '2022-09-23 13:31:07', '2022-09-23 13:31:07', 72, NULL, 16, 1),
(1052, 0, NULL, 'Not Evaluated', 1, '2022-09-23 13:31:07', '2022-09-23 13:31:07', 72, NULL, 17, 1),
(1053, 0, NULL, 'Not Evaluated', 1, '2022-09-23 13:31:07', '2022-09-23 13:31:07', 72, NULL, 18, 1),
(1054, 0, NULL, 'Not Evaluated', 1, '2022-09-23 13:31:07', '2022-09-23 13:31:07', 72, NULL, 19, 1),
(1055, 0, NULL, 'Not Evaluated', 1, '2022-09-23 13:31:07', '2022-09-23 13:31:07', 72, NULL, 20, 1),
(1056, 0, NULL, 'Not Evaluated', 1, '2022-09-23 13:31:07', '2022-09-23 13:31:07', 72, NULL, 21, 1),
(1057, 0, NULL, 'Not Evaluated', 1, '2022-09-23 13:31:07', '2022-09-23 13:31:07', 72, NULL, 22, 1),
(1062, 0, NULL, 'Not Evaluated', 1, '2022-09-23 13:31:07', '2022-12-02 16:09:54', 74, 7, 7, 1),
(1063, 0, NULL, 'Not Evaluated', 1, '2022-09-23 13:31:07', '2022-09-23 13:31:07', 74, NULL, 9, 1),
(1065, 0, NULL, 'Not Evaluated', 1, '2022-09-23 13:31:07', '2022-09-23 13:31:07', 74, NULL, 12, 1),
(1066, 0, NULL, 'Not Evaluated', 1, '2022-09-23 13:31:07', '2022-09-23 13:31:07', 74, NULL, 13, 1),
(1067, 0, NULL, 'Not Evaluated', 1, '2022-09-23 13:31:07', '2022-09-23 13:31:07', 74, NULL, 15, 1),
(1068, 0, NULL, 'Not Evaluated', 1, '2022-09-23 13:31:07', '2022-09-23 13:31:07', 74, NULL, 16, 1),
(1069, 0, NULL, 'Not Evaluated', 1, '2022-09-23 13:31:07', '2022-09-23 13:31:07', 74, NULL, 17, 1),
(1070, 0, NULL, 'Not Evaluated', 1, '2022-09-23 13:31:07', '2022-09-23 13:31:07', 74, NULL, 18, 1),
(1071, 0, NULL, 'Not Evaluated', 1, '2022-09-23 13:31:07', '2022-09-23 13:31:07', 74, NULL, 19, 1),
(1072, 0, NULL, 'Not Evaluated', 1, '2022-09-23 13:31:07', '2022-09-23 13:31:07', 74, NULL, 20, 1),
(1073, 0, NULL, 'Not Evaluated', 1, '2022-09-23 13:31:07', '2022-09-23 13:31:07', 74, NULL, 21, 1),
(1074, 0, NULL, 'Not Evaluated', 1, '2022-09-23 13:31:07', '2022-09-23 13:31:07', 74, NULL, 22, 1),
(1079, 0, NULL, 'Not Evaluated', 1, '2022-09-23 13:31:07', '2022-12-02 16:09:54', 73, 7, 7, 1),
(1080, 0, NULL, 'Not Evaluated', 1, '2022-09-23 13:31:07', '2022-09-23 13:31:07', 73, NULL, 9, 1),
(1082, 0, NULL, 'Not Evaluated', 1, '2022-09-23 13:31:07', '2022-09-23 13:31:07', 73, NULL, 12, 1),
(1083, 0, NULL, 'Not Evaluated', 1, '2022-09-23 13:31:07', '2022-09-23 13:31:07', 73, NULL, 13, 1),
(1084, 0, NULL, 'Not Evaluated', 1, '2022-09-23 13:31:07', '2022-09-23 13:31:07', 73, NULL, 15, 1),
(1085, 0, NULL, 'Not Evaluated', 1, '2022-09-23 13:31:07', '2022-09-23 13:31:07', 73, NULL, 16, 1),
(1086, 0, NULL, 'Not Evaluated', 1, '2022-09-23 13:31:07', '2022-09-23 13:31:07', 73, NULL, 17, 1),
(1087, 0, NULL, 'Not Evaluated', 1, '2022-09-23 13:31:07', '2022-09-23 13:31:07', 73, NULL, 18, 1),
(1088, 0, NULL, 'Not Evaluated', 1, '2022-09-23 13:31:07', '2022-09-23 13:31:07', 73, NULL, 19, 1),
(1089, 0, NULL, 'Not Evaluated', 1, '2022-09-23 13:31:07', '2022-09-23 13:31:07', 73, NULL, 20, 1),
(1090, 0, NULL, 'Not Evaluated', 1, '2022-09-23 13:31:07', '2022-09-23 13:31:07', 73, NULL, 21, 1),
(1091, 0, NULL, 'Not Evaluated', 1, '2022-09-23 13:31:07', '2022-09-23 13:31:07', 73, NULL, 22, 1),
(1096, 0, NULL, 'Not Evaluated', 1, '2022-09-23 13:31:07', '2022-12-02 14:29:58', 75, 7, 7, 0),
(1097, 0, NULL, 'Not Evaluated', 1, '2022-09-23 13:31:07', '2022-09-23 13:31:07', 75, NULL, 9, 1),
(1099, 0, NULL, 'Not Evaluated', 1, '2022-09-23 13:31:07', '2022-09-23 13:31:07', 75, NULL, 12, 1),
(1100, 0, NULL, 'Not Evaluated', 1, '2022-09-23 13:31:07', '2022-09-23 13:31:07', 75, NULL, 13, 1),
(1101, 0, NULL, 'Not Evaluated', 1, '2022-09-23 13:31:07', '2022-09-23 13:31:07', 75, NULL, 15, 1),
(1102, 0, NULL, 'Not Evaluated', 1, '2022-09-23 13:31:07', '2022-09-23 13:31:07', 75, NULL, 16, 1),
(1103, 0, NULL, 'Not Evaluated', 1, '2022-09-23 13:31:07', '2022-09-23 13:31:07', 75, NULL, 17, 1),
(1104, 0, NULL, 'Not Evaluated', 1, '2022-09-23 13:31:07', '2022-09-23 13:31:07', 75, NULL, 18, 1),
(1105, 0, NULL, 'Not Evaluated', 1, '2022-09-23 13:31:07', '2022-09-23 13:31:07', 75, NULL, 19, 1),
(1106, 0, NULL, 'Not Evaluated', 1, '2022-09-23 13:31:07', '2022-09-23 13:31:07', 75, NULL, 20, 1),
(1107, 0, NULL, 'Not Evaluated', 1, '2022-09-23 13:31:07', '2022-09-23 13:31:07', 75, NULL, 21, 1),
(1108, 0, NULL, 'Not Evaluated', 1, '2022-09-23 13:31:07', '2022-09-23 13:31:07', 75, NULL, 22, 1),
(1113, 0, NULL, 'Not Evaluated', 1, '2022-09-23 13:31:07', '2022-12-02 14:28:26', 76, 7, 7, 0),
(1114, 0, NULL, 'Not Evaluated', 1, '2022-09-23 13:31:07', '2022-09-23 13:31:07', 76, NULL, 9, 1),
(1116, 0, NULL, 'Not Evaluated', 1, '2022-09-23 13:31:07', '2022-09-23 13:31:07', 76, NULL, 12, 1),
(1117, 0, NULL, 'Not Evaluated', 1, '2022-09-23 13:31:07', '2022-09-23 13:31:07', 76, NULL, 13, 1),
(1118, 0, NULL, 'Not Evaluated', 1, '2022-09-23 13:31:07', '2022-09-23 13:31:07', 76, NULL, 15, 1),
(1119, 0, NULL, 'Not Evaluated', 1, '2022-09-23 13:31:07', '2022-09-23 13:31:07', 76, NULL, 16, 1),
(1120, 0, NULL, 'Not Evaluated', 1, '2022-09-23 13:31:07', '2022-09-23 13:31:07', 76, NULL, 17, 1),
(1121, 0, NULL, 'Not Evaluated', 1, '2022-09-23 13:31:07', '2022-09-23 13:31:07', 76, NULL, 18, 1),
(1122, 0, NULL, 'Not Evaluated', 1, '2022-09-23 13:31:07', '2022-09-23 13:31:07', 76, NULL, 19, 1),
(1123, 0, NULL, 'Not Evaluated', 1, '2022-09-23 13:31:07', '2022-09-23 13:31:07', 76, NULL, 20, 1),
(1124, 0, NULL, 'Not Evaluated', 1, '2022-09-23 13:31:07', '2022-09-23 13:31:07', 76, NULL, 21, 1),
(1125, 0, NULL, 'Not Evaluated', 1, '2022-09-23 13:31:07', '2022-09-23 13:31:07', 76, NULL, 22, 1),
(1130, 0, NULL, 'Not Evaluated', 1, '2022-09-23 13:31:07', '2022-12-02 14:26:53', 80, 7, 7, 0),
(1131, 0, NULL, 'Not Evaluated', 1, '2022-09-23 13:31:07', '2022-09-23 13:31:07', 80, NULL, 9, 1),
(1133, 0, NULL, 'Not Evaluated', 1, '2022-09-23 13:31:07', '2022-09-23 13:31:07', 80, NULL, 12, 1),
(1134, 0, NULL, 'Not Evaluated', 1, '2022-09-23 13:31:07', '2022-09-23 13:31:07', 80, NULL, 13, 1),
(1135, 0, NULL, 'Not Evaluated', 1, '2022-09-23 13:31:07', '2022-09-23 13:31:07', 80, NULL, 15, 1),
(1136, 0, NULL, 'Not Evaluated', 1, '2022-09-23 13:31:07', '2022-09-23 13:31:07', 80, NULL, 16, 1),
(1137, 0, NULL, 'Not Evaluated', 1, '2022-09-23 13:31:07', '2022-09-23 13:31:07', 80, NULL, 17, 1),
(1138, 0, NULL, 'Not Evaluated', 1, '2022-09-23 13:31:07', '2022-09-23 13:31:07', 80, NULL, 18, 1),
(1139, 0, NULL, 'Not Evaluated', 1, '2022-09-23 13:31:07', '2022-09-23 13:31:07', 80, NULL, 19, 1),
(1140, 0, NULL, 'Not Evaluated', 1, '2022-09-23 13:31:07', '2022-09-23 13:31:07', 80, NULL, 20, 1),
(1141, 0, NULL, 'Not Evaluated', 1, '2022-09-23 13:31:07', '2022-09-23 13:31:07', 80, NULL, 21, 1),
(1142, 0, NULL, 'Not Evaluated', 1, '2022-09-23 13:31:07', '2022-09-23 13:31:07', 80, NULL, 22, 1),
(1147, 0, NULL, 'Not Evaluated', 1, '2022-09-23 13:31:07', '2022-12-02 16:09:53', 79, 7, 7, 1),
(1148, 0, NULL, 'Not Evaluated', 1, '2022-09-23 13:31:07', '2022-09-23 13:31:07', 79, NULL, 9, 1),
(1150, 0, NULL, 'Not Evaluated', 1, '2022-09-23 13:31:07', '2022-09-23 13:31:07', 79, NULL, 12, 1),
(1151, 0, NULL, 'Not Evaluated', 1, '2022-09-23 13:31:07', '2022-09-23 13:31:07', 79, NULL, 13, 1),
(1152, 0, NULL, 'Not Evaluated', 1, '2022-09-23 13:31:07', '2022-09-23 13:31:07', 79, NULL, 15, 1),
(1153, 0, NULL, 'Not Evaluated', 1, '2022-09-23 13:31:07', '2022-09-23 13:31:07', 79, NULL, 16, 1),
(1154, 0, NULL, 'Not Evaluated', 1, '2022-09-23 13:31:07', '2022-09-23 13:31:07', 79, NULL, 17, 1),
(1155, 0, NULL, 'Not Evaluated', 1, '2022-09-23 13:31:07', '2022-09-23 13:31:07', 79, NULL, 18, 1),
(1156, 0, NULL, 'Not Evaluated', 1, '2022-09-23 13:31:07', '2022-09-23 13:31:07', 79, NULL, 19, 1),
(1157, 0, NULL, 'Not Evaluated', 1, '2022-09-23 13:31:07', '2022-09-23 13:31:07', 79, NULL, 20, 1),
(1158, 0, NULL, 'Not Evaluated', 1, '2022-09-23 13:31:07', '2022-09-23 13:31:07', 79, NULL, 21, 1),
(1159, 0, NULL, 'Not Evaluated', 1, '2022-09-23 13:31:07', '2022-09-23 13:31:07', 79, NULL, 22, 1),
(1164, 0, NULL, 'Not Evaluated', 1, '2022-09-23 13:31:07', '2022-12-02 16:09:54', 77, 7, 7, 1),
(1165, 0, NULL, 'Not Evaluated', 1, '2022-09-23 13:31:07', '2022-09-23 13:31:07', 77, NULL, 9, 1),
(1167, 0, NULL, 'Not Evaluated', 1, '2022-09-23 13:31:07', '2022-09-23 13:31:07', 77, NULL, 12, 1),
(1168, 0, NULL, 'Not Evaluated', 1, '2022-09-23 13:31:07', '2022-09-23 13:31:07', 77, NULL, 13, 1),
(1169, 0, NULL, 'Not Evaluated', 1, '2022-09-23 13:31:07', '2022-09-23 13:31:07', 77, NULL, 15, 1),
(1170, 0, NULL, 'Not Evaluated', 1, '2022-09-23 13:31:07', '2022-09-23 13:31:07', 77, NULL, 16, 1),
(1171, 0, NULL, 'Not Evaluated', 1, '2022-09-23 13:31:07', '2022-09-23 13:31:07', 77, NULL, 17, 1),
(1172, 0, NULL, 'Not Evaluated', 1, '2022-09-23 13:31:07', '2022-09-23 13:31:07', 77, NULL, 18, 1),
(1173, 0, NULL, 'Not Evaluated', 1, '2022-09-23 13:31:07', '2022-09-23 13:31:07', 77, NULL, 19, 1),
(1174, 0, NULL, 'Not Evaluated', 1, '2022-09-23 13:31:07', '2022-09-23 13:31:07', 77, NULL, 20, 1),
(1175, 0, NULL, 'Not Evaluated', 1, '2022-09-23 13:31:07', '2022-09-23 13:31:07', 77, NULL, 21, 1),
(1176, 0, NULL, 'Not Evaluated', 1, '2022-09-23 13:31:07', '2022-09-23 13:31:07', 77, NULL, 22, 1),
(1181, 0, NULL, 'Not Evaluated', 1, '2022-09-23 13:31:07', '2022-12-02 16:09:54', 82, 7, 7, 1),
(1182, 0, NULL, 'Not Evaluated', 1, '2022-09-23 13:31:07', '2022-09-23 13:31:07', 82, NULL, 9, 1),
(1184, 0, NULL, 'Not Evaluated', 1, '2022-09-23 13:31:07', '2022-09-23 13:31:07', 82, NULL, 12, 1),
(1185, 0, NULL, 'Not Evaluated', 1, '2022-09-23 13:31:07', '2022-09-23 13:31:07', 82, NULL, 13, 1),
(1186, 0, NULL, 'Not Evaluated', 1, '2022-09-23 13:31:07', '2022-09-23 13:31:07', 82, NULL, 15, 1),
(1187, 0, NULL, 'Not Evaluated', 1, '2022-09-23 13:31:07', '2022-09-23 13:31:07', 82, NULL, 16, 1),
(1188, 0, NULL, 'Not Evaluated', 1, '2022-09-23 13:31:07', '2022-09-23 13:31:07', 82, NULL, 17, 1),
(1189, 0, NULL, 'Not Evaluated', 1, '2022-09-23 13:31:07', '2022-09-23 13:31:07', 82, NULL, 18, 1),
(1190, 0, NULL, 'Not Evaluated', 1, '2022-09-23 13:31:07', '2022-09-23 13:31:07', 82, NULL, 19, 1),
(1191, 0, NULL, 'Not Evaluated', 1, '2022-09-23 13:31:07', '2022-09-23 13:31:07', 82, NULL, 20, 1),
(1192, 0, NULL, 'Not Evaluated', 1, '2022-09-23 13:31:07', '2022-09-23 13:31:07', 82, NULL, 21, 1),
(1193, 0, NULL, 'Not Evaluated', 1, '2022-09-23 13:31:07', '2022-09-23 13:31:07', 82, NULL, 22, 1),
(1198, 0, NULL, 'Not Evaluated', 1, '2022-09-23 13:31:07', '2022-12-02 16:09:54', 78, 7, 7, 1),
(1199, 0, NULL, 'Not Evaluated', 1, '2022-09-23 13:31:07', '2022-09-23 13:31:07', 78, NULL, 9, 1),
(1201, 0, NULL, 'Not Evaluated', 1, '2022-09-23 13:31:07', '2022-09-23 13:31:07', 78, NULL, 12, 1),
(1202, 0, NULL, 'Not Evaluated', 1, '2022-09-23 13:31:07', '2022-09-23 13:31:07', 78, NULL, 13, 1),
(1203, 0, NULL, 'Not Evaluated', 1, '2022-09-23 13:31:07', '2022-09-23 13:31:07', 78, NULL, 15, 1),
(1204, 0, NULL, 'Not Evaluated', 1, '2022-09-23 13:31:07', '2022-09-23 13:31:07', 78, NULL, 16, 1),
(1205, 0, NULL, 'Not Evaluated', 1, '2022-09-23 13:31:07', '2022-09-23 13:31:07', 78, NULL, 17, 1),
(1206, 0, NULL, 'Not Evaluated', 1, '2022-09-23 13:31:07', '2022-09-23 13:31:07', 78, NULL, 18, 1),
(1207, 0, NULL, 'Not Evaluated', 1, '2022-09-23 13:31:07', '2022-09-23 13:31:07', 78, NULL, 19, 1),
(1208, 0, NULL, 'Not Evaluated', 1, '2022-09-23 13:31:07', '2022-09-23 13:31:07', 78, NULL, 20, 1),
(1209, 0, NULL, 'Not Evaluated', 1, '2022-09-23 13:31:07', '2022-09-23 13:31:07', 78, NULL, 21, 1),
(1210, 0, NULL, 'Not Evaluated', 1, '2022-09-23 13:31:07', '2022-09-23 13:31:07', 78, NULL, 22, 1),
(1215, 0, NULL, 'Not Evaluated', 1, '2022-09-23 13:31:07', '2022-12-02 16:09:54', 83, 7, 7, 1),
(1216, 0, NULL, 'Not Evaluated', 1, '2022-09-23 13:31:07', '2022-09-23 13:31:07', 83, NULL, 9, 1),
(1218, 0, NULL, 'Not Evaluated', 1, '2022-09-23 13:31:07', '2022-09-23 13:31:07', 83, NULL, 12, 1),
(1219, 0, NULL, 'Not Evaluated', 1, '2022-09-23 13:31:07', '2022-09-23 13:31:07', 83, NULL, 13, 1),
(1220, 0, NULL, 'Not Evaluated', 1, '2022-09-23 13:31:07', '2022-09-23 13:31:07', 83, NULL, 15, 1),
(1221, 0, NULL, 'Not Evaluated', 1, '2022-09-23 13:31:07', '2022-09-23 13:31:07', 83, NULL, 16, 1),
(1222, 0, NULL, 'Not Evaluated', 1, '2022-09-23 13:31:07', '2022-09-23 13:31:07', 83, NULL, 17, 1),
(1223, 0, NULL, 'Not Evaluated', 1, '2022-09-23 13:31:07', '2022-09-23 13:31:07', 83, NULL, 18, 1),
(1224, 0, NULL, 'Not Evaluated', 1, '2022-09-23 13:31:07', '2022-09-23 13:31:07', 83, NULL, 19, 1),
(1225, 0, NULL, 'Not Evaluated', 1, '2022-09-23 13:31:07', '2022-09-23 13:31:07', 83, NULL, 20, 1),
(1226, 0, NULL, 'Not Evaluated', 1, '2022-09-23 13:31:07', '2022-09-23 13:31:07', 83, NULL, 21, 1),
(1227, 0, NULL, 'Not Evaluated', 1, '2022-09-23 13:31:07', '2022-09-23 13:31:07', 83, NULL, 22, 1),
(1232, 0, NULL, 'Not Evaluated', 1, '2022-09-23 13:31:07', '2022-12-02 16:09:53', 84, 7, 7, 1),
(1233, 0, NULL, 'Not Evaluated', 1, '2022-09-23 13:31:07', '2022-09-23 13:31:07', 84, NULL, 9, 1),
(1235, 0, NULL, 'Not Evaluated', 1, '2022-09-23 13:31:07', '2022-09-23 13:31:07', 84, NULL, 12, 1),
(1236, 0, NULL, 'Not Evaluated', 1, '2022-09-23 13:31:07', '2022-09-23 13:31:07', 84, NULL, 13, 1),
(1237, 0, NULL, 'Not Evaluated', 1, '2022-09-23 13:31:07', '2022-09-23 13:31:07', 84, NULL, 15, 1),
(1238, 0, NULL, 'Not Evaluated', 1, '2022-09-23 13:31:07', '2022-09-23 13:31:07', 84, NULL, 16, 1),
(1239, 0, NULL, 'Not Evaluated', 1, '2022-09-23 13:31:07', '2022-09-23 13:31:07', 84, NULL, 17, 1),
(1240, 0, NULL, 'Not Evaluated', 1, '2022-09-23 13:31:07', '2022-09-23 13:31:07', 84, NULL, 18, 1),
(1241, 0, NULL, 'Not Evaluated', 1, '2022-09-23 13:31:07', '2022-09-23 13:31:07', 84, NULL, 19, 1),
(1242, 0, NULL, 'Not Evaluated', 1, '2022-09-23 13:31:07', '2022-09-23 13:31:07', 84, NULL, 20, 1),
(1243, 0, NULL, 'Not Evaluated', 1, '2022-09-23 13:31:07', '2022-09-23 13:31:07', 84, NULL, 21, 1),
(1244, 0, NULL, 'Not Evaluated', 1, '2022-09-23 13:31:07', '2022-09-23 13:31:07', 84, NULL, 22, 1),
(1249, 0, NULL, 'Not Evaluated', 1, '2022-09-23 13:31:07', '2022-12-02 16:08:59', 85, 7, 7, 0),
(1250, 0, NULL, 'Not Evaluated', 1, '2022-09-23 13:31:07', '2022-09-23 13:31:07', 85, NULL, 9, 1),
(1252, 0, NULL, 'Not Evaluated', 1, '2022-09-23 13:31:07', '2022-09-23 13:31:07', 85, NULL, 12, 1),
(1253, 0, NULL, 'Not Evaluated', 1, '2022-09-23 13:31:07', '2022-09-23 13:31:07', 85, NULL, 13, 1),
(1254, 0, NULL, 'Not Evaluated', 1, '2022-09-23 13:31:07', '2022-09-23 13:31:07', 85, NULL, 15, 1),
(1255, 0, NULL, 'Not Evaluated', 1, '2022-09-23 13:31:07', '2022-09-23 13:31:07', 85, NULL, 16, 1),
(1256, 0, NULL, 'Not Evaluated', 1, '2022-09-23 13:31:07', '2022-09-23 13:31:07', 85, NULL, 17, 1),
(1257, 0, NULL, 'Not Evaluated', 1, '2022-09-23 13:31:07', '2022-09-23 13:31:07', 85, NULL, 18, 1),
(1258, 0, NULL, 'Not Evaluated', 1, '2022-09-23 13:31:07', '2022-09-23 13:31:07', 85, NULL, 19, 1),
(1259, 0, NULL, 'Not Evaluated', 1, '2022-09-23 13:31:07', '2022-09-23 13:31:07', 85, NULL, 20, 1),
(1260, 0, NULL, 'Not Evaluated', 1, '2022-09-23 13:31:07', '2022-09-23 13:31:07', 85, NULL, 21, 1),
(1261, 0, NULL, 'Not Evaluated', 1, '2022-09-23 13:31:07', '2022-09-23 13:31:07', 85, NULL, 22, 1),
(1266, 0, NULL, 'Not Evaluated', 1, '2022-09-23 13:31:07', '2022-12-02 16:09:54', 81, 7, 7, 1),
(1267, 0, NULL, 'Not Evaluated', 1, '2022-09-23 13:31:07', '2022-09-23 13:31:07', 81, NULL, 9, 1),
(1269, 0, NULL, 'Not Evaluated', 1, '2022-09-23 13:31:07', '2022-09-23 13:31:07', 81, NULL, 12, 1),
(1270, 0, NULL, 'Not Evaluated', 1, '2022-09-23 13:31:07', '2022-09-23 13:31:07', 81, NULL, 13, 1),
(1271, 0, NULL, 'Not Evaluated', 1, '2022-09-23 13:31:07', '2022-09-23 13:31:07', 81, NULL, 15, 1),
(1272, 0, NULL, 'Not Evaluated', 1, '2022-09-23 13:31:07', '2022-09-23 13:31:07', 81, NULL, 16, 1),
(1273, 0, NULL, 'Not Evaluated', 1, '2022-09-23 13:31:07', '2022-09-23 13:31:07', 81, NULL, 17, 1),
(1274, 0, NULL, 'Not Evaluated', 1, '2022-09-23 13:31:07', '2022-09-23 13:31:07', 81, NULL, 18, 1),
(1275, 0, NULL, 'Not Evaluated', 1, '2022-09-23 13:31:07', '2022-09-23 13:31:07', 81, NULL, 19, 1),
(1276, 0, NULL, 'Not Evaluated', 1, '2022-09-23 13:31:07', '2022-09-23 13:31:07', 81, NULL, 20, 1),
(1277, 0, NULL, 'Not Evaluated', 1, '2022-09-23 13:31:07', '2022-09-23 13:31:07', 81, NULL, 21, 1),
(1278, 0, NULL, 'Not Evaluated', 1, '2022-09-23 13:31:07', '2022-09-23 13:31:07', 81, NULL, 22, 1),
(1283, 0, NULL, 'Not Evaluated', 1, '2022-09-23 13:31:07', '2022-12-02 16:09:54', 87, 7, 7, 1),
(1284, 0, NULL, 'Not Evaluated', 1, '2022-09-23 13:31:07', '2022-09-23 13:31:07', 87, NULL, 9, 1),
(1286, 0, NULL, 'Not Evaluated', 1, '2022-09-23 13:31:07', '2022-09-23 13:31:07', 87, NULL, 12, 1),
(1287, 0, NULL, 'Not Evaluated', 1, '2022-09-23 13:31:07', '2022-09-23 13:31:07', 87, NULL, 13, 1),
(1288, 0, NULL, 'Not Evaluated', 1, '2022-09-23 13:31:07', '2022-09-23 13:31:07', 87, NULL, 15, 1),
(1289, 0, NULL, 'Not Evaluated', 1, '2022-09-23 13:31:07', '2022-09-23 13:31:07', 87, NULL, 16, 1),
(1290, 0, NULL, 'Not Evaluated', 1, '2022-09-23 13:31:07', '2022-09-23 13:31:07', 87, NULL, 17, 1),
(1291, 0, NULL, 'Not Evaluated', 1, '2022-09-23 13:31:07', '2022-09-23 13:31:07', 87, NULL, 18, 1),
(1292, 0, NULL, 'Not Evaluated', 1, '2022-09-23 13:31:07', '2022-09-23 13:31:07', 87, NULL, 19, 1),
(1293, 0, NULL, 'Not Evaluated', 1, '2022-09-23 13:31:07', '2022-09-23 13:31:07', 87, NULL, 20, 1),
(1294, 0, NULL, 'Not Evaluated', 1, '2022-09-23 13:31:07', '2022-09-23 13:31:07', 87, NULL, 21, 1),
(1295, 0, NULL, 'Not Evaluated', 1, '2022-09-23 13:31:07', '2022-09-23 13:31:07', 87, NULL, 22, 1),
(1300, 0, NULL, 'Not Evaluated', 1, '2022-09-23 13:31:07', '2022-12-02 16:09:54', 88, 7, 7, 1),
(1301, 0, NULL, 'Not Evaluated', 1, '2022-09-23 13:31:07', '2022-09-23 13:31:07', 88, NULL, 9, 1),
(1303, 0, NULL, 'Not Evaluated', 1, '2022-09-23 13:31:07', '2022-09-23 13:31:07', 88, NULL, 12, 1),
(1304, 0, NULL, 'Not Evaluated', 1, '2022-09-23 13:31:07', '2022-09-23 13:31:07', 88, NULL, 13, 1),
(1305, 0, NULL, 'Not Evaluated', 1, '2022-09-23 13:31:07', '2022-09-23 13:31:07', 88, NULL, 15, 1),
(1306, 0, NULL, 'Not Evaluated', 1, '2022-09-23 13:31:07', '2022-09-23 13:31:07', 88, NULL, 16, 1),
(1307, 0, NULL, 'Not Evaluated', 1, '2022-09-23 13:31:07', '2022-09-23 13:31:07', 88, NULL, 17, 1),
(1308, 0, NULL, 'Not Evaluated', 1, '2022-09-23 13:31:07', '2022-09-23 13:31:07', 88, NULL, 18, 1),
(1309, 0, NULL, 'Not Evaluated', 1, '2022-09-23 13:31:07', '2022-09-23 13:31:07', 88, NULL, 19, 1),
(1310, 0, NULL, 'Not Evaluated', 1, '2022-09-23 13:31:07', '2022-09-23 13:31:07', 88, NULL, 20, 1),
(1311, 0, NULL, 'Not Evaluated', 1, '2022-09-23 13:31:07', '2022-09-23 13:31:07', 88, NULL, 21, 1),
(1312, 0, NULL, 'Not Evaluated', 1, '2022-09-23 13:31:07', '2022-09-23 13:31:07', 88, NULL, 22, 1),
(1317, 0, NULL, 'Not Evaluated', 1, '2022-09-23 13:31:07', '2022-12-02 16:09:54', 86, 7, 7, 1),
(1318, 0, NULL, 'Not Evaluated', 1, '2022-09-23 13:31:07', '2022-09-23 13:31:07', 86, NULL, 9, 1),
(1320, 0, NULL, 'Not Evaluated', 1, '2022-09-23 13:31:07', '2022-09-23 13:31:07', 86, NULL, 12, 1),
(1321, 0, NULL, 'Not Evaluated', 1, '2022-09-23 13:31:07', '2022-09-23 13:31:07', 86, NULL, 13, 1),
(1322, 0, NULL, 'Not Evaluated', 1, '2022-09-23 13:31:07', '2022-09-23 13:31:07', 86, NULL, 15, 1),
(1323, 0, NULL, 'Not Evaluated', 1, '2022-09-23 13:31:07', '2022-09-23 13:31:07', 86, NULL, 16, 1),
(1324, 0, NULL, 'Not Evaluated', 1, '2022-09-23 13:31:07', '2022-09-23 13:31:07', 86, NULL, 17, 1),
(1325, 0, NULL, 'Not Evaluated', 1, '2022-09-23 13:31:07', '2022-09-23 13:31:07', 86, NULL, 18, 1),
(1326, 0, NULL, 'Not Evaluated', 1, '2022-09-23 13:31:07', '2022-09-23 13:31:07', 86, NULL, 19, 1),
(1327, 0, NULL, 'Not Evaluated', 1, '2022-09-23 13:31:07', '2022-09-23 13:31:07', 86, NULL, 20, 1),
(1328, 0, NULL, 'Not Evaluated', 1, '2022-09-23 13:31:07', '2022-09-23 13:31:07', 86, NULL, 21, 1),
(1329, 0, NULL, 'Not Evaluated', 1, '2022-09-23 13:31:07', '2022-09-23 13:31:07', 86, NULL, 22, 1),
(1334, 0, NULL, 'Not Evaluated', 1, '2022-09-23 13:31:07', '2022-12-02 14:26:15', 90, 7, 7, 0),
(1335, 0, NULL, 'Not Evaluated', 1, '2022-09-23 13:31:07', '2022-09-23 13:31:07', 90, NULL, 9, 1),
(1337, 0, NULL, 'Not Evaluated', 1, '2022-09-23 13:31:07', '2022-09-23 13:31:07', 90, NULL, 12, 1),
(1338, 0, NULL, 'Not Evaluated', 1, '2022-09-23 13:31:07', '2022-09-23 13:31:07', 90, NULL, 13, 1),
(1339, 0, NULL, 'Not Evaluated', 1, '2022-09-23 13:31:07', '2022-09-23 13:31:07', 90, NULL, 15, 1),
(1340, 0, NULL, 'Not Evaluated', 1, '2022-09-23 13:31:07', '2022-09-23 13:31:07', 90, NULL, 16, 1),
(1341, 0, NULL, 'Not Evaluated', 1, '2022-09-23 13:31:07', '2022-09-23 13:31:07', 90, NULL, 17, 1),
(1342, 0, NULL, 'Not Evaluated', 1, '2022-09-23 13:31:07', '2022-09-23 13:31:07', 90, NULL, 18, 1),
(1343, 0, NULL, 'Not Evaluated', 1, '2022-09-23 13:31:07', '2022-09-23 13:31:07', 90, NULL, 19, 1),
(1344, 0, NULL, 'Not Evaluated', 1, '2022-09-23 13:31:07', '2022-09-23 13:31:07', 90, NULL, 20, 1),
(1345, 0, NULL, 'Not Evaluated', 1, '2022-09-23 13:31:07', '2022-09-23 13:31:07', 90, NULL, 21, 1),
(1346, 0, NULL, 'Not Evaluated', 1, '2022-09-23 13:31:07', '2022-11-09 13:32:56', 90, 22, 22, 1),
(1351, 0, NULL, 'Not Evaluated', 1, '2022-09-23 13:31:08', '2022-12-02 16:09:54', 92, 7, 7, 1),
(1352, 0, NULL, 'Not Evaluated', 1, '2022-09-23 13:31:08', '2022-09-23 13:31:08', 92, NULL, 9, 1),
(1354, 0, NULL, 'Not Evaluated', 1, '2022-09-23 13:31:08', '2022-09-23 13:31:08', 92, NULL, 12, 1),
(1355, 0, NULL, 'Not Evaluated', 1, '2022-09-23 13:31:08', '2022-09-23 13:31:08', 92, NULL, 13, 1),
(1356, 0, NULL, 'Not Evaluated', 1, '2022-09-23 13:31:08', '2022-09-23 13:31:08', 92, NULL, 15, 1);
INSERT INTO `SkillEvaluation` (`id`, `level`, `evaluationEvidence`, `status`, `enabled`, `createdAt`, `updatedAt`, `skillId`, `evaluatorId`, `forUser`, `affected`) VALUES
(1357, 0, NULL, 'Not Evaluated', 1, '2022-09-23 13:31:08', '2022-09-23 13:31:08', 92, NULL, 16, 1),
(1358, 0, NULL, 'Not Evaluated', 1, '2022-09-23 13:31:08', '2022-09-23 13:31:08', 92, NULL, 17, 1),
(1359, 0, NULL, 'Not Evaluated', 1, '2022-09-23 13:31:08', '2022-09-23 13:31:08', 92, NULL, 18, 1),
(1360, 0, NULL, 'Not Evaluated', 1, '2022-09-23 13:31:08', '2022-09-23 13:31:08', 92, NULL, 19, 1),
(1361, 0, NULL, 'Not Evaluated', 1, '2022-09-23 13:31:08', '2022-09-23 13:31:08', 92, NULL, 20, 1),
(1362, 0, NULL, 'Not Evaluated', 1, '2022-09-23 13:31:08', '2022-09-23 13:31:08', 92, NULL, 21, 1),
(1363, 0, NULL, 'Not Evaluated', 1, '2022-09-23 13:31:08', '2022-09-23 13:31:08', 92, NULL, 22, 1),
(1368, 0, NULL, 'Not Evaluated', 1, '2022-09-23 13:31:08', '2022-12-02 16:09:54', 89, 7, 7, 1),
(1369, 0, NULL, 'Not Evaluated', 1, '2022-09-23 13:31:08', '2022-09-23 13:31:08', 89, NULL, 9, 1),
(1371, 0, NULL, 'Not Evaluated', 1, '2022-09-23 13:31:08', '2022-09-23 13:31:08', 89, NULL, 12, 1),
(1372, 0, NULL, 'Not Evaluated', 1, '2022-09-23 13:31:08', '2022-09-23 13:31:08', 89, NULL, 13, 1),
(1373, 0, NULL, 'Not Evaluated', 1, '2022-09-23 13:31:08', '2022-09-23 13:31:08', 89, NULL, 15, 1),
(1374, 0, NULL, 'Not Evaluated', 1, '2022-09-23 13:31:08', '2022-09-23 13:31:08', 89, NULL, 16, 1),
(1375, 0, NULL, 'Not Evaluated', 1, '2022-09-23 13:31:08', '2022-09-23 13:31:08', 89, NULL, 17, 1),
(1376, 0, NULL, 'Not Evaluated', 1, '2022-09-23 13:31:08', '2022-09-23 13:31:08', 89, NULL, 18, 1),
(1377, 0, NULL, 'Not Evaluated', 1, '2022-09-23 13:31:08', '2022-09-23 13:31:08', 89, NULL, 19, 1),
(1378, 0, NULL, 'Not Evaluated', 1, '2022-09-23 13:31:08', '2022-09-23 13:31:08', 89, NULL, 20, 1),
(1379, 0, NULL, 'Not Evaluated', 1, '2022-09-23 13:31:08', '2022-09-23 13:31:08', 89, NULL, 21, 1),
(1380, 0, NULL, 'Not Evaluated', 1, '2022-09-23 13:31:08', '2022-09-23 13:31:08', 89, NULL, 22, 1),
(1385, 1, 'annual eval\n', 'Valid', 1, '2022-09-12 16:36:36', '2022-12-02 16:09:54', 3, 7, 7, 1),
(1386, 0, NULL, 'Not Evaluated', 1, '2022-09-23 13:31:07', '2022-09-23 13:31:07', 91, NULL, 9, 1),
(1388, 0, NULL, 'Not Evaluated', 1, '2022-09-23 13:31:07', '2022-09-23 13:31:07', 91, NULL, 12, 1),
(1389, 0, NULL, 'Not Evaluated', 1, '2022-09-23 13:31:07', '2022-09-23 13:31:07', 91, NULL, 13, 1),
(1390, 0, NULL, 'Not Evaluated', 1, '2022-09-23 13:31:07', '2022-09-23 13:31:07', 91, NULL, 15, 1),
(1391, 0, NULL, 'Not Evaluated', 1, '2022-09-23 13:31:07', '2022-09-23 13:31:07', 91, NULL, 16, 1),
(1392, 0, NULL, 'Not Evaluated', 1, '2022-09-23 13:31:07', '2022-09-23 13:31:07', 91, NULL, 17, 1),
(1393, 0, NULL, 'Not Evaluated', 1, '2022-09-23 13:31:07', '2022-09-23 13:31:07', 91, NULL, 18, 1),
(1394, 0, NULL, 'Not Evaluated', 1, '2022-09-23 13:31:07', '2022-09-23 13:31:07', 91, NULL, 19, 1),
(1395, 0, NULL, 'Not Evaluated', 1, '2022-09-23 13:31:07', '2022-09-23 13:31:07', 91, NULL, 20, 1),
(1396, 0, NULL, 'Not Evaluated', 1, '2022-09-23 13:31:07', '2022-09-23 13:31:07', 91, NULL, 21, 1),
(1397, 0, NULL, 'Not Evaluated', 1, '2022-09-23 13:31:07', '2022-09-23 13:31:07', 91, NULL, 22, 1),
(1398, 0, NULL, 'Not Evaluated', 1, '2022-09-27 10:36:58', '2022-09-27 10:36:58', 1, NULL, 23, 1),
(1399, 0, NULL, 'Not Evaluated', 1, '2022-09-27 10:36:58', '2022-09-27 10:36:58', 2, NULL, 23, 1),
(1400, 0, NULL, 'Not Evaluated', 1, '2022-09-27 10:36:58', '2022-11-09 13:32:39', 3, 23, 23, 0),
(1401, 0, NULL, 'Not Evaluated', 1, '2022-09-27 10:36:58', '2022-11-09 13:32:39', 4, 23, 23, 0),
(1402, 0, NULL, 'Not Evaluated', 1, '2022-09-27 10:36:58', '2022-12-01 14:57:11', 5, 23, 23, 1),
(1403, 0, NULL, 'Not Evaluated', 1, '2022-09-27 10:36:58', '2022-12-01 14:57:11', 6, 23, 23, 1),
(1404, 0, NULL, 'Not Evaluated', 1, '2022-09-27 10:36:58', '2022-12-01 14:57:11', 7, 23, 23, 1),
(1405, 0, NULL, 'Not Evaluated', 1, '2022-09-27 10:36:58', '2022-11-09 13:33:18', 8, 23, 23, 0),
(1406, 0, NULL, 'Not Evaluated', 1, '2022-09-27 10:36:58', '2022-09-27 10:36:58', 9, NULL, 23, 1),
(1407, 0, NULL, 'Not Evaluated', 1, '2022-09-27 10:36:58', '2022-12-01 14:57:11', 10, 23, 23, 1),
(1408, 0, NULL, 'Not Evaluated', 1, '2022-09-27 10:36:58', '2022-11-09 13:33:18', 11, 23, 23, 0),
(1409, 0, NULL, 'Not Evaluated', 1, '2022-09-27 10:36:58', '2022-12-01 14:57:11', 12, 23, 23, 1),
(1410, 0, NULL, 'Not Evaluated', 1, '2022-09-27 10:36:58', '2022-11-09 11:24:15', 13, 23, 23, 0),
(1411, 0, NULL, 'Not Evaluated', 1, '2022-09-27 10:36:58', '2022-11-09 13:33:18', 14, 23, 23, 0),
(1412, 0, NULL, 'Not Evaluated', 1, '2022-09-27 10:36:58', '2022-09-27 10:36:58', 15, NULL, 23, 1),
(1413, 0, NULL, 'Not Evaluated', 1, '2022-09-27 10:36:58', '2022-11-09 13:32:39', 16, 23, 23, 0),
(1414, 0, NULL, 'Not Evaluated', 1, '2022-09-27 10:36:58', '2022-11-09 13:32:39', 17, 23, 23, 0),
(1415, 0, NULL, 'Not Evaluated', 1, '2022-09-27 10:36:58', '2022-11-09 13:32:39', 18, 23, 23, 0),
(1416, 0, NULL, 'Not Evaluated', 1, '2022-09-27 10:36:58', '2022-09-27 10:36:58', 19, NULL, 23, 1),
(1417, 0, NULL, 'Not Evaluated', 1, '2022-09-27 10:36:58', '2022-11-09 13:32:40', 20, 23, 23, 0),
(1418, 0, NULL, 'Not Evaluated', 1, '2022-09-27 10:36:58', '2022-11-09 13:32:39', 21, 23, 23, 0),
(1419, 0, NULL, 'Not Evaluated', 1, '2022-09-27 10:36:58', '2022-11-09 13:33:18', 22, 23, 23, 0),
(1420, 0, NULL, 'Not Evaluated', 1, '2022-09-27 10:36:58', '2022-11-09 13:33:18', 23, 23, 23, 0),
(1421, 0, NULL, 'Not Evaluated', 1, '2022-09-27 10:36:58', '2022-12-01 14:57:11', 24, NULL, 23, 1),
(1422, 0, NULL, 'Not Evaluated', 1, '2022-09-27 10:36:58', '2022-11-18 10:52:07', 25, 23, 23, 0),
(1423, 0, NULL, 'Not Evaluated', 1, '2022-09-27 10:36:58', '2022-12-01 14:57:11', 26, NULL, 23, 1),
(1424, 0, NULL, 'Not Evaluated', 1, '2022-09-27 10:36:58', '2022-12-01 14:57:11', 27, NULL, 23, 1),
(1425, 0, NULL, 'Not Evaluated', 1, '2022-09-27 10:36:58', '2022-12-01 14:57:11', 28, NULL, 23, 1),
(1426, 0, NULL, 'Not Evaluated', 1, '2022-09-27 10:36:58', '2022-12-01 14:57:11', 29, NULL, 23, 1),
(1427, 0, NULL, 'Not Evaluated', 1, '2022-09-27 10:36:58', '2022-09-27 10:36:58', 30, NULL, 23, 1),
(1428, 0, NULL, 'Not Evaluated', 1, '2022-09-27 10:36:58', '2022-12-01 14:57:11', 31, NULL, 23, 1),
(1429, 0, NULL, 'Not Evaluated', 1, '2022-09-27 10:36:58', '2022-12-01 14:57:11', 32, NULL, 23, 1),
(1430, 0, NULL, 'Not Evaluated', 1, '2022-09-27 10:36:58', '2022-12-01 14:57:11', 33, NULL, 23, 1),
(1431, 0, NULL, 'Not Evaluated', 1, '2022-09-27 10:36:58', '2022-09-27 10:36:58', 34, NULL, 23, 1),
(1432, 0, NULL, 'Not Evaluated', 1, '2022-09-27 10:36:58', '2022-12-01 14:57:11', 35, NULL, 23, 1),
(1433, 0, NULL, 'Not Evaluated', 1, '2022-09-27 10:36:58', '2022-12-01 14:57:11', 36, NULL, 23, 1),
(1434, 0, NULL, 'Not Evaluated', 1, '2022-09-27 10:36:58', '2022-12-01 14:57:11', 37, NULL, 23, 1),
(1435, 0, NULL, 'Not Evaluated', 1, '2022-09-27 10:36:58', '2022-12-01 14:57:11', 38, NULL, 23, 1),
(1436, 0, NULL, 'Not Evaluated', 1, '2022-09-27 10:36:58', '2022-12-01 14:57:11', 39, NULL, 23, 1),
(1437, 0, NULL, 'Not Evaluated', 1, '2022-09-27 10:36:58', '2022-12-01 14:57:11', 40, NULL, 23, 1),
(1438, 0, NULL, 'Not Evaluated', 1, '2022-09-27 10:36:58', '2022-12-01 14:57:11', 41, NULL, 23, 1),
(1439, 0, NULL, 'Not Evaluated', 1, '2022-09-27 10:36:58', '2022-12-01 14:57:11', 42, NULL, 23, 1),
(1440, 0, NULL, 'Not Evaluated', 1, '2022-09-27 10:36:58', '2022-12-01 14:57:11', 43, NULL, 23, 1),
(1441, 0, NULL, 'Not Evaluated', 1, '2022-09-27 10:36:58', '2022-12-01 14:57:11', 44, NULL, 23, 1),
(1442, 0, NULL, 'Not Evaluated', 1, '2022-09-27 10:36:58', '2022-12-01 14:57:11', 45, NULL, 23, 1),
(1443, 0, NULL, 'Not Evaluated', 1, '2022-09-27 10:36:58', '2022-12-01 14:57:11', 46, NULL, 23, 1),
(1444, 0, NULL, 'Not Evaluated', 1, '2022-09-27 10:36:58', '2022-12-01 14:57:11', 47, NULL, 23, 1),
(1445, 0, NULL, 'Not Evaluated', 1, '2022-09-27 10:36:58', '2022-12-01 14:57:10', 48, NULL, 23, 1),
(1446, 0, NULL, 'Not Evaluated', 1, '2022-09-27 10:36:58', '2022-12-01 14:57:10', 49, NULL, 23, 1),
(1447, 0, NULL, 'Not Evaluated', 1, '2022-09-27 10:36:58', '2022-12-01 14:57:10', 50, NULL, 23, 1),
(1448, 0, NULL, 'Not Evaluated', 1, '2022-09-27 10:36:58', '2022-12-01 14:57:10', 51, NULL, 23, 1),
(1449, 0, NULL, 'Not Evaluated', 1, '2022-09-27 10:36:58', '2022-12-01 14:57:10', 52, NULL, 23, 1),
(1450, 0, NULL, 'Not Evaluated', 1, '2022-09-27 10:36:58', '2022-12-01 14:57:10', 53, NULL, 23, 1),
(1451, 0, NULL, 'Not Evaluated', 1, '2022-09-27 10:36:58', '2022-12-01 14:57:10', 54, NULL, 23, 1),
(1452, 0, NULL, 'Not Evaluated', 1, '2022-09-27 10:36:58', '2022-12-01 14:57:10', 55, NULL, 23, 1),
(1453, 0, NULL, 'Not Evaluated', 1, '2022-09-27 10:36:58', '2022-12-01 14:57:10', 56, NULL, 23, 1),
(1454, 0, NULL, 'Not Evaluated', 1, '2022-09-27 10:36:58', '2022-09-27 10:36:58', 57, NULL, 23, 1),
(1455, 0, NULL, 'Not Evaluated', 1, '2022-09-27 10:36:58', '2022-09-27 10:36:58', 58, NULL, 23, 1),
(1456, 0, NULL, 'Not Evaluated', 1, '2022-09-27 10:36:58', '2022-09-27 10:36:58', 59, NULL, 23, 1),
(1457, 0, NULL, 'Not Evaluated', 1, '2022-09-27 10:36:58', '2022-12-01 14:57:10', 60, NULL, 23, 1),
(1458, 0, NULL, 'Not Evaluated', 1, '2022-09-27 10:36:58', '2022-12-01 14:57:10', 61, NULL, 23, 1),
(1459, 0, NULL, 'Not Evaluated', 1, '2022-09-27 10:36:58', '2022-12-01 14:57:10', 62, NULL, 23, 1),
(1460, 0, NULL, 'Not Evaluated', 1, '2022-09-27 10:36:58', '2022-12-01 14:57:11', 63, NULL, 23, 1),
(1461, 0, NULL, 'Not Evaluated', 1, '2022-09-27 10:36:58', '2022-12-01 14:57:10', 64, NULL, 23, 1),
(1462, 0, NULL, 'Not Evaluated', 1, '2022-09-27 10:36:58', '2022-12-01 14:57:10', 65, NULL, 23, 1),
(1463, 0, NULL, 'Not Evaluated', 1, '2022-09-27 10:36:58', '2022-12-01 14:57:10', 66, NULL, 23, 1),
(1464, 0, NULL, 'Not Evaluated', 1, '2022-09-27 10:36:58', '2022-12-01 14:57:10', 67, NULL, 23, 1),
(1465, 0, NULL, 'Not Evaluated', 1, '2022-09-27 10:36:58', '2022-09-27 10:36:58', 68, NULL, 23, 1),
(1466, 0, NULL, 'Not Evaluated', 1, '2022-09-27 10:36:58', '2022-12-01 14:57:10', 69, NULL, 23, 1),
(1467, 0, NULL, 'Not Evaluated', 1, '2022-09-27 10:36:58', '2022-12-01 14:57:10', 70, NULL, 23, 1),
(1468, 0, NULL, 'Not Evaluated', 1, '2022-09-27 10:36:58', '2022-12-01 14:57:11', 71, NULL, 23, 1),
(1469, 0, NULL, 'Not Evaluated', 1, '2022-09-27 10:36:58', '2022-12-01 14:57:11', 72, NULL, 23, 1),
(1470, 0, NULL, 'Not Evaluated', 1, '2022-09-27 10:36:58', '2022-12-01 14:57:11', 73, NULL, 23, 1),
(1471, 0, NULL, 'Not Evaluated', 1, '2022-09-27 10:36:58', '2022-12-01 14:57:11', 74, NULL, 23, 1),
(1472, 0, NULL, 'Not Evaluated', 1, '2022-09-27 10:36:58', '2022-12-01 14:57:11', 75, NULL, 23, 1),
(1473, 0, NULL, 'Not Evaluated', 1, '2022-09-27 10:36:58', '2022-12-01 14:57:11', 76, NULL, 23, 1),
(1474, 0, NULL, 'Not Evaluated', 1, '2022-09-27 10:36:58', '2022-12-01 14:57:11', 77, NULL, 23, 1),
(1475, 0, NULL, 'Not Evaluated', 1, '2022-09-27 10:36:58', '2022-12-01 14:57:11', 78, NULL, 23, 1),
(1476, 0, NULL, 'Not Evaluated', 1, '2022-09-27 10:36:58', '2022-12-01 14:57:11', 79, NULL, 23, 1),
(1477, 0, NULL, 'Not Evaluated', 1, '2022-09-27 10:36:58', '2022-12-01 14:57:11', 80, NULL, 23, 1),
(1478, 0, NULL, 'Not Evaluated', 1, '2022-09-27 10:36:58', '2022-12-01 14:57:11', 81, NULL, 23, 1),
(1479, 0, NULL, 'Not Evaluated', 1, '2022-09-27 10:36:58', '2022-12-01 14:57:11', 82, NULL, 23, 1),
(1480, 0, NULL, 'Not Evaluated', 1, '2022-09-27 10:36:58', '2022-12-01 14:57:11', 83, NULL, 23, 1),
(1481, 0, NULL, 'Not Evaluated', 1, '2022-09-27 10:36:58', '2022-12-01 14:57:11', 84, NULL, 23, 1),
(1482, 0, NULL, 'Not Evaluated', 1, '2022-09-27 10:36:58', '2022-12-01 14:57:11', 85, NULL, 23, 1),
(1483, 0, NULL, 'Not Evaluated', 1, '2022-09-27 10:36:58', '2022-12-01 14:57:11', 86, NULL, 23, 1),
(1484, 0, NULL, 'Not Evaluated', 1, '2022-09-27 10:36:58', '2022-12-01 14:57:11', 87, NULL, 23, 1),
(1485, 0, NULL, 'Not Evaluated', 1, '2022-09-27 10:36:58', '2022-12-01 14:57:11', 88, NULL, 23, 1),
(1486, 0, NULL, 'Not Evaluated', 1, '2022-09-27 10:36:58', '2022-12-01 14:57:11', 89, NULL, 23, 1),
(1487, 0, NULL, 'Not Evaluated', 1, '2022-09-27 10:36:58', '2022-12-01 14:57:11', 90, NULL, 23, 1),
(1488, 0, NULL, 'Not Evaluated', 1, '2022-09-27 10:36:58', '2022-12-01 14:57:11', 91, NULL, 23, 1),
(1489, 0, NULL, 'Not Evaluated', 1, '2022-09-27 10:36:58', '2022-12-01 14:57:11', 92, NULL, 23, 1),
(1766, 0, NULL, 'Not Evaluated', 1, '2022-09-27 10:56:32', '2022-09-27 10:56:32', 1, NULL, 27, 1),
(1767, 0, NULL, 'Not Evaluated', 1, '2022-09-27 10:56:32', '2022-09-27 10:56:32', 2, NULL, 27, 1),
(1768, 0, NULL, 'Not Evaluated', 1, '2022-09-27 10:56:32', '2022-12-02 09:22:03', 3, 27, 27, 1),
(1769, 0, NULL, 'Not Evaluated', 1, '2022-09-27 10:56:32', '2022-12-02 09:22:02', 16, 27, 27, 1),
(1770, 0, NULL, 'Not Evaluated', 1, '2022-09-27 10:56:32', '2022-12-02 09:22:02', 5, 27, 27, 1),
(1771, 0, NULL, 'Not Evaluated', 1, '2022-09-27 10:56:32', '2022-12-02 09:22:03', 6, 27, 27, 1),
(1772, 0, NULL, 'Not Evaluated', 1, '2022-09-27 10:56:32', '2022-11-09 11:18:25', 7, NULL, 27, 0),
(1773, 0, NULL, 'Not Evaluated', 1, '2022-09-27 10:56:32', '2022-12-02 09:22:02', 8, 27, 27, 1),
(1774, 0, NULL, 'Not Evaluated', 1, '2022-09-27 10:56:32', '2022-09-27 10:56:32', 9, NULL, 27, 1),
(1775, 0, NULL, 'Not Evaluated', 1, '2022-09-27 10:56:32', '2022-12-02 09:22:02', 10, 27, 27, 1),
(1776, 0, NULL, 'Not Evaluated', 1, '2022-09-27 10:56:32', '2022-12-02 09:22:02', 11, 27, 27, 1),
(1777, 0, NULL, 'Not Evaluated', 1, '2022-09-27 10:56:32', '2022-12-02 09:22:02', 12, 27, 27, 1),
(1778, 0, NULL, 'Not Evaluated', 1, '2022-09-27 10:56:32', '2022-11-09 11:02:34', 13, NULL, 27, 0),
(1779, 0, NULL, 'Not Evaluated', 1, '2022-09-27 10:56:32', '2022-12-02 09:22:02', 4, 27, 27, 1),
(1780, 0, NULL, 'Not Evaluated', 1, '2022-09-27 10:56:32', '2022-09-27 10:56:32', 15, NULL, 27, 1),
(1781, 0, NULL, 'Not Evaluated', 1, '2022-09-27 10:56:32', '2022-12-02 09:22:02', 4, 27, 27, 1),
(1782, 0, NULL, 'Not Evaluated', 1, '2022-09-27 10:56:32', '2022-12-02 09:22:02', 17, 27, 27, 1),
(1783, 0, NULL, 'Not Evaluated', 1, '2022-09-27 10:56:32', '2022-11-09 13:33:37', 18, 27, 27, 0),
(1784, 0, NULL, 'Not Evaluated', 1, '2022-09-27 10:56:32', '2022-09-27 10:56:32', 19, NULL, 27, 1),
(1785, 0, NULL, 'Not Evaluated', 1, '2022-09-27 10:56:32', '2022-11-09 13:33:37', 20, 27, 27, 0),
(1786, 0, NULL, 'Not Evaluated', 1, '2022-09-27 10:56:32', '2022-12-02 09:22:02', 21, 27, 27, 1),
(1787, 0, NULL, 'Not Evaluated', 1, '2022-09-27 10:56:32', '2022-12-02 09:22:02', 22, 27, 27, 1),
(1788, 0, NULL, 'Not Evaluated', 1, '2022-09-27 10:56:32', '2022-12-02 09:22:02', 23, 27, 27, 1),
(1789, 0, NULL, 'Not Evaluated', 1, '2022-09-27 10:56:32', '2022-12-02 09:22:03', 24, 27, 27, 1),
(1790, 0, NULL, 'Not Evaluated', 1, '2022-09-27 10:56:32', '2022-12-02 09:22:03', 25, 27, 27, 1),
(1791, 0, NULL, 'Not Evaluated', 1, '2022-09-27 10:56:32', '2022-12-02 09:22:03', 26, 27, 27, 1),
(1792, 0, NULL, 'Not Evaluated', 1, '2022-09-27 10:56:32', '2022-12-02 09:22:03', 27, 27, 27, 1),
(1793, 0, NULL, 'Not Evaluated', 1, '2022-09-27 10:56:32', '2022-12-02 09:22:02', 28, 27, 27, 1),
(1794, 0, NULL, 'Not Evaluated', 1, '2022-09-27 10:56:32', '2022-12-02 09:22:02', 29, 27, 27, 1),
(1795, 0, NULL, 'Not Evaluated', 1, '2022-09-27 10:56:32', '2022-09-27 10:56:32', 30, NULL, 27, 1),
(1796, 0, NULL, 'Not Evaluated', 1, '2022-09-27 10:56:32', '2022-12-02 09:22:02', 31, 27, 27, 1),
(1797, 0, NULL, 'Not Evaluated', 1, '2022-09-27 10:56:32', '2022-12-02 09:22:02', 32, 27, 27, 1),
(1798, 0, NULL, 'Not Evaluated', 1, '2022-09-27 10:56:32', '2022-12-02 09:22:02', 33, 27, 27, 1),
(1799, 0, NULL, 'Not Evaluated', 1, '2022-09-27 10:56:32', '2022-09-27 10:56:32', 34, NULL, 27, 1),
(1800, 0, NULL, 'Not Evaluated', 1, '2022-09-27 10:56:32', '2022-12-02 09:22:02', 35, 27, 27, 1),
(1801, 0, NULL, 'Not Evaluated', 1, '2022-09-27 10:56:32', '2022-12-02 09:22:02', 36, 27, 27, 1),
(1802, 0, NULL, 'Not Evaluated', 1, '2022-09-27 10:56:32', '2022-12-02 09:22:02', 37, 27, 27, 1),
(1803, 0, NULL, 'Not Evaluated', 1, '2022-09-27 10:56:32', '2022-12-02 09:22:02', 38, 27, 27, 1),
(1804, 0, NULL, 'Not Evaluated', 1, '2022-09-27 10:56:32', '2022-12-02 09:22:02', 39, 27, 27, 1),
(1805, 0, NULL, 'Not Evaluated', 1, '2022-09-27 10:56:32', '2022-12-02 09:22:02', 40, 27, 27, 1),
(1806, 0, NULL, 'Not Evaluated', 1, '2022-09-27 10:56:32', '2022-12-02 09:22:02', 41, 27, 27, 1),
(1807, 0, NULL, 'Not Evaluated', 1, '2022-09-27 10:56:32', '2022-12-02 09:21:11', 42, 27, 27, 0),
(1808, 0, NULL, 'Not Evaluated', 1, '2022-09-27 10:56:32', '2022-12-02 09:22:02', 43, 27, 27, 1),
(1809, 0, NULL, 'Not Evaluated', 1, '2022-09-27 10:56:32', '2022-12-02 09:22:03', 44, 27, 27, 1),
(1810, 0, NULL, 'Not Evaluated', 1, '2022-09-27 10:56:32', '2022-12-02 09:22:02', 45, 27, 27, 1),
(1811, 0, NULL, 'Not Evaluated', 1, '2022-09-27 10:56:32', '2022-12-02 09:22:02', 46, 27, 27, 1),
(1812, 0, NULL, 'Not Evaluated', 1, '2022-09-27 10:56:32', '2022-12-02 09:22:02', 47, 27, 27, 1),
(1813, 0, NULL, 'Not Evaluated', 1, '2022-09-27 10:56:32', '2022-12-02 09:22:02', 48, 27, 27, 1),
(1814, 0, NULL, 'Not Evaluated', 1, '2022-09-27 10:56:32', '2022-12-02 09:22:02', 49, 27, 27, 1),
(1815, 0, NULL, 'Not Evaluated', 1, '2022-09-27 10:56:32', '2022-12-02 09:22:03', 50, 27, 27, 1),
(1816, 0, NULL, 'Not Evaluated', 1, '2022-09-27 10:56:32', '2022-12-02 09:22:03', 51, 27, 27, 1),
(1817, 0, NULL, 'Not Evaluated', 1, '2022-09-27 10:56:32', '2022-12-02 09:22:03', 52, 27, 27, 1),
(1818, 0, NULL, 'Not Evaluated', 1, '2022-09-27 10:56:32', '2022-12-02 09:22:03', 53, 27, 27, 1),
(1819, 0, NULL, 'Not Evaluated', 1, '2022-09-27 10:56:32', '2022-12-02 09:22:03', 54, 27, 27, 1),
(1820, 0, NULL, 'Not Evaluated', 1, '2022-09-27 10:56:32', '2022-12-02 09:22:03', 55, 27, 27, 1),
(1821, 0, NULL, 'Not Evaluated', 1, '2022-09-27 10:56:32', '2022-12-02 09:22:03', 56, 27, 27, 1),
(1822, 0, NULL, 'Not Evaluated', 1, '2022-09-27 10:56:32', '2022-09-27 10:56:32', 57, NULL, 27, 1),
(1823, 0, NULL, 'Not Evaluated', 1, '2022-09-27 10:56:32', '2022-09-27 10:56:32', 58, NULL, 27, 1),
(1824, 0, NULL, 'Not Evaluated', 1, '2022-09-27 10:56:32', '2022-09-27 10:56:32', 59, NULL, 27, 1),
(1825, 0, NULL, 'Not Evaluated', 1, '2022-09-27 10:56:32', '2022-12-02 09:22:03', 60, 27, 27, 1),
(1826, 0, NULL, 'Not Evaluated', 1, '2022-09-27 10:56:32', '2022-12-02 09:22:03', 61, 27, 27, 1),
(1827, 0, NULL, 'Not Evaluated', 1, '2022-09-27 10:56:32', '2022-12-02 09:21:40', 62, 27, 27, 0),
(1828, 0, NULL, 'Not Evaluated', 1, '2022-09-27 10:56:32', '2022-12-02 09:22:03', 63, 27, 27, 1),
(1829, 0, NULL, 'Not Evaluated', 1, '2022-09-27 10:56:32', '2022-12-02 09:22:03', 64, 27, 27, 1),
(1830, 0, NULL, 'Not Evaluated', 1, '2022-09-27 10:56:32', '2022-12-02 09:22:03', 65, 27, 27, 1),
(1831, 0, NULL, 'Not Evaluated', 1, '2022-09-27 10:56:32', '2022-12-02 09:22:03', 66, 27, 27, 1),
(1832, 0, NULL, 'Not Evaluated', 1, '2022-09-27 10:56:32', '2022-12-02 09:22:03', 67, 27, 27, 1),
(1833, 0, NULL, 'Not Evaluated', 1, '2022-09-27 10:56:32', '2022-09-27 10:56:32', 68, NULL, 27, 1),
(1834, 0, NULL, 'Not Evaluated', 1, '2022-09-27 10:56:32', '2022-12-02 09:22:03', 69, 27, 27, 1),
(1835, 0, NULL, 'Not Evaluated', 1, '2022-09-27 10:56:32', '2022-12-02 09:22:03', 70, 27, 27, 1),
(1836, 0, NULL, 'Not Evaluated', 1, '2022-09-27 10:56:32', '2022-12-02 09:22:03', 71, 27, 27, 1),
(1837, 0, NULL, 'Not Evaluated', 1, '2022-09-27 10:56:32', '2022-12-02 09:22:03', 72, 27, 27, 1),
(1838, 0, NULL, 'Not Evaluated', 1, '2022-09-27 10:56:32', '2022-12-02 09:22:02', 73, 27, 27, 1),
(1839, 0, NULL, 'Not Evaluated', 1, '2022-09-27 10:56:32', '2022-12-02 09:22:02', 74, 27, 27, 1),
(1840, 0, NULL, 'Not Evaluated', 1, '2022-09-27 10:56:32', '2022-12-02 09:22:02', 75, 27, 27, 1),
(1841, 0, NULL, 'Not Evaluated', 1, '2022-09-27 10:56:32', '2022-12-02 09:22:02', 76, 27, 27, 1),
(1842, 0, NULL, 'Not Evaluated', 1, '2022-09-27 10:56:32', '2022-12-02 09:22:02', 77, 27, 27, 1),
(1843, 0, NULL, 'Not Evaluated', 1, '2022-09-27 10:56:32', '2022-12-02 09:22:02', 78, 27, 27, 1),
(1844, 0, NULL, 'Not Evaluated', 1, '2022-09-27 10:56:32', '2022-12-02 09:22:02', 79, 27, 27, 1),
(1845, 0, NULL, 'Not Evaluated', 1, '2022-09-27 10:56:32', '2022-12-02 09:22:02', 80, 27, 27, 1),
(1846, 0, NULL, 'Not Evaluated', 1, '2022-09-27 10:56:32', '2022-12-02 09:22:02', 81, 27, 27, 1),
(1847, 0, NULL, 'Not Evaluated', 1, '2022-09-27 10:56:32', '2022-12-02 09:22:03', 82, 27, 27, 1),
(1848, 0, NULL, 'Not Evaluated', 1, '2022-09-27 10:56:32', '2022-12-02 09:22:02', 83, 27, 27, 1),
(1849, 0, NULL, 'Not Evaluated', 1, '2022-09-27 10:56:32', '2022-12-02 09:22:02', 84, 27, 27, 1),
(1850, 0, NULL, 'Not Evaluated', 1, '2022-09-27 10:56:32', '2022-12-02 09:22:02', 85, 27, 27, 1),
(1851, 0, NULL, 'Not Evaluated', 1, '2022-09-27 10:56:32', '2022-12-02 09:22:02', 86, 27, 27, 1),
(1852, 0, NULL, 'Not Evaluated', 1, '2022-09-27 10:56:32', '2022-12-02 09:22:02', 87, 27, 27, 1),
(1853, 0, NULL, 'Not Evaluated', 1, '2022-09-27 10:56:32', '2022-12-02 09:22:02', 88, 27, 27, 1),
(1854, 0, NULL, 'Not Evaluated', 1, '2022-09-27 10:56:32', '2022-12-02 09:22:02', 89, 27, 27, 1),
(1855, 0, NULL, 'Not Evaluated', 1, '2022-09-27 10:56:32', '2022-12-02 09:22:02', 90, 27, 27, 1),
(1856, 0, NULL, 'Not Evaluated', 1, '2022-09-27 10:56:32', '2022-12-02 09:22:02', 91, 27, 27, 1),
(1857, 0, NULL, 'Not Evaluated', 1, '2022-09-27 10:56:32', '2022-11-09 13:33:37', 92, 27, 27, 0),
(1858, 0, NULL, 'Not Evaluated', 1, '2022-10-07 13:55:23', '2022-10-07 13:55:23', 1, NULL, 28, 1),
(1859, 0, NULL, 'Not Evaluated', 1, '2022-10-07 13:55:23', '2022-10-07 13:55:23', 2, NULL, 28, 1),
(1860, 0, NULL, 'Valid', 1, '2022-10-07 13:55:23', '2022-12-01 16:22:28', 3, 28, 28, 0),
(1861, 0, NULL, 'Evaluated', 1, '2022-10-07 13:55:23', '2022-11-09 11:17:44', 4, 9, 28, 0),
(1862, 0, NULL, 'Evaluated', 1, '2022-10-07 13:55:23', '2022-12-01 16:23:50', 5, 28, 28, 1),
(1863, 0, NULL, 'Evaluated', 1, '2022-10-07 13:55:23', '2022-11-09 11:17:44', 6, 9, 28, 0),
(1864, 0, NULL, 'Evaluated', 1, '2022-10-07 13:55:23', '2022-11-09 09:17:12', 7, 9, 28, 0),
(1865, 0, NULL, 'Evaluated', 1, '2022-10-07 13:55:23', '2022-12-01 16:23:50', 8, 28, 28, 1),
(1866, 0, NULL, 'Not Evaluated', 1, '2022-10-07 13:55:23', '2022-10-07 13:55:23', 9, NULL, 28, 1),
(1867, 0, NULL, 'Not Evaluated', 1, '2022-10-07 13:55:23', '2022-12-01 16:23:49', 10, 28, 28, 1),
(1868, 0, NULL, 'Not Evaluated', 1, '2022-10-07 13:55:23', '2022-12-01 16:23:50', 11, 28, 28, 1),
(1869, 0, NULL, 'Not Evaluated', 1, '2022-10-07 13:55:23', '2022-12-01 16:23:50', 12, 28, 28, 1),
(1870, 0, NULL, 'Not Evaluated', 1, '2022-10-07 13:55:23', '2022-12-01 16:23:50', 13, 28, 28, 1),
(1871, 0, NULL, 'Not Evaluated', 1, '2022-10-07 13:55:23', '2022-12-01 16:22:28', 14, 28, 28, 0),
(1872, 0, NULL, 'Not Evaluated', 1, '2022-10-07 13:55:23', '2022-10-07 13:55:23', 15, NULL, 28, 1),
(1873, 0, NULL, 'Not Evaluated', 1, '2022-10-07 13:55:23', '2022-11-09 11:17:44', 16, NULL, 28, 0),
(1874, 1, 'kk', 'Valid', 1, '2022-10-07 13:55:23', '2022-11-25 09:58:17', 17, 28, 28, 0),
(1875, 0, NULL, 'Not Evaluated', 1, '2022-10-07 13:55:23', '2022-11-25 09:58:17', 18, 28, 28, 0),
(1876, 0, NULL, 'Not Evaluated', 1, '2022-10-07 13:55:23', '2022-10-07 13:55:23', 19, NULL, 28, 1),
(1877, 0, NULL, 'Not Evaluated', 1, '2022-10-07 13:55:23', '2022-12-01 16:23:50', 20, 28, 28, 1),
(1878, 0, NULL, 'Not Evaluated', 1, '2022-10-07 13:55:23', '2022-12-01 16:23:50', 27, 28, 28, 1),
(1879, 0, NULL, 'Not Evaluated', 1, '2022-10-07 13:55:23', '2022-12-01 16:23:50', 22, 28, 28, 1),
(1880, 2, 'kkk', 'Evaluated', 1, '2022-10-07 13:55:23', '2022-12-01 16:23:50', 23, 28, 28, 1),
(1881, 0, NULL, 'Not Evaluated', 1, '2022-10-07 13:55:23', '2022-12-01 16:23:50', 21, 28, 28, 1),
(1882, 0, NULL, 'Not Evaluated', 1, '2022-10-07 13:55:23', '2022-12-01 16:23:50', 25, 28, 28, 1),
(1883, 0, NULL, 'Not Evaluated', 1, '2022-10-07 13:55:23', '2022-12-01 16:23:50', 24, 28, 28, 1),
(1884, 0, NULL, 'Not Evaluated', 1, '2022-10-07 13:55:23', '2022-12-01 16:23:50', 26, 28, 28, 1),
(1885, 0, NULL, 'Not Evaluated', 1, '2022-10-07 13:55:23', '2022-12-01 16:23:50', 28, 28, 28, 1),
(1886, 0, NULL, 'Not Evaluated', 1, '2022-10-07 13:55:23', '2022-12-01 16:23:50', 29, 28, 28, 1),
(1887, 0, NULL, 'Not Evaluated', 1, '2022-10-07 13:55:23', '2022-10-07 13:55:23', 30, NULL, 28, 1),
(1888, 0, NULL, 'Not Evaluated', 1, '2022-10-07 13:55:23', '2022-12-01 16:23:50', 31, 28, 28, 1),
(1889, 0, NULL, 'Not Evaluated', 1, '2022-10-07 13:55:23', '2022-12-01 16:23:50', 32, 28, 28, 1),
(1890, 0, NULL, 'Not Evaluated', 1, '2022-10-07 13:55:23', '2022-12-01 16:23:50', 33, 28, 28, 1),
(1891, 0, NULL, 'Not Evaluated', 1, '2022-10-07 13:55:23', '2022-10-07 13:55:23', 34, NULL, 28, 1),
(1892, 0, NULL, 'Not Evaluated', 1, '2022-10-07 13:55:23', '2022-12-01 16:23:50', 35, 28, 28, 1),
(1893, 0, NULL, 'Not Evaluated', 1, '2022-10-07 13:55:23', '2022-12-01 16:23:50', 36, 28, 28, 1),
(1894, 0, NULL, 'Not Evaluated', 1, '2022-10-07 13:55:23', '2022-12-01 16:23:50', 37, 28, 28, 1),
(1895, 0, NULL, 'Not Evaluated', 1, '2022-10-07 13:55:23', '2022-12-01 16:23:50', 38, 28, 28, 1),
(1896, 0, NULL, 'Not Evaluated', 1, '2022-10-07 13:55:23', '2022-12-01 16:23:50', 39, 28, 28, 1),
(1897, 0, NULL, 'Not Evaluated', 1, '2022-10-07 13:55:23', '2022-12-01 16:23:50', 40, 28, 28, 1),
(1898, 0, NULL, 'Not Evaluated', 1, '2022-10-07 13:55:23', '2022-12-01 16:23:50', 41, 28, 28, 1),
(1899, 0, NULL, 'Not Evaluated', 1, '2022-10-07 13:55:23', '2022-12-01 16:23:50', 42, 28, 28, 1),
(1900, 0, NULL, 'Not Evaluated', 1, '2022-10-07 13:55:23', '2022-12-01 16:23:50', 43, 28, 28, 1),
(1901, 0, NULL, 'Not Evaluated', 1, '2022-10-07 13:55:23', '2022-12-01 16:23:50', 44, 28, 28, 1),
(1902, 0, NULL, 'Not Evaluated', 1, '2022-10-07 13:55:23', '2022-12-01 16:23:50', 45, 28, 28, 1),
(1903, 0, NULL, 'Not Evaluated', 1, '2022-10-07 13:55:23', '2022-12-01 16:23:50', 46, 28, 28, 1),
(1904, 0, NULL, 'Not Evaluated', 1, '2022-10-07 13:55:23', '2022-12-01 16:23:50', 47, 28, 28, 1),
(1905, 0, NULL, 'Not Evaluated', 1, '2022-10-07 13:55:23', '2022-12-01 16:23:50', 48, 28, 28, 1),
(1906, 0, NULL, 'Not Evaluated', 1, '2022-10-07 13:55:23', '2022-12-01 16:23:50', 49, 28, 28, 1),
(1907, 0, NULL, 'Not Evaluated', 1, '2022-10-07 13:55:23', '2022-12-01 16:23:50', 50, 28, 28, 1),
(1908, 0, NULL, 'Not Evaluated', 1, '2022-10-07 13:55:23', '2022-12-01 16:23:50', 51, 28, 28, 1),
(1909, 0, NULL, 'Not Evaluated', 1, '2022-10-07 13:55:23', '2022-12-01 16:23:50', 52, 28, 28, 1),
(1910, 0, NULL, 'Not Evaluated', 1, '2022-10-07 13:55:23', '2022-12-01 16:23:50', 53, 28, 28, 1),
(1911, 0, NULL, 'Not Evaluated', 1, '2022-10-07 13:55:23', '2022-12-01 16:23:50', 54, 28, 28, 1),
(1912, 0, NULL, 'Not Evaluated', 1, '2022-10-07 13:55:23', '2022-12-01 16:23:50', 55, 28, 28, 1),
(1913, 0, NULL, 'Not Evaluated', 1, '2022-10-07 13:55:23', '2022-12-01 15:07:18', 56, 28, 28, 0),
(1914, 0, NULL, 'Not Evaluated', 1, '2022-10-07 13:55:23', '2022-10-07 13:55:23', 57, NULL, 28, 1),
(1915, 0, NULL, 'Not Evaluated', 1, '2022-10-07 13:55:23', '2022-10-07 13:55:23', 58, NULL, 28, 1),
(1916, 0, NULL, 'Not Evaluated', 1, '2022-10-07 13:55:23', '2022-10-07 13:55:23', 59, NULL, 28, 1),
(1917, 0, NULL, 'Not Evaluated', 1, '2022-10-07 13:55:23', '2022-12-01 16:23:50', 60, 28, 28, 1),
(1918, 0, NULL, 'Not Evaluated', 1, '2022-10-07 13:55:23', '2022-12-01 16:23:50', 61, 28, 28, 1),
(1919, 0, NULL, 'Not Evaluated', 1, '2022-10-07 13:55:23', '2022-12-01 16:23:50', 62, 28, 28, 1),
(1920, 0, NULL, 'Not Evaluated', 1, '2022-10-07 13:55:23', '2022-12-01 16:23:50', 63, 28, 28, 1),
(1921, 0, NULL, 'Not Evaluated', 1, '2022-10-07 13:55:23', '2022-12-01 16:23:50', 64, 28, 28, 1),
(1922, 0, NULL, 'Not Evaluated', 1, '2022-10-07 13:55:23', '2022-12-01 16:23:50', 65, 28, 28, 1),
(1923, 0, NULL, 'Not Evaluated', 1, '2022-10-07 13:55:23', '2022-12-01 16:23:50', 66, 28, 28, 1),
(1924, 0, NULL, 'Not Evaluated', 1, '2022-10-07 13:55:23', '2022-12-01 16:23:49', 67, 28, 28, 1),
(1925, 0, NULL, 'Not Evaluated', 1, '2022-10-07 13:55:23', '2022-10-07 13:55:23', 68, NULL, 28, 1),
(1926, 0, NULL, 'Not Evaluated', 1, '2022-10-07 13:55:23', '2022-12-01 16:19:39', 69, 28, 28, 0),
(1927, 0, NULL, 'Not Evaluated', 1, '2022-10-07 13:55:23', '2022-12-01 16:23:50', 70, 28, 28, 1),
(1928, 0, NULL, 'Not Evaluated', 1, '2022-10-07 13:55:23', '2022-12-01 16:21:38', 71, 28, 28, 0),
(1929, 0, NULL, 'Not Evaluated', 1, '2022-10-07 13:55:23', '2022-12-01 16:22:28', 72, 28, 28, 0),
(1930, 0, NULL, 'Not Evaluated', 1, '2022-10-07 13:55:23', '2022-12-01 16:23:50', 73, 28, 28, 1),
(1931, 0, NULL, 'Not Evaluated', 1, '2022-10-07 13:55:23', '2022-12-01 16:23:50', 74, 28, 28, 1),
(1932, 0, NULL, 'Not Evaluated', 1, '2022-10-07 13:55:23', '2022-12-01 16:23:50', 75, 28, 28, 1),
(1933, 0, NULL, 'Not Evaluated', 1, '2022-10-07 13:55:23', '2022-12-01 16:23:50', 76, 28, 28, 1),
(1934, 0, NULL, 'Not Evaluated', 1, '2022-10-07 13:55:23', '2022-12-01 16:23:50', 77, 28, 28, 1),
(1935, 0, NULL, 'Not Evaluated', 1, '2022-10-07 13:55:23', '2022-12-01 16:23:50', 78, 28, 28, 1),
(1936, 0, NULL, 'Not Evaluated', 1, '2022-10-07 13:55:23', '2022-12-01 16:23:50', 79, 28, 28, 1),
(1937, 0, NULL, 'Not Evaluated', 1, '2022-10-07 13:55:23', '2022-12-01 16:23:50', 80, 28, 28, 1),
(1938, 0, NULL, 'Not Evaluated', 1, '2022-10-07 13:55:23', '2022-12-01 16:23:50', 81, 28, 28, 1),
(1939, 0, NULL, 'Not Evaluated', 1, '2022-10-07 13:55:23', '2022-12-01 16:23:50', 82, 28, 28, 1),
(1940, 0, NULL, 'Not Evaluated', 1, '2022-10-07 13:55:23', '2022-12-01 16:23:50', 83, 28, 28, 1),
(1941, 0, NULL, 'Not Evaluated', 1, '2022-10-07 13:55:23', '2022-12-01 16:23:50', 84, 28, 28, 1),
(1942, 0, NULL, 'Not Evaluated', 1, '2022-10-07 13:55:23', '2022-12-01 16:23:50', 85, 28, 28, 1),
(1943, 0, NULL, 'Not Evaluated', 1, '2022-10-07 13:55:23', '2022-12-01 16:23:50', 86, 28, 28, 1),
(1944, 0, NULL, 'Not Evaluated', 1, '2022-10-07 13:55:23', '2022-12-01 16:23:50', 87, 28, 28, 1),
(1945, 0, NULL, 'Not Evaluated', 1, '2022-10-07 13:55:23', '2022-12-01 16:23:50', 88, 28, 28, 1),
(1946, 0, NULL, 'Not Evaluated', 1, '2022-10-07 13:55:23', '2022-12-01 16:23:50', 89, 28, 28, 1),
(1947, 0, NULL, 'Not Evaluated', 1, '2022-10-07 13:55:23', '2022-12-01 16:23:50', 90, 28, 28, 1),
(1948, 0, NULL, 'Not Evaluated', 1, '2022-10-07 13:55:23', '2022-12-01 16:23:50', 91, 28, 28, 1),
(1949, 0, NULL, 'Not Evaluated', 1, '2022-10-07 13:55:23', '2022-12-01 16:23:50', 92, 28, 28, 1),
(1950, 0, NULL, 'Not Evaluated', 1, '2022-11-16 11:24:17', '2022-11-16 11:24:17', 1, NULL, 29, 1),
(1951, 0, NULL, 'Not Evaluated', 1, '2022-11-16 11:24:17', '2022-11-16 11:24:17', 2, NULL, 29, 1),
(1952, 4, 'li', 'Valid', 1, '2022-11-16 11:24:17', '2022-12-02 16:19:09', 3, 29, 29, 1),
(1953, 2, 'done', 'Valid', 1, '2022-11-16 11:24:17', '2022-12-02 16:19:09', 4, 29, 29, 1),
(1954, 2, 'non', 'Valid', 1, '2022-11-16 11:24:17', '2022-12-02 16:19:09', 5, 29, 29, 1),
(1955, 0, NULL, 'Evaluated', 1, '2022-11-16 11:24:17', '2022-12-02 16:19:09', 81, 29, 29, 1),
(1956, 0, NULL, 'Valid', 1, '2022-11-16 11:24:17', '2022-12-02 16:19:09', 7, 29, 29, 1),
(1957, 0, NULL, 'Valid', 1, '2022-11-16 11:24:17', '2022-12-02 16:19:09', 8, 29, 29, 1),
(1958, 0, NULL, 'Not Evaluated', 1, '2022-11-16 11:24:17', '2022-11-16 11:24:17', 9, NULL, 29, 1),
(1959, 0, NULL, 'Evaluated', 1, '2022-11-16 11:24:17', '2022-12-02 16:19:09', 10, 29, 29, 1),
(1960, 0, NULL, 'Evaluated', 1, '2022-11-16 11:24:17', '2022-12-02 16:19:09', 11, 29, 29, 1),
(1961, 0, NULL, 'Evaluated', 1, '2022-11-16 11:24:17', '2022-12-02 16:19:08', 6, 29, 29, 1),
(1962, 0, NULL, 'Valid', 1, '2022-11-16 11:24:17', '2022-12-02 16:19:09', 13, 29, 29, 1),
(1963, 0, NULL, 'Evaluated', 1, '2022-11-16 11:24:17', '2022-12-02 16:19:09', 14, 29, 29, 1),
(1964, 0, NULL, 'Not Evaluated', 1, '2022-11-16 11:24:17', '2022-11-16 11:24:17', 15, NULL, 29, 1),
(1965, 0, NULL, 'Valid', 1, '2022-11-16 11:24:17', '2022-12-02 16:19:09', 16, 29, 29, 1),
(1966, 0, 'ddd', 'Evaluated', 1, '2022-11-16 11:24:17', '2022-12-02 16:19:09', 17, 29, 29, 1),
(1967, 3, 'qzdqzd', 'Evaluated', 1, '2022-11-16 11:24:17', '2022-12-02 16:19:09', 18, 29, 29, 1),
(1968, 0, NULL, 'Not Evaluated', 1, '2022-11-16 11:24:17', '2022-11-16 11:24:17', 19, NULL, 29, 1),
(1969, 2, 'ff', 'Valid', 1, '2022-11-16 11:24:17', '2022-12-02 16:19:09', 20, 29, 29, 1),
(1970, 0, NULL, 'Evaluated', 1, '2022-11-16 11:24:17', '2022-12-02 16:19:09', 21, 29, 29, 1),
(1971, 0, NULL, 'Evaluated', 1, '2022-11-16 11:24:17', '2022-12-02 16:19:09', 22, 29, 29, 1),
(1972, 0, NULL, 'Evaluated', 1, '2022-11-16 11:24:17', '2022-12-02 16:19:08', 23, 29, 29, 1),
(1973, 0, NULL, 'Evaluated', 1, '2022-11-16 11:24:17', '2022-12-02 16:19:09', 24, 29, 29, 1),
(1974, 0, NULL, 'Evaluated', 1, '2022-11-16 11:24:17', '2022-12-02 16:19:09', 25, 29, 29, 1),
(1975, 0, NULL, 'Evaluated', 1, '2022-11-16 11:24:17', '2022-12-02 16:19:09', 26, 29, 29, 1),
(1976, 0, NULL, 'Evaluated', 1, '2022-11-16 11:24:17', '2022-12-02 16:19:09', 27, 29, 29, 1),
(1977, 0, NULL, 'Evaluated', 1, '2022-11-16 11:24:17', '2022-12-02 16:19:09', 28, 29, 29, 1),
(1978, 0, NULL, 'Evaluated', 1, '2022-11-16 11:24:17', '2022-12-02 13:41:30', 29, 29, 29, 0),
(1979, 0, NULL, 'Not Evaluated', 1, '2022-11-16 11:24:17', '2022-11-16 11:24:17', 30, NULL, 29, 1),
(1980, 0, NULL, 'Evaluated', 1, '2022-11-16 11:24:17', '2022-12-02 16:19:09', 31, 29, 29, 1),
(1981, 0, NULL, 'Evaluated', 1, '2022-11-16 11:24:17', '2022-12-02 16:19:09', 32, 29, 29, 1),
(1982, 0, NULL, 'Evaluated', 1, '2022-11-16 11:24:17', '2022-12-02 16:19:09', 33, 29, 29, 1),
(1983, 0, NULL, 'Not Evaluated', 1, '2022-11-16 11:24:17', '2022-11-16 11:24:17', 34, NULL, 29, 1),
(1984, 0, NULL, 'Evaluated', 1, '2022-11-16 11:24:17', '2022-12-02 16:19:09', 35, 29, 29, 1),
(1985, 0, NULL, 'Evaluated', 1, '2022-11-16 11:24:17', '2022-12-02 16:19:09', 36, 29, 29, 1),
(1986, 0, NULL, 'Evaluated', 1, '2022-11-16 11:24:17', '2022-12-02 16:19:09', 37, 29, 29, 1),
(1987, 0, NULL, 'Evaluated', 1, '2022-11-16 11:24:17', '2022-12-02 16:19:09', 38, 29, 29, 1),
(1988, 0, NULL, 'Evaluated', 1, '2022-11-16 11:24:17', '2022-12-02 16:19:09', 39, 29, 29, 1),
(1989, 0, NULL, 'Evaluated', 1, '2022-11-16 11:24:17', '2022-12-02 16:19:09', 40, 29, 29, 1),
(1990, 0, NULL, 'Evaluated', 1, '2022-11-16 11:24:17', '2022-12-02 16:19:09', 41, 29, 29, 1),
(1991, 0, NULL, 'Evaluated', 1, '2022-11-16 11:24:17', '2022-12-02 16:19:09', 42, 29, 29, 1),
(1992, 0, NULL, 'Evaluated', 1, '2022-11-16 11:24:17', '2022-12-02 16:19:09', 43, 29, 29, 1),
(1993, 0, NULL, 'Evaluated', 1, '2022-11-16 11:24:17', '2022-12-02 16:19:09', 44, 29, 29, 1),
(1994, 0, NULL, 'Evaluated', 1, '2022-11-16 11:24:17', '2022-12-02 16:19:09', 45, 29, 29, 1),
(1995, 0, NULL, 'Evaluated', 1, '2022-11-16 11:24:17', '2022-12-02 16:19:09', 46, 29, 29, 1),
(1996, 0, NULL, 'Evaluated', 1, '2022-11-16 11:24:17', '2022-12-02 16:19:08', 47, 29, 29, 1),
(1997, 0, NULL, 'Evaluated', 1, '2022-11-16 11:24:17', '2022-12-02 16:19:00', 48, 29, 29, 0),
(1998, 0, NULL, 'Evaluated', 1, '2022-11-16 11:24:17', '2022-12-02 16:18:41', 49, 29, 29, 0),
(1999, 0, NULL, 'Evaluated', 1, '2022-11-16 11:24:17', '2022-12-02 13:39:17', 50, 29, 29, 0),
(2000, 0, NULL, 'Evaluated', 1, '2022-11-16 11:24:17', '2022-12-02 16:19:08', 51, 29, 29, 1),
(2001, 0, NULL, 'Evaluated', 1, '2022-11-16 11:24:17', '2022-12-02 16:19:08', 52, 29, 29, 1),
(2002, 0, NULL, 'Evaluated', 1, '2022-11-16 11:24:17', '2022-12-02 16:19:08', 53, 29, 29, 1),
(2003, 0, NULL, 'Evaluated', 1, '2022-11-16 11:24:17', '2022-12-02 16:19:08', 54, 29, 29, 1),
(2004, 0, NULL, 'Evaluated', 1, '2022-11-16 11:24:17', '2022-12-02 16:19:08', 55, 29, 29, 1),
(2005, 0, NULL, 'Evaluated', 1, '2022-11-16 11:24:17', '2022-12-02 16:19:08', 56, 29, 29, 1),
(2006, 0, NULL, 'Not Evaluated', 1, '2022-11-16 11:24:17', '2022-11-16 11:24:17', 57, NULL, 29, 1),
(2007, 0, NULL, 'Not Evaluated', 1, '2022-11-16 11:24:17', '2022-11-16 11:24:17', 58, NULL, 29, 1),
(2008, 0, NULL, 'Not Evaluated', 1, '2022-11-16 11:24:17', '2022-11-16 11:24:17', 59, NULL, 29, 1),
(2009, 0, NULL, 'Evaluated', 1, '2022-11-16 11:24:17', '2022-12-02 16:19:08', 60, 29, 29, 1),
(2010, 0, NULL, 'Evaluated', 1, '2022-11-16 11:24:17', '2022-12-02 16:19:08', 61, 29, 29, 1),
(2011, 0, NULL, 'Evaluated', 1, '2022-11-16 11:24:17', '2022-12-02 13:44:44', 62, 29, 29, 0),
(2012, 0, NULL, 'Evaluated', 1, '2022-11-16 11:24:17', '2022-12-02 16:19:08', 63, 29, 29, 1),
(2013, 0, NULL, 'Evaluated', 1, '2022-11-16 11:24:17', '2022-12-02 16:19:00', 64, 29, 29, 0),
(2014, 0, NULL, 'Evaluated', 1, '2022-11-16 11:24:17', '2022-12-02 16:19:08', 65, 29, 29, 1),
(2015, 0, NULL, 'Evaluated', 1, '2022-11-16 11:24:17', '2022-12-02 16:19:08', 66, 29, 29, 1),
(2016, 0, NULL, 'Evaluated', 1, '2022-11-16 11:24:17', '2022-12-02 16:19:08', 67, 29, 29, 1),
(2017, 0, NULL, 'Not Evaluated', 1, '2022-11-16 11:24:17', '2022-11-16 11:24:17', 68, NULL, 29, 1),
(2018, 0, NULL, 'Evaluated', 1, '2022-11-16 11:24:17', '2022-12-02 16:19:00', 69, 29, 29, 0),
(2019, 0, NULL, 'Evaluated', 1, '2022-11-16 11:24:17', '2022-12-02 16:19:08', 70, 29, 29, 1),
(2020, 0, NULL, 'Evaluated', 1, '2022-11-16 11:24:17', '2022-12-02 16:19:08', 71, 29, 29, 1),
(2021, 0, NULL, 'Evaluated', 1, '2022-11-16 11:24:17', '2022-12-02 16:19:08', 72, 29, 29, 1),
(2022, 0, NULL, 'Evaluated', 1, '2022-11-16 11:24:17', '2022-12-02 16:19:08', 73, 29, 29, 1),
(2023, 0, NULL, 'Evaluated', 1, '2022-11-16 11:24:17', '2022-12-02 16:19:08', 74, 29, 29, 1),
(2024, 0, NULL, 'Evaluated', 1, '2022-11-16 11:24:17', '2022-12-02 16:19:08', 75, 29, 29, 1),
(2025, 0, NULL, 'Evaluated', 1, '2022-11-16 11:24:17', '2022-12-02 16:19:08', 76, 29, 29, 1),
(2026, 0, NULL, 'Evaluated', 1, '2022-11-16 11:24:17', '2022-12-02 16:19:08', 77, 29, 29, 1),
(2027, 0, NULL, 'Evaluated', 1, '2022-11-16 11:24:17', '2022-12-02 16:19:08', 78, 29, 29, 1),
(2028, 0, NULL, 'Evaluated', 1, '2022-11-16 11:24:17', '2022-12-02 16:19:08', 79, 29, 29, 1),
(2029, 0, NULL, 'Evaluated', 1, '2022-11-16 11:24:17', '2022-12-02 16:19:08', 80, 29, 29, 1),
(2030, 0, NULL, 'Evaluated', 1, '2022-11-16 11:24:17', '2022-12-02 16:19:08', 12, 29, 29, 1),
(2031, 0, NULL, 'Evaluated', 1, '2022-11-16 11:24:17', '2022-12-02 16:19:08', 82, 29, 29, 1),
(2032, 0, NULL, 'Evaluated', 1, '2022-11-16 11:24:17', '2022-12-02 16:19:08', 83, 29, 29, 1),
(2033, 0, NULL, 'Evaluated', 1, '2022-11-16 11:24:17', '2022-12-02 16:19:08', 84, 29, 29, 1),
(2034, 0, NULL, 'Evaluated', 1, '2022-11-16 11:24:17', '2022-12-02 16:19:08', 85, 29, 29, 1),
(2035, 0, NULL, 'Evaluated', 1, '2022-11-16 11:24:17', '2022-12-02 16:19:08', 86, 29, 29, 1),
(2036, 0, NULL, 'Evaluated', 1, '2022-11-16 11:24:17', '2022-12-02 16:19:08', 87, 29, 29, 1),
(2037, 0, NULL, 'Evaluated', 1, '2022-11-16 11:24:17', '2022-12-02 16:19:00', 88, 29, 29, 0),
(2038, 0, NULL, 'Evaluated', 1, '2022-11-16 11:24:17', '2022-12-02 16:19:08', 89, 29, 29, 1),
(2039, 0, NULL, 'Evaluated', 1, '2022-11-16 11:24:17', '2022-12-02 16:19:08', 90, 29, 29, 1),
(2040, 0, NULL, 'Evaluated', 1, '2022-11-16 11:24:17', '2022-12-02 16:19:00', 91, 29, 29, 0),
(2041, 0, NULL, 'Evaluated', 1, '2022-11-16 11:24:17', '2022-12-02 16:19:08', 92, 29, 29, 1),
(3330, 0, NULL, 'Not Evaluated', 1, '2022-11-25 15:09:53', '2022-11-25 15:09:53', 1, NULL, 44, 1),
(3331, 0, NULL, 'Not Evaluated', 1, '2022-11-25 15:09:53', '2022-11-25 15:09:53', 2, NULL, 44, 1),
(3332, 0, NULL, 'Not Evaluated', 1, '2022-11-25 15:09:53', '2022-11-25 15:09:53', 3, NULL, 44, 1),
(3333, 0, NULL, 'Not Evaluated', 1, '2022-11-25 15:09:53', '2022-11-25 15:09:53', 4, NULL, 44, 1),
(3334, 0, NULL, 'Not Evaluated', 1, '2022-11-25 15:09:53', '2022-11-25 15:09:53', 5, NULL, 44, 1),
(3335, 0, NULL, 'Not Evaluated', 1, '2022-11-25 15:09:53', '2022-11-25 15:09:53', 6, NULL, 44, 1),
(3336, 0, NULL, 'Not Evaluated', 1, '2022-11-25 15:09:53', '2022-11-25 15:09:53', 7, NULL, 44, 1),
(3337, 0, NULL, 'Not Evaluated', 1, '2022-11-25 15:09:53', '2022-11-25 15:09:53', 8, NULL, 44, 1),
(3338, 0, NULL, 'Not Evaluated', 1, '2022-11-25 15:09:53', '2022-11-25 15:09:53', 9, NULL, 44, 1),
(3339, 0, NULL, 'Not Evaluated', 1, '2022-11-25 15:09:53', '2022-11-25 15:09:53', 10, NULL, 44, 1),
(3340, 0, NULL, 'Not Evaluated', 1, '2022-11-25 15:09:53', '2022-11-25 15:09:53', 11, NULL, 44, 1),
(3341, 0, NULL, 'Not Evaluated', 1, '2022-11-25 15:09:53', '2022-11-25 15:09:53', 12, NULL, 44, 1),
(3342, 0, NULL, 'Not Evaluated', 1, '2022-11-25 15:09:53', '2022-11-25 15:09:53', 13, NULL, 44, 1),
(3343, 0, NULL, 'Not Evaluated', 1, '2022-11-25 15:09:53', '2022-11-25 15:09:53', 14, NULL, 44, 1),
(3344, 0, NULL, 'Not Evaluated', 1, '2022-11-25 15:09:53', '2022-11-25 15:09:53', 15, NULL, 44, 1),
(3345, 0, NULL, 'Not Evaluated', 1, '2022-11-25 15:09:53', '2022-11-25 15:09:53', 16, NULL, 44, 1),
(3346, 0, NULL, 'Not Evaluated', 1, '2022-11-25 15:09:53', '2022-11-25 15:09:53', 17, NULL, 44, 1),
(3347, 0, NULL, 'Not Evaluated', 1, '2022-11-25 15:09:53', '2022-11-25 15:09:53', 18, NULL, 44, 1),
(3348, 0, NULL, 'Not Evaluated', 1, '2022-11-25 15:09:53', '2022-11-25 15:09:53', 19, NULL, 44, 1),
(3349, 0, NULL, 'Not Evaluated', 1, '2022-11-25 15:09:53', '2022-11-25 15:09:53', 20, NULL, 44, 1),
(3350, 0, NULL, 'Not Evaluated', 1, '2022-11-25 15:09:53', '2022-11-25 15:09:53', 21, NULL, 44, 1),
(3351, 0, NULL, 'Not Evaluated', 1, '2022-11-25 15:09:53', '2022-11-25 15:09:53', 22, NULL, 44, 1),
(3352, 0, NULL, 'Not Evaluated', 1, '2022-11-25 15:09:53', '2022-11-25 15:09:53', 23, NULL, 44, 1),
(3353, 0, NULL, 'Not Evaluated', 1, '2022-11-25 15:09:53', '2022-11-25 15:09:53', 24, NULL, 44, 1),
(3354, 0, NULL, 'Not Evaluated', 1, '2022-11-25 15:09:53', '2022-11-25 15:09:53', 25, NULL, 44, 1),
(3355, 0, NULL, 'Not Evaluated', 1, '2022-11-25 15:09:53', '2022-11-25 15:09:53', 26, NULL, 44, 1),
(3356, 0, NULL, 'Not Evaluated', 1, '2022-11-25 15:09:53', '2022-11-25 15:09:53', 27, NULL, 44, 1),
(3357, 0, NULL, 'Not Evaluated', 1, '2022-11-25 15:09:53', '2022-11-25 15:09:53', 28, NULL, 44, 1),
(3358, 0, NULL, 'Not Evaluated', 1, '2022-11-25 15:09:53', '2022-11-25 15:09:53', 29, NULL, 44, 1),
(3359, 0, NULL, 'Not Evaluated', 1, '2022-11-25 15:09:53', '2022-11-25 15:09:53', 30, NULL, 44, 1),
(3360, 0, NULL, 'Not Evaluated', 1, '2022-11-25 15:09:53', '2022-11-25 15:09:53', 31, NULL, 44, 1),
(3361, 0, NULL, 'Not Evaluated', 1, '2022-11-25 15:09:53', '2022-11-25 15:09:53', 32, NULL, 44, 1),
(3362, 0, NULL, 'Not Evaluated', 1, '2022-11-25 15:09:53', '2022-11-25 15:09:53', 33, NULL, 44, 1),
(3363, 0, NULL, 'Not Evaluated', 1, '2022-11-25 15:09:53', '2022-11-25 15:09:53', 34, NULL, 44, 1),
(3364, 0, NULL, 'Not Evaluated', 1, '2022-11-25 15:09:53', '2022-11-25 15:09:53', 35, NULL, 44, 1),
(3365, 0, NULL, 'Not Evaluated', 1, '2022-11-25 15:09:53', '2022-11-25 15:09:53', 36, NULL, 44, 1),
(3366, 0, NULL, 'Not Evaluated', 1, '2022-11-25 15:09:53', '2022-11-25 15:09:53', 37, NULL, 44, 1),
(3367, 0, NULL, 'Not Evaluated', 1, '2022-11-25 15:09:53', '2022-11-25 15:09:53', 38, NULL, 44, 1),
(3368, 0, NULL, 'Not Evaluated', 1, '2022-11-25 15:09:53', '2022-11-25 15:09:53', 39, NULL, 44, 1),
(3369, 0, NULL, 'Not Evaluated', 1, '2022-11-25 15:09:53', '2022-11-25 15:09:53', 40, NULL, 44, 1),
(3370, 0, NULL, 'Not Evaluated', 1, '2022-11-25 15:09:53', '2022-11-25 15:09:53', 41, NULL, 44, 1),
(3371, 0, NULL, 'Not Evaluated', 1, '2022-11-25 15:09:53', '2022-11-25 15:09:53', 42, NULL, 44, 1),
(3372, 0, NULL, 'Not Evaluated', 1, '2022-11-25 15:09:53', '2022-11-25 15:09:53', 43, NULL, 44, 1),
(3373, 0, NULL, 'Not Evaluated', 1, '2022-11-25 15:09:53', '2022-11-25 15:09:53', 44, NULL, 44, 1),
(3374, 0, NULL, 'Not Evaluated', 1, '2022-11-25 15:09:53', '2022-11-25 15:09:53', 45, NULL, 44, 1),
(3375, 0, NULL, 'Not Evaluated', 1, '2022-11-25 15:09:53', '2022-11-25 15:09:53', 46, NULL, 44, 1),
(3376, 0, NULL, 'Not Evaluated', 1, '2022-11-25 15:09:53', '2022-11-25 15:09:53', 47, NULL, 44, 1),
(3377, 0, NULL, 'Not Evaluated', 1, '2022-11-25 15:09:53', '2022-11-25 15:09:53', 48, NULL, 44, 1),
(3378, 0, NULL, 'Not Evaluated', 1, '2022-11-25 15:09:53', '2022-11-25 15:09:53', 49, NULL, 44, 1),
(3379, 0, NULL, 'Not Evaluated', 1, '2022-11-25 15:09:53', '2022-11-25 15:09:53', 50, NULL, 44, 1),
(3380, 0, NULL, 'Not Evaluated', 1, '2022-11-25 15:09:53', '2022-11-25 15:09:53', 51, NULL, 44, 1),
(3381, 0, NULL, 'Not Evaluated', 1, '2022-11-25 15:09:53', '2022-11-25 15:09:53', 52, NULL, 44, 1),
(3382, 0, NULL, 'Not Evaluated', 1, '2022-11-25 15:09:53', '2022-11-25 15:09:53', 53, NULL, 44, 1),
(3383, 0, NULL, 'Not Evaluated', 1, '2022-11-25 15:09:53', '2022-11-25 15:09:53', 54, NULL, 44, 1),
(3384, 0, NULL, 'Not Evaluated', 1, '2022-11-25 15:09:53', '2022-11-25 15:09:53', 55, NULL, 44, 1),
(3385, 0, NULL, 'Not Evaluated', 1, '2022-11-25 15:09:53', '2022-11-25 15:09:53', 56, NULL, 44, 1),
(3386, 0, NULL, 'Not Evaluated', 1, '2022-11-25 15:09:53', '2022-11-25 15:09:53', 57, NULL, 44, 1),
(3387, 0, NULL, 'Not Evaluated', 1, '2022-11-25 15:09:53', '2022-11-25 15:09:53', 58, NULL, 44, 1),
(3388, 0, NULL, 'Not Evaluated', 1, '2022-11-25 15:09:53', '2022-11-25 15:09:53', 59, NULL, 44, 1),
(3389, 0, NULL, 'Not Evaluated', 1, '2022-11-25 15:09:53', '2022-11-25 15:09:53', 60, NULL, 44, 1),
(3390, 0, NULL, 'Not Evaluated', 1, '2022-11-25 15:09:53', '2022-11-25 15:09:53', 61, NULL, 44, 1),
(3391, 0, NULL, 'Not Evaluated', 1, '2022-11-25 15:09:53', '2022-11-25 15:09:53', 62, NULL, 44, 1),
(3392, 0, NULL, 'Not Evaluated', 1, '2022-11-25 15:09:53', '2022-11-25 15:09:53', 63, NULL, 44, 1),
(3393, 0, NULL, 'Not Evaluated', 1, '2022-11-25 15:09:53', '2022-11-25 15:09:53', 64, NULL, 44, 1),
(3394, 0, NULL, 'Not Evaluated', 1, '2022-11-25 15:09:53', '2022-11-25 15:09:53', 65, NULL, 44, 1),
(3395, 0, NULL, 'Not Evaluated', 1, '2022-11-25 15:09:53', '2022-11-25 15:09:53', 66, NULL, 44, 1),
(3396, 0, NULL, 'Not Evaluated', 1, '2022-11-25 15:09:53', '2022-11-25 15:09:53', 67, NULL, 44, 1),
(3397, 0, NULL, 'Not Evaluated', 1, '2022-11-25 15:09:53', '2022-11-25 15:09:53', 68, NULL, 44, 1),
(3398, 0, NULL, 'Not Evaluated', 1, '2022-11-25 15:09:53', '2022-11-25 15:09:53', 69, NULL, 44, 1),
(3399, 0, NULL, 'Not Evaluated', 1, '2022-11-25 15:09:53', '2022-11-25 15:09:53', 70, NULL, 44, 1),
(3400, 0, NULL, 'Not Evaluated', 1, '2022-11-25 15:09:53', '2022-11-25 15:09:53', 71, NULL, 44, 1),
(3401, 0, NULL, 'Not Evaluated', 1, '2022-11-25 15:09:53', '2022-11-25 15:09:53', 72, NULL, 44, 1),
(3402, 0, NULL, 'Not Evaluated', 1, '2022-11-25 15:09:53', '2022-11-25 15:09:53', 73, NULL, 44, 1),
(3403, 0, NULL, 'Not Evaluated', 1, '2022-11-25 15:09:53', '2022-11-25 15:09:53', 74, NULL, 44, 1),
(3404, 0, NULL, 'Not Evaluated', 1, '2022-11-25 15:09:53', '2022-11-25 15:09:53', 75, NULL, 44, 1),
(3405, 0, NULL, 'Not Evaluated', 1, '2022-11-25 15:09:53', '2022-11-25 15:09:53', 76, NULL, 44, 1),
(3406, 0, NULL, 'Not Evaluated', 1, '2022-11-25 15:09:53', '2022-11-25 15:09:53', 77, NULL, 44, 1),
(3407, 0, NULL, 'Not Evaluated', 1, '2022-11-25 15:09:53', '2022-11-25 15:09:53', 78, NULL, 44, 1),
(3408, 0, NULL, 'Not Evaluated', 1, '2022-11-25 15:09:53', '2022-11-25 15:09:53', 79, NULL, 44, 1),
(3409, 0, NULL, 'Not Evaluated', 1, '2022-11-25 15:09:53', '2022-11-25 15:09:53', 80, NULL, 44, 1),
(3410, 0, NULL, 'Not Evaluated', 1, '2022-11-25 15:09:53', '2022-11-25 15:09:53', 81, NULL, 44, 1),
(3411, 0, NULL, 'Not Evaluated', 1, '2022-11-25 15:09:53', '2022-11-25 15:09:53', 82, NULL, 44, 1),
(3412, 0, NULL, 'Not Evaluated', 1, '2022-11-25 15:09:53', '2022-11-25 15:09:53', 83, NULL, 44, 1),
(3413, 0, NULL, 'Not Evaluated', 1, '2022-11-25 15:09:53', '2022-11-25 15:09:53', 84, NULL, 44, 1),
(3414, 0, NULL, 'Not Evaluated', 1, '2022-11-25 15:09:53', '2022-11-25 15:09:53', 85, NULL, 44, 1),
(3415, 0, NULL, 'Not Evaluated', 1, '2022-11-25 15:09:53', '2022-11-25 15:09:53', 86, NULL, 44, 1),
(3416, 0, NULL, 'Not Evaluated', 1, '2022-11-25 15:09:53', '2022-11-25 15:09:53', 87, NULL, 44, 1),
(3417, 0, NULL, 'Not Evaluated', 1, '2022-11-25 15:09:53', '2022-11-25 15:09:53', 88, NULL, 44, 1),
(3418, 0, NULL, 'Not Evaluated', 1, '2022-11-25 15:09:53', '2022-11-25 15:09:53', 89, NULL, 44, 1),
(3419, 0, NULL, 'Not Evaluated', 1, '2022-11-25 15:09:53', '2022-11-25 15:09:53', 90, NULL, 44, 1),
(3420, 0, NULL, 'Not Evaluated', 1, '2022-11-25 15:09:53', '2022-11-25 15:09:53', 91, NULL, 44, 1),
(3421, 0, NULL, 'Not Evaluated', 1, '2022-11-25 15:09:53', '2022-11-25 15:09:53', 92, NULL, 44, 1);

-- --------------------------------------------------------

--
-- Structure de la table `SkillEvaluationHistory`
--

CREATE TABLE `SkillEvaluationHistory` (
  `id` int NOT NULL,
  `level` double NOT NULL DEFAULT '0',
  `evaluationEvidence` varchar(255) NOT NULL,
  `status` varchar(255) NOT NULL,
  `updateDate` datetime NOT NULL,
  `evaluatorFullname` varchar(255) NOT NULL,
  `createdAt` datetime NOT NULL,
  `updatedAt` datetime NOT NULL,
  `evaluationId` int DEFAULT NULL
) ENGINE=InnoDB DEFAULT CHARSET=utf8mb3;

--
-- Déchargement des données de la table `SkillEvaluationHistory`
--

INSERT INTO `SkillEvaluationHistory` (`id`, `level`, `evaluationEvidence`, `status`, `updateDate`, `evaluatorFullname`, `createdAt`, `updatedAt`, `evaluationId`) VALUES
(16, 1, 'annual eval\n', 'Evaluated', '2022-09-12 16:46:22', 'Admin ADMINn', '2022-09-12 16:46:22', '2022-09-12 16:46:22', 17),
(17, 0, 'annual eval', 'Evaluated', '2022-09-12 16:47:11', 'Admin ADMINn', '2022-09-12 16:47:11', '2022-09-12 16:47:11', 27),
(18, 0, 'annual eval', 'Valid', '2022-09-12 16:47:15', 'Admin ADMINn', '2022-09-12 16:47:15', '2022-09-12 16:47:15', 27),
(19, 3, 'test', 'Evaluated', '2022-09-12 16:48:05', 'Admin ADMINn', '2022-09-12 16:48:05', '2022-09-12 16:48:05', 11),
(21, 2, 'test', 'Evaluated', '2022-09-13 16:10:16', 'Admin ADMINn', '2022-09-13 16:10:16', '2022-09-13 16:10:16', 11),
(22, 3, 'annual eval\n', 'Evaluated', '2022-09-13 16:10:21', 'Admin ADMINn', '2022-09-13 16:10:21', '2022-09-13 16:10:21', 17),
(23, 3, 'annual eval\n', 'Valid', '2022-09-13 16:12:34', 'Admin ADMINn', '2022-09-13 16:12:34', '2022-09-13 16:12:34', 17),
(24, 1, 'annual eval\n', 'Evaluated', '2022-09-13 16:12:46', 'Admin ADMINn', '2022-09-13 16:12:46', '2022-09-13 16:12:46', 17),
(25, 1, 'annual eval\n', 'Valid', '2022-09-13 16:12:55', 'Admin ADMINn', '2022-09-13 16:12:55', '2022-09-13 16:12:55', 17),
(26, 3, 'test', 'Evaluated', '2022-09-13 16:13:13', 'Admin ADMINn', '2022-09-13 16:13:13', '2022-09-13 16:13:13', 22),
(33, 4, 'test', 'Evaluated', '2022-09-15 16:43:19', 'Amina  BOUAYED', '2022-09-15 16:43:19', '2022-09-15 16:43:19', 11),
(34, 4, 'test', 'Valid', '2022-09-15 16:43:35', 'Admin ADMINn', '2022-09-15 16:43:35', '2022-09-15 16:43:35', 11),
(35, 3, 'test', 'Evaluated', '2022-09-15 16:43:53', 'Amina  BOUAYED', '2022-09-15 16:43:53', '2022-09-15 16:43:53', 11),
(36, 3, 'test', 'Valid', '2022-09-15 16:46:25', 'Admin ADMINn', '2022-09-15 16:46:25', '2022-09-15 16:46:25', 11),
(37, 1, 'TEST', 'Evaluated', '2022-09-21 09:37:23', 'Admin ADMINn', '2022-09-21 09:37:23', '2022-09-21 09:37:23', 235),
(38, 3, 'test', 'Evaluated', '2022-09-21 09:37:30', 'Admin ADMINn', '2022-09-21 09:37:30', '2022-09-21 09:37:30', 236),
(39, 1, 'TEST', 'Valid', '2022-09-21 09:37:55', 'Admin ADMINn', '2022-09-21 09:37:55', '2022-09-21 09:37:55', 235),
(40, 3, 'test', 'Valid', '2022-09-21 09:38:34', 'Admin ADMINn', '2022-09-21 09:38:34', '2022-09-21 09:38:34', 236),
(48, 2, 'TEST', 'Evaluated', '2022-09-21 16:28:17', 'Admin ADMINn', '2022-09-21 16:28:17', '2022-09-21 16:28:17', 235),
(49, 0, 'test', 'Evaluated', '2022-09-21 16:47:25', 'taib -maaoui', '2022-09-21 16:47:25', '2022-09-21 16:47:25', 221),
(50, 0, 'test', 'Valid', '2022-09-21 16:47:27', 'taib -maaoui', '2022-09-21 16:47:28', '2022-09-21 16:47:28', 221),
(51, 0, 'teste', 'Evaluated', '2022-09-22 08:32:03', 'taib -maaoui', '2022-09-22 08:32:03', '2022-09-22 08:32:03', 123),
(52, 0, 'teste', 'Valid', '2022-09-22 08:32:07', 'taib -maaoui', '2022-09-22 08:32:07', '2022-09-22 08:32:07', 123),
(53, 2, 'Formation', 'Evaluated', '2022-09-22 13:26:51', 'Admin ADMINn', '2022-09-22 13:26:51', '2022-09-22 13:26:51', 418),
(54, 2, 'Formation', 'Valid', '2022-09-22 13:27:13', 'Admin ADMINn', '2022-09-22 13:27:13', '2022-09-22 13:27:13', 418),
(55, 3, 'Formation', 'Evaluated', '2022-09-22 13:29:39', 'Ahmed  Hamouda', '2022-09-22 13:29:39', '2022-09-22 13:29:39', 222),
(56, 3, 'Formation', 'Valid', '2022-09-22 13:30:06', 'Amina  BOUAYED', '2022-09-22 13:30:06', '2022-09-22 13:30:06', 222),
(57, 3, 'test', 'Valid', '2022-09-22 13:38:00', 'Admin ADMINn', '2022-09-22 13:38:00', '2022-09-22 13:38:00', 22),
(58, 3, 'Traning', 'Evaluated', '2022-09-28 11:36:22', 'Name Last name', '2022-09-28 11:36:22', '2022-09-28 11:36:22', 223),
(59, 3, 'Traning', 'Valid', '2022-09-28 11:39:15', 'Amina  BOUAYED', '2022-09-28 11:39:15', '2022-09-28 11:39:15', 223),
(60, 2, 'TEST', 'Evaluated', '2022-09-30 16:57:41', 'Name Last name', '2022-09-30 16:57:41', '2022-09-30 16:57:41', 80),
(67, 3, 'Traning', 'Valid', '2022-11-09 10:33:49', 'Amina  BOUAYED', '2022-11-09 10:33:49', '2022-11-09 10:33:49', 223),
(68, 3, 'done', 'Evaluated', '2022-11-17 10:47:22', 'taib -MAAOUI', '2022-11-17 10:47:22', '2022-11-17 10:47:22', 125),
(69, 4, 'de', 'Evaluated', '2022-11-17 10:47:36', 'taib -MAAOUI', '2022-11-17 10:47:36', '2022-11-17 10:47:36', 126),
(70, 3, 'done', 'Valid', '2022-11-17 10:48:48', 'taib -MAAOUI', '2022-11-17 10:48:48', '2022-11-17 10:48:48', 125),
(71, 2, 'done', 'Evaluated', '2022-11-17 10:49:49', 'taib -MAAOUI', '2022-11-17 10:49:49', '2022-11-17 10:49:49', 125),
(72, 1, 'defr', 'Evaluated', '2022-11-17 10:50:06', 'taib -MAAOUI', '2022-11-17 10:50:06', '2022-11-17 10:50:06', 133),
(73, 2, 'done', 'Valid', '2022-11-17 10:50:55', 'taib -MAAOUI', '2022-11-17 10:50:55', '2022-11-17 10:50:55', 125),
(74, 1, 'li', 'Evaluated', '2022-11-17 11:09:57', 'taib -MAAOUI', '2022-11-17 11:09:57', '2022-11-17 11:09:57', 1952),
(75, 0, 'li', 'Evaluated', '2022-11-17 11:18:28', 'taib -MAAOUI', '2022-11-17 11:18:28', '2022-11-17 11:18:28', 1952),
(76, 3, 'li', 'Evaluated', '2022-11-17 13:15:46', 'taib -MAAOUI', '2022-11-17 13:15:46', '2022-11-17 13:15:46', 1952),
(77, 3, 'li', 'Evaluated', '2022-11-17 13:18:46', 'taib -MAAOUI', '2022-11-17 13:18:46', '2022-11-17 13:18:46', 1952),
(78, 3, 'li', 'Evaluated', '2022-11-17 13:19:11', 'taib -MAAOUI', '2022-11-17 13:19:11', '2022-11-17 13:19:11', 1952),
(79, 3, 'li', 'Evaluated', '2022-11-17 13:19:56', 'taib -MAAOUI', '2022-11-17 13:19:56', '2022-11-17 13:19:56', 1952),
(80, 3, 'li', 'Evaluated', '2022-11-17 13:20:07', 'taib -MAAOUI', '2022-11-17 13:20:07', '2022-11-17 13:20:07', 1952),
(81, 3, 'li', 'Evaluated', '2022-11-17 13:21:33', 'taib -MAAOUI', '2022-11-17 13:21:33', '2022-11-17 13:21:33', 1952),
(82, 2, 'li', 'Evaluated', '2022-11-17 13:21:47', 'taib -MAAOUI', '2022-11-17 13:21:47', '2022-11-17 13:21:47', 1952),
(83, 2, 'li', 'Valid', '2022-11-17 13:23:35', 'taib -MAAOUI', '2022-11-17 13:23:35', '2022-11-17 13:23:35', 1952),
(84, 4, 'done', 'Evaluated', '2022-11-17 13:24:58', 'taib -MAAOUI', '2022-11-17 13:24:58', '2022-11-17 13:24:58', 1953),
(85, 4, 'done', 'Evaluated', '2022-11-17 13:25:16', 'taib -MAAOUI', '2022-11-17 13:25:16', '2022-11-17 13:25:16', 1953),
(86, 4, 'done', 'Valid', '2022-11-17 13:28:41', 'taib -MAAOUI', '2022-11-17 13:28:41', '2022-11-17 13:28:41', 1953),
(87, 0, 'non', 'Evaluated', '2022-11-17 13:29:04', 'taib -MAAOUI', '2022-11-17 13:29:04', '2022-11-17 13:29:04', 1954),
(88, 0, 'non', 'Valid', '2022-11-17 13:30:24', 'taib -MAAOUI', '2022-11-17 13:30:24', '2022-11-17 13:30:24', 1954),
(89, 3, 'non', 'Evaluated', '2022-11-17 13:32:41', 'taib -MAAOUI', '2022-11-17 13:32:41', '2022-11-17 13:32:41', 1954),
(90, 2, 'li', 'Valid', '2022-11-17 13:34:14', 'taib -MAAOUI', '2022-11-17 13:34:14', '2022-11-17 13:34:14', 1952),
(91, 2, 'non', 'Evaluated', '2022-11-17 13:35:27', 'taib -MAAOUI', '2022-11-17 13:35:27', '2022-11-17 13:35:27', 1954),
(92, 2, 'non', 'Valid', '2022-11-17 13:35:34', 'taib -MAAOUI', '2022-11-17 13:35:34', '2022-11-17 13:35:34', 1954),
(93, 4, 'non', 'Evaluated', '2022-11-17 13:36:06', 'taib -MAAOUI', '2022-11-17 13:36:07', '2022-11-17 13:36:07', 1954),
(94, 4, 'non', 'Valid', '2022-11-17 13:36:13', 'taib -MAAOUI', '2022-11-17 13:36:13', '2022-11-17 13:36:13', 1954),
(95, 2, 'non', 'Evaluated', '2022-11-17 13:37:01', 'taib -MAAOUI', '2022-11-17 13:37:02', '2022-11-17 13:37:02', 1954),
(96, 2, 'li', 'Valid', '2022-11-17 13:37:09', 'taib -MAAOUI', '2022-11-17 13:37:09', '2022-11-17 13:37:09', 1952),
(97, 3, 'non', 'Evaluated', '2022-11-17 13:38:47', 'taib -MAAOUI', '2022-11-17 13:38:47', '2022-11-17 13:38:47', 1954),
(98, 3, 'non', 'Valid', '2022-11-17 13:38:56', 'taib -MAAOUI', '2022-11-17 13:38:56', '2022-11-17 13:38:56', 1954),
(99, 3, 'kk', 'Evaluated', '2022-11-17 13:40:00', 'taib -MAAOUI', '2022-11-17 13:40:00', '2022-11-17 13:40:00', 1874),
(100, 3, 'kk', 'Valid', '2022-11-17 13:40:04', 'taib -MAAOUI', '2022-11-17 13:40:04', '2022-11-17 13:40:04', 1874),
(101, 1, 'non', 'Evaluated', '2022-11-17 13:40:27', 'taib -MAAOUI', '2022-11-17 13:40:27', '2022-11-17 13:40:27', 1954),
(102, 1, 'non', 'Valid', '2022-11-17 13:41:27', 'taib -MAAOUI', '2022-11-17 13:41:27', '2022-11-17 13:41:27', 1954),
(103, 4, 'non', 'Evaluated', '2022-11-17 13:44:07', 'taib -MAAOUI', '2022-11-17 13:44:07', '2022-11-17 13:44:07', 1954),
(104, 4, 'non', 'Valid', '2022-11-17 13:44:16', 'taib -MAAOUI', '2022-11-17 13:44:16', '2022-11-17 13:44:16', 1954),
(105, 2, 'non', 'Evaluated', '2022-11-17 13:45:08', 'taib -MAAOUI', '2022-11-17 13:45:08', '2022-11-17 13:45:08', 1954),
(106, 2, 'non', 'Valid', '2022-11-17 13:45:16', 'taib -MAAOUI', '2022-11-17 13:45:16', '2022-11-17 13:45:16', 1954),
(107, 3, 'done', 'Evaluated', '2022-11-17 13:45:38', 'taib -MAAOUI', '2022-11-17 13:45:38', '2022-11-17 13:45:38', 1953),
(108, 3, 'done', 'Valid', '2022-11-17 13:45:46', 'taib -MAAOUI', '2022-11-17 13:45:46', '2022-11-17 13:45:46', 1953),
(109, 2, 'done', 'Evaluated', '2022-11-17 13:45:51', 'taib -MAAOUI', '2022-11-17 13:45:51', '2022-11-17 13:45:51', 1953),
(110, 2, 'done', 'Valid', '2022-11-17 13:46:01', 'taib -MAAOUI', '2022-11-17 13:46:01', '2022-11-17 13:46:01', 1953),
(111, 4, 'li', 'Evaluated', '2022-11-17 13:46:34', 'taib -MAAOUI', '2022-11-17 13:46:34', '2022-11-17 13:46:34', 1952),
(112, 4, 'li', 'Valid', '2022-11-17 13:46:39', 'taib -MAAOUI', '2022-11-17 13:46:39', '2022-11-17 13:46:39', 1952),
(113, 4, 'de', 'Valid', '2022-11-17 13:49:14', 'taib -MAAOUI', '2022-11-17 13:49:14', '2022-11-17 13:49:14', 126),
(114, 2, 'ff', 'Evaluated', '2022-11-17 14:05:38', 'taib -MAAOUI', '2022-11-17 14:05:38', '2022-11-17 14:05:38', 1969),
(115, 3, 'qzdqzd', 'Evaluated', '2022-11-17 14:05:43', 'taib -MAAOUI', '2022-11-17 14:05:43', '2022-11-17 14:05:43', 1967),
(116, 0, 'ddd', 'Evaluated', '2022-11-17 14:05:45', 'taib -MAAOUI', '2022-11-17 14:05:45', '2022-11-17 14:05:45', 1966),
(117, 1, 'kk', 'Evaluated', '2022-11-17 14:43:01', 'taib -MAAOUI', '2022-11-17 14:43:01', '2022-11-17 14:43:01', 1874),
(118, 1, 'kk', 'Valid', '2022-11-18 09:04:22', 'taib -MAAOUI', '2022-11-18 09:04:22', '2022-11-18 09:04:22', 1874),
(119, 4, 'de', 'Valid', '2022-11-18 09:33:52', 'taib -MAAOUI', '2022-11-18 09:33:52', '2022-11-18 09:33:52', 126),
(120, 1, 'defr', 'Evaluated', '2022-11-18 10:03:51', 'taib -MAAOUI', '2022-11-18 10:03:52', '2022-11-18 10:03:52', 133),
(121, 1, 'defr', 'Evaluated', '2022-11-18 10:19:09', 'taib -MAAOUI', '2022-11-18 10:19:09', '2022-11-18 10:19:09', 133),
(122, 1, 'defr', 'Evaluated', '2022-11-18 10:30:02', 'taib -MAAOUI', '2022-11-18 10:30:02', '2022-11-18 10:30:02', 133),
(123, 1, 'defr', 'Evaluated', '2022-11-18 10:44:23', 'taib -MAAOUI', '2022-11-18 10:44:23', '2022-11-18 10:44:23', 133),
(124, 1, 'defr', 'Evaluated', '2022-11-18 10:47:35', 'taib -MAAOUI', '2022-11-18 10:47:35', '2022-11-18 10:47:35', 133),
(125, 1, 'defr', 'Evaluated', '2022-11-18 10:47:51', 'taib -MAAOUI', '2022-11-18 10:47:51', '2022-11-18 10:47:51', 133),
(126, 2, 'non', 'Valid', '2022-11-21 10:21:42', 'First name LAST NAME', '2022-11-21 10:21:42', '2022-11-21 10:21:42', 1954),
(127, 4, 'li', 'Valid', '2022-11-21 10:21:48', 'First name LAST NAME', '2022-11-21 10:21:48', '2022-11-21 10:21:48', 1952),
(128, 2, 'done', 'Valid', '2022-11-21 10:21:48', 'First name LAST NAME', '2022-11-21 10:21:48', '2022-11-21 10:21:48', 1953),
(129, 3, 'log', 'Evaluated', '2022-11-21 10:22:28', 'taib -MAAOUI', '2022-11-21 10:22:28', '2022-11-21 10:22:28', 127),
(130, 3, 'log', 'Valid', '2022-11-21 10:22:38', 'taib -MAAOUI', '2022-11-21 10:22:38', '2022-11-21 10:22:38', 127),
(131, 2, 'kkk', 'Evaluated', '2022-11-23 08:45:45', 'taib -MAAOUI', '2022-11-23 08:45:45', '2022-11-23 08:45:45', 1880),
(132, 1, 'kk', 'Valid', '2022-11-25 09:58:17', 'Lobna GHOURABI', '2022-11-25 09:58:17', '2022-11-25 09:58:17', 1874),
(133, 3, 'qzdqzd', 'Evaluated', '2022-11-28 10:05:46', 'taib -MAAOUI', '2022-11-28 10:05:46', '2022-11-28 10:05:46', 1955),
(134, 3, 'qzdqzd', 'Evaluated', '2022-11-28 10:10:19', 'taib -MAAOUI', '2022-11-28 10:10:19', '2022-11-28 10:10:19', 1967),
(135, 3, 'qzdqzd', 'Evaluated', '2022-11-28 10:10:29', 'taib -MAAOUI', '2022-11-28 10:10:29', '2022-11-28 10:10:29', 1967),
(136, 2, 'ff', 'Evaluated', '2022-11-28 16:22:37', 'taib -MAAOUI', '2022-11-28 16:22:37', '2022-11-28 16:22:37', 1969),
(137, 3, 'qzdqzd', 'Evaluated', '2022-11-28 16:22:37', 'taib -MAAOUI', '2022-11-28 16:22:37', '2022-11-28 16:22:37', 1967),
(138, 0, 'ddd', 'Evaluated', '2022-11-28 16:22:37', 'taib -MAAOUI', '2022-11-28 16:22:37', '2022-11-28 16:22:37', 1966),
(139, 2, 'ff', 'Evaluated', '2022-11-28 16:23:20', 'taib -MAAOUI', '2022-11-28 16:23:20', '2022-11-28 16:23:20', 1969),
(140, 0, 'ddd', 'Evaluated', '2022-11-28 16:23:20', 'taib -MAAOUI', '2022-11-28 16:23:20', '2022-11-28 16:23:20', 1966),
(141, 3, 'qzdqzd', 'Evaluated', '2022-11-28 16:23:20', 'taib -MAAOUI', '2022-11-28 16:23:20', '2022-11-28 16:23:20', 1967),
(142, 2, 'ff', 'Evaluated', '2022-11-28 16:24:34', 'taib -MAAOUI', '2022-11-28 16:24:34', '2022-11-28 16:24:34', 1969),
(143, 0, 'ddd', 'Evaluated', '2022-11-28 16:24:34', 'taib -MAAOUI', '2022-11-28 16:24:34', '2022-11-28 16:24:34', 1966),
(144, 3, 'qzdqzd', 'Evaluated', '2022-11-28 16:24:34', 'taib -MAAOUI', '2022-11-28 16:24:34', '2022-11-28 16:24:34', 1967),
(145, 2, 'ff', 'Evaluated', '2022-11-28 16:28:05', 'taib -MAAOUI', '2022-11-28 16:28:05', '2022-11-28 16:28:05', 1969),
(146, 3, 'qzdqzd', 'Evaluated', '2022-11-28 16:28:05', 'taib -MAAOUI', '2022-11-28 16:28:05', '2022-11-28 16:28:05', 1967),
(147, 0, 'ddd', 'Evaluated', '2022-11-28 16:28:05', 'taib -MAAOUI', '2022-11-28 16:28:05', '2022-11-28 16:28:05', 1966),
(148, 3, 'qzdqzd', 'Evaluated', '2022-11-28 16:31:02', 'taib -MAAOUI', '2022-11-28 16:31:02', '2022-11-28 16:31:02', 1967),
(149, 0, 'ddd', 'Evaluated', '2022-11-28 16:31:02', 'taib -MAAOUI', '2022-11-28 16:31:02', '2022-11-28 16:31:02', 1966),
(150, 2, 'ff', 'Evaluated', '2022-11-28 16:31:02', 'taib -MAAOUI', '2022-11-28 16:31:02', '2022-11-28 16:31:02', 1969),
(151, 2, 'ff', 'Evaluated', '2022-11-28 16:31:44', 'taib -MAAOUI', '2022-11-28 16:31:44', '2022-11-28 16:31:44', 1969),
(152, 3, 'qzdqzd', 'Evaluated', '2022-11-28 16:31:44', 'taib -MAAOUI', '2022-11-28 16:31:44', '2022-11-28 16:31:44', 1967),
(153, 0, 'ddd', 'Evaluated', '2022-11-28 16:31:44', 'taib -MAAOUI', '2022-11-28 16:31:44', '2022-11-28 16:31:44', 1966),
(154, 3, 'qzdqzd', 'Evaluated', '2022-11-28 16:33:05', 'taib -MAAOUI', '2022-11-28 16:33:05', '2022-11-28 16:33:05', 1967),
(155, 2, 'ff', 'Evaluated', '2022-11-28 16:33:05', 'taib -MAAOUI', '2022-11-28 16:33:05', '2022-11-28 16:33:05', 1969),
(156, 0, 'ddd', 'Evaluated', '2022-11-28 16:33:05', 'taib -MAAOUI', '2022-11-28 16:33:05', '2022-11-28 16:33:05', 1966),
(157, 3, 'qzdqzd', 'Evaluated', '2022-11-28 16:34:27', 'taib -MAAOUI', '2022-11-28 16:34:27', '2022-11-28 16:34:27', 1967),
(158, 2, 'ff', 'Evaluated', '2022-11-28 16:34:27', 'taib -MAAOUI', '2022-11-28 16:34:27', '2022-11-28 16:34:27', 1969),
(159, 0, 'ddd', 'Evaluated', '2022-11-28 16:34:27', 'taib -MAAOUI', '2022-11-28 16:34:27', '2022-11-28 16:34:27', 1966),
(160, 2, 'ff', 'Evaluated', '2022-11-28 16:36:22', 'taib -MAAOUI', '2022-11-28 16:36:22', '2022-11-28 16:36:22', 1969),
(161, 0, 'ddd', 'Evaluated', '2022-11-28 16:36:22', 'taib -MAAOUI', '2022-11-28 16:36:22', '2022-11-28 16:36:22', 1966),
(162, 3, 'qzdqzd', 'Evaluated', '2022-11-28 16:36:22', 'taib -MAAOUI', '2022-11-28 16:36:22', '2022-11-28 16:36:22', 1967),
(163, 2, 'ff', 'Evaluated', '2022-11-28 16:37:29', 'taib -MAAOUI', '2022-11-28 16:37:29', '2022-11-28 16:37:29', 1969),
(164, 3, 'qzdqzd', 'Evaluated', '2022-11-28 16:37:29', 'taib -MAAOUI', '2022-11-28 16:37:30', '2022-11-28 16:37:30', 1967),
(165, 0, 'ddd', 'Evaluated', '2022-11-28 16:37:29', 'taib -MAAOUI', '2022-11-28 16:37:30', '2022-11-28 16:37:30', 1966),
(166, 2, 'ff', 'Evaluated', '2022-11-28 16:37:42', 'taib -MAAOUI', '2022-11-28 16:37:42', '2022-11-28 16:37:42', 1969),
(167, 0, 'ddd', 'Evaluated', '2022-11-28 16:37:42', 'taib -MAAOUI', '2022-11-28 16:37:42', '2022-11-28 16:37:42', 1966),
(168, 3, 'qzdqzd', 'Evaluated', '2022-11-28 16:37:42', 'taib -MAAOUI', '2022-11-28 16:37:42', '2022-11-28 16:37:42', 1967),
(169, 2, 'ff', 'Evaluated', '2022-11-28 16:41:35', 'taib -MAAOUI', '2022-11-28 16:41:35', '2022-11-28 16:41:35', 1969),
(170, 3, 'qzdqzd', 'Evaluated', '2022-11-28 16:41:35', 'taib -MAAOUI', '2022-11-28 16:41:35', '2022-11-28 16:41:35', 1967),
(171, 0, 'ddd', 'Evaluated', '2022-11-28 16:41:35', 'taib -MAAOUI', '2022-11-28 16:41:35', '2022-11-28 16:41:35', 1966),
(172, 2, 'ff', 'Evaluated', '2022-11-29 09:04:48', 'taib -MAAOUI', '2022-11-29 09:04:49', '2022-11-29 09:04:49', 1969),
(173, 3, 'qzdqzd', 'Evaluated', '2022-11-29 09:04:48', 'taib -MAAOUI', '2022-11-29 09:04:49', '2022-11-29 09:04:49', 1967),
(174, 0, 'ddd', 'Evaluated', '2022-11-29 09:04:49', 'taib -MAAOUI', '2022-11-29 09:04:49', '2022-11-29 09:04:49', 1966),
(175, 3, 'qzdqzd', 'Evaluated', '2022-11-29 09:11:41', 'taib -MAAOUI', '2022-11-29 09:11:41', '2022-11-29 09:11:41', 1967),
(176, 2, 'ff', 'Evaluated', '2022-11-29 09:11:41', 'taib -MAAOUI', '2022-11-29 09:11:41', '2022-11-29 09:11:41', 1969),
(177, 0, 'ddd', 'Evaluated', '2022-11-29 09:11:41', 'taib -MAAOUI', '2022-11-29 09:11:41', '2022-11-29 09:11:41', 1966),
(178, 2, 'ff', 'Evaluated', '2022-11-29 09:12:15', 'taib -MAAOUI', '2022-11-29 09:12:15', '2022-11-29 09:12:15', 1969),
(179, 0, 'ddd', 'Evaluated', '2022-11-29 09:12:15', 'taib -MAAOUI', '2022-11-29 09:12:15', '2022-11-29 09:12:15', 1966),
(180, 3, 'qzdqzd', 'Evaluated', '2022-11-29 09:12:15', 'taib -MAAOUI', '2022-11-29 09:12:15', '2022-11-29 09:12:15', 1967),
(181, 2, 'ff', 'Valid', '2022-11-29 09:13:40', 'taib -MAAOUI', '2022-11-29 09:13:40', '2022-11-29 09:13:40', 1969),
(182, 3, 'qzdqzd', 'Evaluated', '2022-11-29 09:21:12', 'taib -MAAOUI', '2022-11-29 09:21:12', '2022-11-29 09:21:12', 1967),
(183, 2, 'ff', 'Valid', '2022-11-29 09:21:12', 'taib -MAAOUI', '2022-11-29 09:21:12', '2022-11-29 09:21:12', 1969),
(184, 0, 'ddd', 'Evaluated', '2022-11-29 09:21:12', 'taib -MAAOUI', '2022-11-29 09:21:12', '2022-11-29 09:21:12', 1966),
(185, 2, 'ff', 'Valid', '2022-11-29 10:25:12', 'taib -MAAOUI', '2022-11-29 10:25:12', '2022-11-29 10:25:12', 1969),
(186, 0, 'ddd', 'Evaluated', '2022-11-29 10:25:12', 'taib -MAAOUI', '2022-11-29 10:25:13', '2022-11-29 10:25:13', 1966),
(187, 3, 'qzdqzd', 'Evaluated', '2022-11-29 10:25:12', 'taib -MAAOUI', '2022-11-29 10:25:13', '2022-11-29 10:25:13', 1967),
(188, 2, 'ff', 'Valid', '2022-11-29 10:25:26', 'taib -MAAOUI', '2022-11-29 10:25:26', '2022-11-29 10:25:26', 1969),
(189, 3, 'qzdqzd', 'Evaluated', '2022-11-29 10:25:27', 'taib -MAAOUI', '2022-11-29 10:25:27', '2022-11-29 10:25:27', 1967),
(190, 0, 'ddd', 'Evaluated', '2022-11-29 10:25:27', 'taib -MAAOUI', '2022-11-29 10:25:27', '2022-11-29 10:25:27', 1966),
(191, 2, 'ff', 'Valid', '2022-11-29 10:25:50', 'taib -MAAOUI', '2022-11-29 10:25:51', '2022-11-29 10:25:51', 1969),
(192, 3, 'qzdqzd', 'Evaluated', '2022-11-29 10:25:51', 'taib -MAAOUI', '2022-11-29 10:25:51', '2022-11-29 10:25:51', 1967),
(193, 0, 'ddd', 'Evaluated', '2022-11-29 10:25:51', 'taib -MAAOUI', '2022-11-29 10:25:51', '2022-11-29 10:25:51', 1966),
(194, 2, 'ff', 'Valid', '2022-11-29 10:25:53', 'taib -MAAOUI', '2022-11-29 10:25:53', '2022-11-29 10:25:53', 1969),
(195, 3, 'qzdqzd', 'Evaluated', '2022-11-29 10:25:53', 'taib -MAAOUI', '2022-11-29 10:25:53', '2022-11-29 10:25:53', 1967),
(196, 0, 'ddd', 'Evaluated', '2022-11-29 10:25:53', 'taib -MAAOUI', '2022-11-29 10:25:53', '2022-11-29 10:25:53', 1966),
(197, 2, 'ff', 'Valid', '2022-11-29 10:25:55', 'taib -MAAOUI', '2022-11-29 10:25:55', '2022-11-29 10:25:55', 1969),
(198, 3, 'qzdqzd', 'Evaluated', '2022-11-29 10:25:55', 'taib -MAAOUI', '2022-11-29 10:25:55', '2022-11-29 10:25:55', 1967),
(199, 0, 'ddd', 'Evaluated', '2022-11-29 10:25:55', 'taib -MAAOUI', '2022-11-29 10:25:56', '2022-11-29 10:25:56', 1966),
(200, 2, 'ff', 'Valid', '2022-11-29 10:25:58', 'taib -MAAOUI', '2022-11-29 10:25:58', '2022-11-29 10:25:58', 1969),
(201, 3, 'qzdqzd', 'Evaluated', '2022-11-29 10:25:58', 'taib -MAAOUI', '2022-11-29 10:25:58', '2022-11-29 10:25:58', 1967),
(202, 0, 'ddd', 'Evaluated', '2022-11-29 10:25:58', 'taib -MAAOUI', '2022-11-29 10:25:58', '2022-11-29 10:25:58', 1966),
(203, 2, 'ff', 'Valid', '2022-11-29 10:26:09', 'taib -MAAOUI', '2022-11-29 10:26:10', '2022-11-29 10:26:10', 1969),
(204, 3, 'qzdqzd', 'Evaluated', '2022-11-29 10:26:10', 'taib -MAAOUI', '2022-11-29 10:26:10', '2022-11-29 10:26:10', 1967),
(205, 0, 'ddd', 'Evaluated', '2022-11-29 10:26:10', 'taib -MAAOUI', '2022-11-29 10:26:10', '2022-11-29 10:26:10', 1966),
(206, 2, 'ff', 'Valid', '2022-11-29 10:26:11', 'taib -MAAOUI', '2022-11-29 10:26:11', '2022-11-29 10:26:11', 1969),
(207, 3, 'qzdqzd', 'Evaluated', '2022-11-29 10:26:11', 'taib -MAAOUI', '2022-11-29 10:26:11', '2022-11-29 10:26:11', 1967),
(208, 0, 'ddd', 'Evaluated', '2022-11-29 10:26:11', 'taib -MAAOUI', '2022-11-29 10:26:11', '2022-11-29 10:26:11', 1966),
(209, 2, 'ff', 'Valid', '2022-11-29 10:26:24', 'taib -MAAOUI', '2022-11-29 10:26:24', '2022-11-29 10:26:24', 1969),
(210, 0, 'ddd', 'Evaluated', '2022-11-29 10:26:24', 'taib -MAAOUI', '2022-11-29 10:26:24', '2022-11-29 10:26:24', 1966),
(211, 3, 'qzdqzd', 'Evaluated', '2022-11-29 10:26:24', 'taib -MAAOUI', '2022-11-29 10:26:24', '2022-11-29 10:26:24', 1967),
(212, 3, 'qzdqzd', 'Evaluated', '2022-11-29 10:26:30', 'taib -MAAOUI', '2022-11-29 10:26:30', '2022-11-29 10:26:30', 1967),
(213, 2, 'ff', 'Valid', '2022-11-29 10:26:30', 'taib -MAAOUI', '2022-11-29 10:26:30', '2022-11-29 10:26:30', 1969),
(214, 0, 'ddd', 'Evaluated', '2022-11-29 10:26:30', 'taib -MAAOUI', '2022-11-29 10:26:30', '2022-11-29 10:26:30', 1966),
(215, 3, 'qzdqzd', 'Evaluated', '2022-11-29 10:26:31', 'taib -MAAOUI', '2022-11-29 10:26:31', '2022-11-29 10:26:31', 1967),
(216, 2, 'ff', 'Valid', '2022-11-29 10:26:31', 'taib -MAAOUI', '2022-11-29 10:26:31', '2022-11-29 10:26:31', 1969),
(217, 0, 'ddd', 'Evaluated', '2022-11-29 10:26:31', 'taib -MAAOUI', '2022-11-29 10:26:31', '2022-11-29 10:26:31', 1966),
(218, 2, 'ff', 'Valid', '2022-11-29 10:30:04', 'taib -MAAOUI', '2022-11-29 10:30:04', '2022-11-29 10:30:04', 1969),
(219, 3, 'qzdqzd', 'Evaluated', '2022-11-29 10:30:04', 'taib -MAAOUI', '2022-11-29 10:30:04', '2022-11-29 10:30:04', 1967),
(220, 0, 'ddd', 'Evaluated', '2022-11-29 10:30:04', 'taib -MAAOUI', '2022-11-29 10:30:04', '2022-11-29 10:30:04', 1966),
(221, 3, 'qzdqzd', 'Evaluated', '2022-11-29 10:30:35', 'taib -MAAOUI', '2022-11-29 10:30:35', '2022-11-29 10:30:35', 1967),
(222, 0, 'ddd', 'Evaluated', '2022-11-29 10:30:35', 'taib -MAAOUI', '2022-11-29 10:30:35', '2022-11-29 10:30:35', 1966),
(223, 2, 'ff', 'Valid', '2022-11-29 10:30:35', 'taib -MAAOUI', '2022-11-29 10:30:35', '2022-11-29 10:30:35', 1969),
(224, 3, 'qzdqzd', 'Evaluated', '2022-11-29 10:30:54', 'taib -MAAOUI', '2022-11-29 10:30:54', '2022-11-29 10:30:54', 1967),
(225, 0, 'ddd', 'Evaluated', '2022-11-29 10:30:54', 'taib -MAAOUI', '2022-11-29 10:30:54', '2022-11-29 10:30:54', 1966),
(226, 2, 'ff', 'Valid', '2022-11-29 10:30:54', 'taib -MAAOUI', '2022-11-29 10:30:54', '2022-11-29 10:30:54', 1969),
(227, 2, 'ff', 'Valid', '2022-11-29 10:42:43', 'taib -MAAOUI', '2022-11-29 10:42:44', '2022-11-29 10:42:44', 1969),
(228, 3, 'qzdqzd', 'Evaluated', '2022-11-29 10:42:43', 'taib -MAAOUI', '2022-11-29 10:42:44', '2022-11-29 10:42:44', 1967),
(229, 0, 'ddd', 'Evaluated', '2022-11-29 10:42:43', 'taib -MAAOUI', '2022-11-29 10:42:44', '2022-11-29 10:42:44', 1966),
(230, 2, 'non', 'Valid', '2022-11-29 10:42:44', 'First name LAST NAME', '2022-11-29 10:42:44', '2022-11-29 10:42:44', 1954),
(231, 2, 'non', 'Valid', '2022-11-29 10:42:44', 'First name LAST NAME', '2022-11-29 10:42:44', '2022-11-29 10:42:44', 1954),
(232, 2, 'non', 'Valid', '2022-11-29 10:43:15', 'First name LAST NAME', '2022-11-29 10:43:15', '2022-11-29 10:43:15', 1954),
(233, 2, 'ff', 'Valid', '2022-11-29 10:43:16', 'taib -MAAOUI', '2022-11-29 10:43:17', '2022-11-29 10:43:17', 1969),
(234, 3, 'qzdqzd', 'Evaluated', '2022-11-29 10:43:16', 'taib -MAAOUI', '2022-11-29 10:43:17', '2022-11-29 10:43:17', 1967),
(235, 0, 'ddd', 'Evaluated', '2022-11-29 10:43:17', 'taib -MAAOUI', '2022-11-29 10:43:17', '2022-11-29 10:43:17', 1966),
(236, 4, 'li', 'Valid', '2022-11-29 10:43:17', 'First name LAST NAME', '2022-11-29 10:43:18', '2022-11-29 10:43:18', 1952),
(237, 4, 'li', 'Valid', '2022-11-29 10:43:18', 'First name LAST NAME', '2022-11-29 10:43:18', '2022-11-29 10:43:18', 1952),
(238, 2, 'non', 'Valid', '2022-11-29 10:46:25', 'First name LAST NAME', '2022-11-29 10:46:25', '2022-11-29 10:46:25', 1954),
(239, 2, 'ff', 'Valid', '2022-11-29 10:46:26', 'taib -MAAOUI', '2022-11-29 10:46:26', '2022-11-29 10:46:26', 1969),
(240, 3, 'qzdqzd', 'Evaluated', '2022-11-29 10:46:26', 'taib -MAAOUI', '2022-11-29 10:46:26', '2022-11-29 10:46:26', 1967),
(241, 0, 'ddd', 'Evaluated', '2022-11-29 10:46:26', 'taib -MAAOUI', '2022-11-29 10:46:26', '2022-11-29 10:46:26', 1966),
(242, 4, 'li', 'Valid', '2022-11-29 10:46:27', 'First name LAST NAME', '2022-11-29 10:46:27', '2022-11-29 10:46:27', 1952),
(243, 2, 'non', 'Valid', '2022-11-29 10:47:17', 'First name LAST NAME', '2022-11-29 10:47:17', '2022-11-29 10:47:17', 1954),
(244, 2, 'ff', 'Valid', '2022-11-29 10:47:18', 'taib -MAAOUI', '2022-11-29 10:47:18', '2022-11-29 10:47:18', 1969),
(245, 3, 'qzdqzd', 'Evaluated', '2022-11-29 10:47:18', 'taib -MAAOUI', '2022-11-29 10:47:18', '2022-11-29 10:47:18', 1967),
(246, 0, 'ddd', 'Evaluated', '2022-11-29 10:47:18', 'taib -MAAOUI', '2022-11-29 10:47:18', '2022-11-29 10:47:18', 1966),
(247, 4, 'li', 'Valid', '2022-11-29 10:47:19', 'First name LAST NAME', '2022-11-29 10:47:19', '2022-11-29 10:47:19', 1952),
(248, 2, 'non', 'Valid', '2022-11-29 10:48:18', 'First name LAST NAME', '2022-11-29 10:48:19', '2022-11-29 10:48:19', 1954),
(249, 2, 'ff', 'Valid', '2022-11-29 10:48:20', 'taib -MAAOUI', '2022-11-29 10:48:20', '2022-11-29 10:48:20', 1969),
(250, 3, 'qzdqzd', 'Evaluated', '2022-11-29 10:48:20', 'taib -MAAOUI', '2022-11-29 10:48:20', '2022-11-29 10:48:20', 1967),
(251, 0, 'ddd', 'Evaluated', '2022-11-29 10:48:20', 'taib -MAAOUI', '2022-11-29 10:48:20', '2022-11-29 10:48:20', 1966),
(252, 4, 'li', 'Valid', '2022-11-29 10:48:21', 'First name LAST NAME', '2022-11-29 10:48:21', '2022-11-29 10:48:21', 1952),
(253, 2, 'non', 'Valid', '2022-11-29 10:49:56', 'First name LAST NAME', '2022-11-29 10:49:56', '2022-11-29 10:49:56', 1954),
(254, 2, 'ff', 'Valid', '2022-11-29 10:49:57', 'taib -MAAOUI', '2022-11-29 10:49:58', '2022-11-29 10:49:58', 1969),
(255, 3, 'qzdqzd', 'Evaluated', '2022-11-29 10:49:57', 'taib -MAAOUI', '2022-11-29 10:49:58', '2022-11-29 10:49:58', 1967),
(256, 0, 'ddd', 'Evaluated', '2022-11-29 10:49:58', 'taib -MAAOUI', '2022-11-29 10:49:58', '2022-11-29 10:49:58', 1966),
(257, 4, 'li', 'Valid', '2022-11-29 10:49:58', 'First name LAST NAME', '2022-11-29 10:49:58', '2022-11-29 10:49:58', 1952),
(258, 2, 'non', 'Valid', '2022-11-29 10:53:44', 'First name LAST NAME', '2022-11-29 10:53:44', '2022-11-29 10:53:44', 1954),
(259, 2, 'ff', 'Valid', '2022-11-29 10:53:45', 'taib -MAAOUI', '2022-11-29 10:53:45', '2022-11-29 10:53:45', 1969),
(260, 3, 'qzdqzd', 'Evaluated', '2022-11-29 10:53:45', 'taib -MAAOUI', '2022-11-29 10:53:45', '2022-11-29 10:53:45', 1967),
(261, 0, 'ddd', 'Evaluated', '2022-11-29 10:53:45', 'taib -MAAOUI', '2022-11-29 10:53:45', '2022-11-29 10:53:45', 1966),
(262, 4, 'li', 'Valid', '2022-11-29 10:53:45', 'First name LAST NAME', '2022-11-29 10:53:45', '2022-11-29 10:53:45', 1952),
(263, 2, 'non', 'Valid', '2022-11-29 10:54:45', 'First name LAST NAME', '2022-11-29 10:54:45', '2022-11-29 10:54:45', 1954),
(264, 2, 'ff', 'Valid', '2022-11-29 10:54:46', 'taib -MAAOUI', '2022-11-29 10:54:46', '2022-11-29 10:54:46', 1969),
(265, 3, 'qzdqzd', 'Evaluated', '2022-11-29 10:54:46', 'taib -MAAOUI', '2022-11-29 10:54:46', '2022-11-29 10:54:46', 1967),
(266, 0, 'ddd', 'Evaluated', '2022-11-29 10:54:46', 'taib -MAAOUI', '2022-11-29 10:54:46', '2022-11-29 10:54:46', 1966),
(267, 4, 'li', 'Valid', '2022-11-29 10:54:46', 'First name LAST NAME', '2022-11-29 10:54:46', '2022-11-29 10:54:46', 1952),
(268, 2, 'non', 'Valid', '2022-11-29 10:54:59', 'First name LAST NAME', '2022-11-29 10:54:59', '2022-11-29 10:54:59', 1954),
(269, 3, 'qzdqzd', 'Evaluated', '2022-11-29 10:55:00', 'taib -MAAOUI', '2022-11-29 10:55:00', '2022-11-29 10:55:00', 1967),
(270, 2, 'ff', 'Valid', '2022-11-29 10:55:00', 'taib -MAAOUI', '2022-11-29 10:55:00', '2022-11-29 10:55:00', 1969),
(271, 0, 'ddd', 'Evaluated', '2022-11-29 10:55:00', 'taib -MAAOUI', '2022-11-29 10:55:00', '2022-11-29 10:55:00', 1966),
(272, 4, 'li', 'Valid', '2022-11-29 10:55:01', 'First name LAST NAME', '2022-11-29 10:55:01', '2022-11-29 10:55:01', 1952),
(273, 2, 'non', 'Valid', '2022-11-29 10:55:24', 'First name LAST NAME', '2022-11-29 10:55:24', '2022-11-29 10:55:24', 1954),
(274, 2, 'ff', 'Valid', '2022-11-29 10:55:25', 'taib -MAAOUI', '2022-11-29 10:55:25', '2022-11-29 10:55:25', 1969),
(275, 3, 'qzdqzd', 'Evaluated', '2022-11-29 10:55:25', 'taib -MAAOUI', '2022-11-29 10:55:25', '2022-11-29 10:55:25', 1967),
(276, 0, 'ddd', 'Evaluated', '2022-11-29 10:55:25', 'taib -MAAOUI', '2022-11-29 10:55:25', '2022-11-29 10:55:25', 1966),
(277, 4, 'li', 'Valid', '2022-11-29 10:55:25', 'First name LAST NAME', '2022-11-29 10:55:25', '2022-11-29 10:55:25', 1952),
(278, 2, 'non', 'Valid', '2022-11-29 10:55:29', 'First name LAST NAME', '2022-11-29 10:55:29', '2022-11-29 10:55:29', 1954),
(279, 3, 'qzdqzd', 'Evaluated', '2022-11-29 10:55:30', 'taib -MAAOUI', '2022-11-29 10:55:30', '2022-11-29 10:55:30', 1967),
(280, 2, 'ff', 'Valid', '2022-11-29 10:55:30', 'taib -MAAOUI', '2022-11-29 10:55:30', '2022-11-29 10:55:30', 1969),
(281, 0, 'ddd', 'Evaluated', '2022-11-29 10:55:30', 'taib -MAAOUI', '2022-11-29 10:55:30', '2022-11-29 10:55:30', 1966),
(282, 4, 'li', 'Valid', '2022-11-29 10:55:30', 'First name LAST NAME', '2022-11-29 10:55:30', '2022-11-29 10:55:30', 1952),
(283, 2, 'non', 'Valid', '2022-11-29 10:55:33', 'First name LAST NAME', '2022-11-29 10:55:33', '2022-11-29 10:55:33', 1954),
(284, 3, 'qzdqzd', 'Evaluated', '2022-11-29 10:55:33', 'taib -MAAOUI', '2022-11-29 10:55:33', '2022-11-29 10:55:33', 1967),
(285, 2, 'ff', 'Valid', '2022-11-29 10:55:33', 'taib -MAAOUI', '2022-11-29 10:55:33', '2022-11-29 10:55:33', 1969),
(286, 0, 'ddd', 'Evaluated', '2022-11-29 10:55:33', 'taib -MAAOUI', '2022-11-29 10:55:33', '2022-11-29 10:55:33', 1966),
(287, 4, 'li', 'Valid', '2022-11-29 10:55:33', 'First name LAST NAME', '2022-11-29 10:55:33', '2022-11-29 10:55:33', 1952),
(288, 2, 'non', 'Valid', '2022-11-29 10:55:36', 'First name LAST NAME', '2022-11-29 10:55:36', '2022-11-29 10:55:36', 1954),
(289, 2, 'ff', 'Valid', '2022-11-29 10:55:37', 'taib -MAAOUI', '2022-11-29 10:55:37', '2022-11-29 10:55:37', 1969),
(290, 3, 'qzdqzd', 'Evaluated', '2022-11-29 10:55:37', 'taib -MAAOUI', '2022-11-29 10:55:37', '2022-11-29 10:55:37', 1967),
(291, 0, 'ddd', 'Evaluated', '2022-11-29 10:55:37', 'taib -MAAOUI', '2022-11-29 10:55:37', '2022-11-29 10:55:37', 1966),
(292, 4, 'li', 'Valid', '2022-11-29 10:55:37', 'First name LAST NAME', '2022-11-29 10:55:37', '2022-11-29 10:55:37', 1952),
(293, 2, 'non', 'Valid', '2022-11-29 10:56:00', 'First name LAST NAME', '2022-11-29 10:56:00', '2022-11-29 10:56:00', 1954),
(294, 3, 'qzdqzd', 'Evaluated', '2022-11-29 10:56:01', 'taib -MAAOUI', '2022-11-29 10:56:01', '2022-11-29 10:56:01', 1967),
(295, 2, 'ff', 'Valid', '2022-11-29 10:56:01', 'taib -MAAOUI', '2022-11-29 10:56:01', '2022-11-29 10:56:01', 1969),
(296, 0, 'ddd', 'Evaluated', '2022-11-29 10:56:01', 'taib -MAAOUI', '2022-11-29 10:56:01', '2022-11-29 10:56:01', 1966),
(297, 4, 'li', 'Valid', '2022-11-29 10:56:02', 'First name LAST NAME', '2022-11-29 10:56:02', '2022-11-29 10:56:02', 1952),
(298, 2, 'non', 'Valid', '2022-11-29 10:59:03', 'First name LAST NAME', '2022-11-29 10:59:03', '2022-11-29 10:59:03', 1954),
(299, 2, 'ff', 'Valid', '2022-11-29 10:59:03', 'taib -MAAOUI', '2022-11-29 10:59:03', '2022-11-29 10:59:03', 1969),
(300, 3, 'qzdqzd', 'Evaluated', '2022-11-29 10:59:03', 'taib -MAAOUI', '2022-11-29 10:59:04', '2022-11-29 10:59:04', 1967),
(301, 0, 'ddd', 'Evaluated', '2022-11-29 10:59:03', 'taib -MAAOUI', '2022-11-29 10:59:04', '2022-11-29 10:59:04', 1966),
(302, 4, 'li', 'Valid', '2022-11-29 10:59:04', 'First name LAST NAME', '2022-11-29 10:59:04', '2022-11-29 10:59:04', 1952),
(303, 2, 'non', 'Valid', '2022-11-29 11:00:01', 'First name LAST NAME', '2022-11-29 11:00:01', '2022-11-29 11:00:01', 1954),
(304, 3, 'qzdqzd', 'Evaluated', '2022-11-29 11:00:01', 'taib -MAAOUI', '2022-11-29 11:00:01', '2022-11-29 11:00:01', 1967),
(305, 0, 'ddd', 'Evaluated', '2022-11-29 11:00:01', 'taib -MAAOUI', '2022-11-29 11:00:01', '2022-11-29 11:00:01', 1966),
(306, 2, 'ff', 'Valid', '2022-11-29 11:00:01', 'taib -MAAOUI', '2022-11-29 11:00:01', '2022-11-29 11:00:01', 1969),
(307, 4, 'li', 'Valid', '2022-11-29 11:00:01', 'First name LAST NAME', '2022-11-29 11:00:01', '2022-11-29 11:00:01', 1952),
(308, 2, 'ff', 'Valid', '2022-12-01 08:52:20', 'taib -MAAOUI', '2022-12-01 08:52:20', '2022-12-01 08:52:20', 1969),
(309, 3, 'qzdqzd', 'Evaluated', '2022-12-01 08:52:20', 'taib -MAAOUI', '2022-12-01 08:52:20', '2022-12-01 08:52:20', 1967),
(310, 0, 'ddd', 'Evaluated', '2022-12-01 08:52:20', 'taib -MAAOUI', '2022-12-01 08:52:20', '2022-12-01 08:52:20', 1966),
(311, 4, 'li', 'Valid', '2022-12-01 08:52:20', 'First name LAST NAME', '2022-12-01 08:52:20', '2022-12-01 08:52:20', 1952),
(312, 2, 'non', 'Valid', '2022-12-01 08:52:20', 'First name LAST NAME', '2022-12-01 08:52:20', '2022-12-01 08:52:20', 1954),
(313, 2, 'ff', 'Valid', '2022-12-01 09:24:00', 'taib -MAAOUI', '2022-12-01 09:24:00', '2022-12-01 09:24:00', 1969),
(314, 3, 'qzdqzd', 'Evaluated', '2022-12-01 09:24:00', 'taib -MAAOUI', '2022-12-01 09:24:00', '2022-12-01 09:24:00', 1967),
(315, 0, 'ddd', 'Evaluated', '2022-12-01 09:24:00', 'taib -MAAOUI', '2022-12-01 09:24:00', '2022-12-01 09:24:00', 1966),
(316, 2, 'non', 'Valid', '2022-12-01 09:24:00', 'First name LAST NAME', '2022-12-01 09:24:01', '2022-12-01 09:24:01', 1954),
(317, 4, 'li', 'Valid', '2022-12-01 09:24:00', 'First name LAST NAME', '2022-12-01 09:24:01', '2022-12-01 09:24:01', 1952),
(318, 2, 'done', 'Valid', '2022-12-01 09:24:53', 'First name LAST NAME', '2022-12-01 09:24:53', '2022-12-01 09:24:53', 1953),
(319, 2, 'ff', 'Valid', '2022-12-01 09:24:54', 'taib -MAAOUI', '2022-12-01 09:24:54', '2022-12-01 09:24:54', 1969),
(320, 0, 'ddd', 'Evaluated', '2022-12-01 09:24:54', 'taib -MAAOUI', '2022-12-01 09:24:54', '2022-12-01 09:24:54', 1966),
(321, 3, 'qzdqzd', 'Evaluated', '2022-12-01 09:24:54', 'taib -MAAOUI', '2022-12-01 09:24:54', '2022-12-01 09:24:54', 1967),
(322, 4, 'li', 'Valid', '2022-12-01 09:24:54', 'First name LAST NAME', '2022-12-01 09:24:54', '2022-12-01 09:24:54', 1952),
(323, 2, 'non', 'Valid', '2022-12-01 09:24:54', 'First name LAST NAME', '2022-12-01 09:24:54', '2022-12-01 09:24:54', 1954),
(324, 2, 'done', 'Valid', '2022-12-01 09:24:54', 'First name LAST NAME', '2022-12-01 09:24:54', '2022-12-01 09:24:54', 1953),
(325, 2, 'done', 'Valid', '2022-12-01 09:27:38', 'First name LAST NAME', '2022-12-01 09:27:38', '2022-12-01 09:27:38', 1953),
(326, 2, 'ff', 'Valid', '2022-12-01 09:27:38', 'taib -MAAOUI', '2022-12-01 09:27:38', '2022-12-01 09:27:38', 1969),
(327, 0, 'ddd', 'Evaluated', '2022-12-01 09:27:38', 'taib -MAAOUI', '2022-12-01 09:27:38', '2022-12-01 09:27:38', 1966),
(328, 3, 'qzdqzd', 'Evaluated', '2022-12-01 09:27:38', 'taib -MAAOUI', '2022-12-01 09:27:38', '2022-12-01 09:27:38', 1967),
(329, 2, 'non', 'Valid', '2022-12-01 09:27:38', 'First name LAST NAME', '2022-12-01 09:27:38', '2022-12-01 09:27:38', 1954),
(330, 4, 'li', 'Valid', '2022-12-01 09:27:38', 'First name LAST NAME', '2022-12-01 09:27:38', '2022-12-01 09:27:38', 1952),
(331, 2, 'done', 'Valid', '2022-12-01 09:27:59', 'First name LAST NAME', '2022-12-01 09:27:59', '2022-12-01 09:27:59', 1953),
(332, 3, 'qzdqzd', 'Evaluated', '2022-12-01 09:28:00', 'taib -MAAOUI', '2022-12-01 09:28:00', '2022-12-01 09:28:00', 1967),
(333, 2, 'ff', 'Valid', '2022-12-01 09:28:00', 'taib -MAAOUI', '2022-12-01 09:28:00', '2022-12-01 09:28:00', 1969),
(334, 0, 'ddd', 'Evaluated', '2022-12-01 09:28:00', 'taib -MAAOUI', '2022-12-01 09:28:00', '2022-12-01 09:28:00', 1966),
(335, 2, 'non', 'Valid', '2022-12-01 09:28:00', 'First name LAST NAME', '2022-12-01 09:28:00', '2022-12-01 09:28:00', 1954),
(336, 4, 'li', 'Valid', '2022-12-01 09:28:00', 'First name LAST NAME', '2022-12-01 09:28:00', '2022-12-01 09:28:00', 1952),
(337, 0, 'ddd', 'Evaluated', '2022-12-01 10:34:33', 'taib -MAAOUI', '2022-12-01 10:34:33', '2022-12-01 10:34:33', 1966),
(338, 2, 'ff', 'Valid', '2022-12-01 10:34:33', 'taib -MAAOUI', '2022-12-01 10:34:33', '2022-12-01 10:34:33', 1969),
(339, 3, 'qzdqzd', 'Evaluated', '2022-12-01 10:34:33', 'taib -MAAOUI', '2022-12-01 10:34:33', '2022-12-01 10:34:33', 1967),
(340, 2, 'non', 'Valid', '2022-12-01 10:34:34', 'First name LAST NAME', '2022-12-01 10:34:34', '2022-12-01 10:34:34', 1954),
(341, 2, 'done', 'Valid', '2022-12-01 10:34:34', 'First name LAST NAME', '2022-12-01 10:34:34', '2022-12-01 10:34:34', 1953),
(342, 4, 'li', 'Valid', '2022-12-01 10:34:34', 'First name LAST NAME', '2022-12-01 10:34:34', '2022-12-01 10:34:34', 1952),
(343, 2, 'ff', 'Valid', '2022-12-01 14:54:04', 'taib -MAAOUI', '2022-12-01 14:54:04', '2022-12-01 14:54:04', 1969),
(344, 3, 'qzdqzd', 'Evaluated', '2022-12-01 14:54:04', 'taib -MAAOUI', '2022-12-01 14:54:04', '2022-12-01 14:54:04', 1967),
(345, 0, 'ddd', 'Evaluated', '2022-12-01 14:54:04', 'taib -MAAOUI', '2022-12-01 14:54:04', '2022-12-01 14:54:04', 1966),
(346, 2, 'non', 'Valid', '2022-12-01 14:54:04', 'First name LAST NAME', '2022-12-01 14:54:04', '2022-12-01 14:54:04', 1954),
(347, 4, 'li', 'Valid', '2022-12-01 14:54:04', 'First name LAST NAME', '2022-12-01 14:54:04', '2022-12-01 14:54:04', 1952),
(348, 2, 'done', 'Valid', '2022-12-01 14:54:04', 'First name LAST NAME', '2022-12-01 14:54:04', '2022-12-01 14:54:04', 1953),
(349, 2, 'ff', 'Valid', '2022-12-01 14:54:14', 'taib -MAAOUI', '2022-12-01 14:54:14', '2022-12-01 14:54:14', 1969),
(350, 3, 'qzdqzd', 'Evaluated', '2022-12-01 14:54:14', 'taib -MAAOUI', '2022-12-01 14:54:14', '2022-12-01 14:54:14', 1967),
(351, 0, 'ddd', 'Evaluated', '2022-12-01 14:54:14', 'taib -MAAOUI', '2022-12-01 14:54:14', '2022-12-01 14:54:14', 1966),
(352, 2, 'non', 'Valid', '2022-12-01 14:54:14', 'First name LAST NAME', '2022-12-01 14:54:14', '2022-12-01 14:54:14', 1954),
(353, 4, 'li', 'Valid', '2022-12-01 14:54:14', 'First name LAST NAME', '2022-12-01 14:54:14', '2022-12-01 14:54:14', 1952),
(354, 2, 'done', 'Valid', '2022-12-01 14:54:14', 'First name LAST NAME', '2022-12-01 14:54:14', '2022-12-01 14:54:14', 1953),
(355, 2, 'ff', 'Valid', '2022-12-01 14:55:39', 'taib -MAAOUI', '2022-12-01 14:55:39', '2022-12-01 14:55:39', 1969),
(356, 3, 'qzdqzd', 'Evaluated', '2022-12-01 14:55:39', 'taib -MAAOUI', '2022-12-01 14:55:39', '2022-12-01 14:55:39', 1967),
(357, 0, 'ddd', 'Evaluated', '2022-12-01 14:55:39', 'taib -MAAOUI', '2022-12-01 14:55:40', '2022-12-01 14:55:40', 1966),
(358, 2, 'non', 'Valid', '2022-12-01 14:55:40', 'First name LAST NAME', '2022-12-01 14:55:40', '2022-12-01 14:55:40', 1954),
(359, 4, 'li', 'Valid', '2022-12-01 14:55:40', 'First name LAST NAME', '2022-12-01 14:55:40', '2022-12-01 14:55:40', 1952),
(360, 2, 'done', 'Valid', '2022-12-01 14:55:40', 'First name LAST NAME', '2022-12-01 14:55:40', '2022-12-01 14:55:40', 1953),
(361, 3, 'qzdqzd', 'Evaluated', '2022-12-01 14:58:42', 'taib -MAAOUI', '2022-12-01 14:58:42', '2022-12-01 14:58:42', 1967),
(362, 2, 'ff', 'Valid', '2022-12-01 14:58:42', 'taib -MAAOUI', '2022-12-01 14:58:42', '2022-12-01 14:58:42', 1969),
(363, 0, 'ddd', 'Evaluated', '2022-12-01 14:58:42', 'taib -MAAOUI', '2022-12-01 14:58:42', '2022-12-01 14:58:42', 1966),
(364, 2, 'done', 'Valid', '2022-12-01 14:58:42', 'First name LAST NAME', '2022-12-01 14:58:42', '2022-12-01 14:58:42', 1953),
(365, 2, 'non', 'Valid', '2022-12-01 14:58:42', 'First name LAST NAME', '2022-12-01 14:58:42', '2022-12-01 14:58:42', 1954),
(366, 4, 'li', 'Valid', '2022-12-01 14:58:42', 'First name LAST NAME', '2022-12-01 14:58:42', '2022-12-01 14:58:42', 1952),
(367, 2, 'kkk', 'Evaluated', '2022-12-01 15:07:17', 'Lobna GHOURABI', '2022-12-01 15:07:17', '2022-12-01 15:07:17', 1880),
(368, 2, 'ff', 'Valid', '2022-12-01 15:16:43', 'First name LAST NAME', '2022-12-01 15:16:43', '2022-12-01 15:16:43', 1969),
(369, 3, 'qzdqzd', 'Evaluated', '2022-12-01 15:16:43', 'First name LAST NAME', '2022-12-01 15:16:43', '2022-12-01 15:16:43', 1967),
(370, 0, 'ddd', 'Evaluated', '2022-12-01 15:16:43', 'First name LAST NAME', '2022-12-01 15:16:43', '2022-12-01 15:16:43', 1966),
(371, 2, 'non', 'Valid', '2022-12-01 15:16:43', 'First name LAST NAME', '2022-12-01 15:16:43', '2022-12-01 15:16:43', 1954),
(372, 2, 'done', 'Valid', '2022-12-01 15:16:43', 'First name LAST NAME', '2022-12-01 15:16:43', '2022-12-01 15:16:43', 1953),
(373, 4, 'li', 'Valid', '2022-12-01 15:16:43', 'First name LAST NAME', '2022-12-01 15:16:43', '2022-12-01 15:16:43', 1952),
(374, 2, 'ff', 'Valid', '2022-12-01 15:17:08', 'First name LAST NAME', '2022-12-01 15:17:09', '2022-12-01 15:17:09', 1969),
(375, 3, 'qzdqzd', 'Evaluated', '2022-12-01 15:17:09', 'First name LAST NAME', '2022-12-01 15:17:09', '2022-12-01 15:17:09', 1967),
(376, 0, 'ddd', 'Evaluated', '2022-12-01 15:17:09', 'First name LAST NAME', '2022-12-01 15:17:09', '2022-12-01 15:17:09', 1966),
(377, 2, 'non', 'Valid', '2022-12-01 15:17:09', 'First name LAST NAME', '2022-12-01 15:17:09', '2022-12-01 15:17:09', 1954),
(378, 2, 'done', 'Valid', '2022-12-01 15:17:09', 'First name LAST NAME', '2022-12-01 15:17:09', '2022-12-01 15:17:09', 1953),
(379, 4, 'li', 'Valid', '2022-12-01 15:17:09', 'First name LAST NAME', '2022-12-01 15:17:09', '2022-12-01 15:17:09', 1952),
(380, 2, 'ff', 'Valid', '2022-12-01 15:18:26', 'First name LAST NAME', '2022-12-01 15:18:26', '2022-12-01 15:18:26', 1969),
(381, 3, 'qzdqzd', 'Evaluated', '2022-12-01 15:18:27', 'First name LAST NAME', '2022-12-01 15:18:27', '2022-12-01 15:18:27', 1967),
(382, 0, 'ddd', 'Evaluated', '2022-12-01 15:18:27', 'First name LAST NAME', '2022-12-01 15:18:27', '2022-12-01 15:18:27', 1966),
(383, 2, 'non', 'Valid', '2022-12-01 15:18:27', 'First name LAST NAME', '2022-12-01 15:18:27', '2022-12-01 15:18:27', 1954),
(384, 2, 'done', 'Valid', '2022-12-01 15:18:27', 'First name LAST NAME', '2022-12-01 15:18:27', '2022-12-01 15:18:27', 1953),
(385, 4, 'li', 'Valid', '2022-12-01 15:18:27', 'First name LAST NAME', '2022-12-01 15:18:27', '2022-12-01 15:18:27', 1952),
(386, 3, 'test', 'Valid', '2022-12-01 15:34:04', 'Sahar BEJI ', '2022-12-01 15:34:04', '2022-12-01 15:34:04', 22),
(387, 1, 'annual eval\n', 'Valid', '2022-12-01 15:34:05', 'Sahar BEJI ', '2022-12-01 15:34:05', '2022-12-01 15:34:05', 1385),
(388, 0, 'annual eval', 'Valid', '2022-12-01 15:34:05', 'Sahar BEJI ', '2022-12-01 15:34:05', '2022-12-01 15:34:05', 27),
(389, 2, 'TEST', 'Evaluated', '2022-12-01 15:34:05', 'Sahar BEJI ', '2022-12-01 15:34:05', '2022-12-01 15:34:05', 80),
(390, 2, 'test', 'Evaluated', '2022-12-01 15:34:18', 'taib -MAAOUI', '2022-12-01 15:34:18', '2022-12-01 15:34:18', 22),
(391, 2, 'kkk', 'Evaluated', '2022-12-01 16:17:23', 'Lobna GHOURABI', '2022-12-01 16:17:23', '2022-12-01 16:17:23', 1880),
(392, 2, 'kkk', 'Evaluated', '2022-12-01 16:17:35', 'Lobna GHOURABI', '2022-12-01 16:17:35', '2022-12-01 16:17:35', 1880),
(393, 2, 'kkk', 'Evaluated', '2022-12-01 16:19:38', 'Lobna GHOURABI', '2022-12-01 16:19:39', '2022-12-01 16:19:39', 1880),
(394, 2, 'kkk', 'Evaluated', '2022-12-01 16:19:55', 'Lobna GHOURABI', '2022-12-01 16:19:55', '2022-12-01 16:19:55', 1880),
(395, 2, 'kkk', 'Evaluated', '2022-12-01 16:20:04', 'Lobna GHOURABI', '2022-12-01 16:20:04', '2022-12-01 16:20:04', 1880),
(396, 2, 'kkk', 'Evaluated', '2022-12-01 16:21:37', 'Lobna GHOURABI', '2022-12-01 16:21:37', '2022-12-01 16:21:37', 1880),
(397, 2, 'kkk', 'Evaluated', '2022-12-01 16:22:04', 'Lobna GHOURABI', '2022-12-01 16:22:04', '2022-12-01 16:22:04', 1880),
(398, 2, 'kkk', 'Evaluated', '2022-12-01 16:22:28', 'Lobna GHOURABI', '2022-12-01 16:22:28', '2022-12-01 16:22:28', 1880),
(399, 2, 'kkk', 'Evaluated', '2022-12-01 16:22:56', 'Lobna GHOURABI', '2022-12-01 16:22:56', '2022-12-01 16:22:56', 1880),
(400, 2, 'kkk', 'Evaluated', '2022-12-01 16:23:10', 'Lobna GHOURABI', '2022-12-01 16:23:10', '2022-12-01 16:23:10', 1880),
(401, 2, 'kkk', 'Evaluated', '2022-12-01 16:23:30', 'Lobna GHOURABI', '2022-12-01 16:23:30', '2022-12-01 16:23:30', 1880),
(402, 2, 'kkk', 'Evaluated', '2022-12-01 16:23:39', 'Lobna GHOURABI', '2022-12-01 16:23:39', '2022-12-01 16:23:39', 1880),
(403, 2, 'kkk', 'Evaluated', '2022-12-01 16:23:50', 'Lobna GHOURABI', '2022-12-01 16:23:50', '2022-12-01 16:23:50', 1880),
(404, 2, 'ff', 'Valid', '2022-12-01 16:24:16', 'First name LAST NAME', '2022-12-01 16:24:16', '2022-12-01 16:24:16', 1969),
(405, 3, 'qzdqzd', 'Evaluated', '2022-12-01 16:24:17', 'First name LAST NAME', '2022-12-01 16:24:17', '2022-12-01 16:24:17', 1967),
(406, 0, 'ddd', 'Evaluated', '2022-12-01 16:24:17', 'First name LAST NAME', '2022-12-01 16:24:17', '2022-12-01 16:24:17', 1966),
(407, 2, 'non', 'Valid', '2022-12-01 16:24:17', 'First name LAST NAME', '2022-12-01 16:24:17', '2022-12-01 16:24:17', 1954),
(408, 2, 'done', 'Valid', '2022-12-01 16:24:17', 'First name LAST NAME', '2022-12-01 16:24:17', '2022-12-01 16:24:17', 1953),
(409, 4, 'li', 'Valid', '2022-12-01 16:24:17', 'First name LAST NAME', '2022-12-01 16:24:17', '2022-12-01 16:24:17', 1952),
(410, 2, 'ff', 'Valid', '2022-12-01 16:26:20', 'First name LAST NAME', '2022-12-01 16:26:20', '2022-12-01 16:26:20', 1969),
(411, 3, 'qzdqzd', 'Evaluated', '2022-12-01 16:26:20', 'First name LAST NAME', '2022-12-01 16:26:20', '2022-12-01 16:26:20', 1967),
(412, 0, 'ddd', 'Evaluated', '2022-12-01 16:26:20', 'First name LAST NAME', '2022-12-01 16:26:20', '2022-12-01 16:26:20', 1966),
(413, 2, 'non', 'Valid', '2022-12-01 16:26:21', 'First name LAST NAME', '2022-12-01 16:26:21', '2022-12-01 16:26:21', 1954),
(414, 2, 'done', 'Valid', '2022-12-01 16:26:21', 'First name LAST NAME', '2022-12-01 16:26:21', '2022-12-01 16:26:21', 1953),
(415, 4, 'li', 'Valid', '2022-12-01 16:26:21', 'First name LAST NAME', '2022-12-01 16:26:21', '2022-12-01 16:26:21', 1952),
(416, 2, 'ff', 'Valid', '2022-12-01 16:26:36', 'First name LAST NAME', '2022-12-01 16:26:36', '2022-12-01 16:26:36', 1969),
(417, 3, 'qzdqzd', 'Evaluated', '2022-12-01 16:26:37', 'First name LAST NAME', '2022-12-01 16:26:37', '2022-12-01 16:26:37', 1967),
(418, 0, 'ddd', 'Evaluated', '2022-12-01 16:26:37', 'First name LAST NAME', '2022-12-01 16:26:37', '2022-12-01 16:26:37', 1966),
(419, 2, 'non', 'Valid', '2022-12-01 16:26:37', 'First name LAST NAME', '2022-12-01 16:26:37', '2022-12-01 16:26:37', 1954),
(420, 2, 'done', 'Valid', '2022-12-01 16:26:37', 'First name LAST NAME', '2022-12-01 16:26:37', '2022-12-01 16:26:37', 1953),
(421, 4, 'li', 'Valid', '2022-12-01 16:26:37', 'First name LAST NAME', '2022-12-01 16:26:37', '2022-12-01 16:26:37', 1952),
(422, 2, 'ff', 'Valid', '2022-12-02 09:20:01', 'First name LAST NAME', '2022-12-02 09:20:01', '2022-12-02 09:20:01', 1969),
(423, 3, 'qzdqzd', 'Evaluated', '2022-12-02 09:20:02', 'First name LAST NAME', '2022-12-02 09:20:02', '2022-12-02 09:20:02', 1967),
(424, 0, 'ddd', 'Evaluated', '2022-12-02 09:20:02', 'First name LAST NAME', '2022-12-02 09:20:02', '2022-12-02 09:20:02', 1966),
(425, 2, 'non', 'Valid', '2022-12-02 09:20:02', 'First name LAST NAME', '2022-12-02 09:20:02', '2022-12-02 09:20:02', 1954),
(426, 2, 'done', 'Valid', '2022-12-02 09:20:02', 'First name LAST NAME', '2022-12-02 09:20:02', '2022-12-02 09:20:02', 1953),
(427, 4, 'li', 'Valid', '2022-12-02 09:20:02', 'First name LAST NAME', '2022-12-02 09:20:02', '2022-12-02 09:20:02', 1952),
(428, 2, 'ff', 'Valid', '2022-12-02 09:20:22', 'First name LAST NAME', '2022-12-02 09:20:22', '2022-12-02 09:20:22', 1969),
(429, 3, 'qzdqzd', 'Evaluated', '2022-12-02 09:20:23', 'First name LAST NAME', '2022-12-02 09:20:23', '2022-12-02 09:20:23', 1967),
(430, 0, 'ddd', 'Evaluated', '2022-12-02 09:20:23', 'First name LAST NAME', '2022-12-02 09:20:23', '2022-12-02 09:20:23', 1966),
(431, 2, 'non', 'Valid', '2022-12-02 09:20:23', 'First name LAST NAME', '2022-12-02 09:20:23', '2022-12-02 09:20:23', 1954),
(432, 2, 'done', 'Valid', '2022-12-02 09:20:23', 'First name LAST NAME', '2022-12-02 09:20:23', '2022-12-02 09:20:23', 1953),
(433, 4, 'li', 'Valid', '2022-12-02 09:20:23', 'First name LAST NAME', '2022-12-02 09:20:23', '2022-12-02 09:20:23', 1952),
(434, 2, 'test', 'Evaluated', '2022-12-02 09:25:46', 'Sahar BEJI ', '2022-12-02 09:25:46', '2022-12-02 09:25:46', 22),
(435, 1, 'annual eval\n', 'Valid', '2022-12-02 09:25:46', 'Sahar BEJI ', '2022-12-02 09:25:46', '2022-12-02 09:25:46', 1385),
(436, 2, 'TEST', 'Evaluated', '2022-12-02 09:25:46', 'Sahar BEJI ', '2022-12-02 09:25:46', '2022-12-02 09:25:46', 80),
(437, 0, 'annual eval', 'Valid', '2022-12-02 09:25:46', 'Sahar BEJI ', '2022-12-02 09:25:46', '2022-12-02 09:25:46', 27),
(438, 2, 'test', 'Evaluated', '2022-12-02 09:27:07', 'Sahar BEJI ', '2022-12-02 09:27:07', '2022-12-02 09:27:07', 22),
(439, 2, 'TEST', 'Evaluated', '2022-12-02 09:27:07', 'Sahar BEJI ', '2022-12-02 09:27:07', '2022-12-02 09:27:07', 80),
(440, 1, 'annual eval\n', 'Valid', '2022-12-02 09:27:07', 'Sahar BEJI ', '2022-12-02 09:27:07', '2022-12-02 09:27:07', 1385),
(441, 0, 'annual eval', 'Valid', '2022-12-02 09:27:07', 'Sahar BEJI ', '2022-12-02 09:27:07', '2022-12-02 09:27:07', 27),
(442, 2, 'test', 'Evaluated', '2022-12-02 09:27:23', 'Sahar BEJI ', '2022-12-02 09:27:23', '2022-12-02 09:27:23', 22),
(443, 1, 'annual eval\n', 'Valid', '2022-12-02 09:27:24', 'Sahar BEJI ', '2022-12-02 09:27:24', '2022-12-02 09:27:24', 1385),
(444, 0, 'annual eval', 'Valid', '2022-12-02 09:27:24', 'Sahar BEJI ', '2022-12-02 09:27:24', '2022-12-02 09:27:24', 27),
(445, 2, 'TEST', 'Evaluated', '2022-12-02 09:27:24', 'Sahar BEJI ', '2022-12-02 09:27:24', '2022-12-02 09:27:24', 80),
(446, 2, 'test', 'Evaluated', '2022-12-02 09:27:28', 'Sahar BEJI ', '2022-12-02 09:27:28', '2022-12-02 09:27:28', 22),
(447, 1, 'annual eval\n', 'Valid', '2022-12-02 09:27:29', 'Sahar BEJI ', '2022-12-02 09:27:29', '2022-12-02 09:27:29', 1385),
(448, 0, 'annual eval', 'Valid', '2022-12-02 09:27:29', 'Sahar BEJI ', '2022-12-02 09:27:29', '2022-12-02 09:27:29', 27),
(449, 2, 'TEST', 'Evaluated', '2022-12-02 09:27:29', 'Sahar BEJI ', '2022-12-02 09:27:29', '2022-12-02 09:27:29', 80),
(450, 2, 'test', 'Evaluated', '2022-12-02 09:27:38', 'Sahar BEJI ', '2022-12-02 09:27:38', '2022-12-02 09:27:38', 22);
INSERT INTO `SkillEvaluationHistory` (`id`, `level`, `evaluationEvidence`, `status`, `updateDate`, `evaluatorFullname`, `createdAt`, `updatedAt`, `evaluationId`) VALUES
(451, 1, 'annual eval\n', 'Valid', '2022-12-02 09:27:38', 'Sahar BEJI ', '2022-12-02 09:27:38', '2022-12-02 09:27:38', 1385),
(452, 2, 'TEST', 'Evaluated', '2022-12-02 09:27:38', 'Sahar BEJI ', '2022-12-02 09:27:38', '2022-12-02 09:27:38', 80),
(453, 0, 'annual eval', 'Valid', '2022-12-02 09:27:38', 'Sahar BEJI ', '2022-12-02 09:27:38', '2022-12-02 09:27:38', 27),
(454, 2, 'test', 'Evaluated', '2022-12-02 09:27:45', 'Sahar BEJI ', '2022-12-02 09:27:45', '2022-12-02 09:27:45', 22),
(455, 1, 'annual eval\n', 'Valid', '2022-12-02 09:27:46', 'Sahar BEJI ', '2022-12-02 09:27:46', '2022-12-02 09:27:46', 1385),
(456, 2, 'TEST', 'Evaluated', '2022-12-02 09:27:46', 'Sahar BEJI ', '2022-12-02 09:27:46', '2022-12-02 09:27:46', 80),
(457, 0, 'annual eval', 'Valid', '2022-12-02 09:27:46', 'Sahar BEJI ', '2022-12-02 09:27:46', '2022-12-02 09:27:46', 27),
(458, 2, 'test', 'Evaluated', '2022-12-02 09:28:04', 'Sahar BEJI ', '2022-12-02 09:28:04', '2022-12-02 09:28:04', 22),
(459, 1, 'annual eval\n', 'Valid', '2022-12-02 09:28:04', 'Sahar BEJI ', '2022-12-02 09:28:05', '2022-12-02 09:28:05', 1385),
(460, 2, 'TEST', 'Evaluated', '2022-12-02 09:28:05', 'Sahar BEJI ', '2022-12-02 09:28:05', '2022-12-02 09:28:05', 80),
(461, 0, 'annual eval', 'Valid', '2022-12-02 09:28:05', 'Sahar BEJI ', '2022-12-02 09:28:05', '2022-12-02 09:28:05', 27),
(462, 2, 'test', 'Evaluated', '2022-12-02 09:29:20', 'Sahar BEJI ', '2022-12-02 09:29:20', '2022-12-02 09:29:20', 22),
(463, 1, 'annual eval\n', 'Valid', '2022-12-02 09:29:21', 'Sahar BEJI ', '2022-12-02 09:29:21', '2022-12-02 09:29:21', 1385),
(464, 2, 'TEST', 'Evaluated', '2022-12-02 09:29:21', 'Sahar BEJI ', '2022-12-02 09:29:21', '2022-12-02 09:29:21', 80),
(465, 0, 'annual eval', 'Valid', '2022-12-02 09:29:21', 'Sahar BEJI ', '2022-12-02 09:29:21', '2022-12-02 09:29:21', 27),
(466, 2, 'test', 'Evaluated', '2022-12-02 09:30:22', 'Sahar BEJI ', '2022-12-02 09:30:22', '2022-12-02 09:30:22', 22),
(467, 1, 'annual eval\n', 'Valid', '2022-12-02 09:30:22', 'Sahar BEJI ', '2022-12-02 09:30:22', '2022-12-02 09:30:22', 1385),
(468, 2, 'TEST', 'Evaluated', '2022-12-02 09:30:22', 'Sahar BEJI ', '2022-12-02 09:30:22', '2022-12-02 09:30:22', 80),
(469, 0, 'annual eval', 'Valid', '2022-12-02 09:30:22', 'Sahar BEJI ', '2022-12-02 09:30:22', '2022-12-02 09:30:22', 27),
(470, 2, 'ff', 'Valid', '2022-12-02 09:44:22', 'First name LAST NAME', '2022-12-02 09:44:22', '2022-12-02 09:44:22', 1969),
(471, 3, 'qzdqzd', 'Evaluated', '2022-12-02 09:44:22', 'First name LAST NAME', '2022-12-02 09:44:22', '2022-12-02 09:44:22', 1967),
(472, 0, 'ddd', 'Evaluated', '2022-12-02 09:44:22', 'First name LAST NAME', '2022-12-02 09:44:22', '2022-12-02 09:44:22', 1966),
(473, 2, 'non', 'Valid', '2022-12-02 09:44:22', 'First name LAST NAME', '2022-12-02 09:44:22', '2022-12-02 09:44:22', 1954),
(474, 4, 'li', 'Valid', '2022-12-02 09:44:22', 'First name LAST NAME', '2022-12-02 09:44:22', '2022-12-02 09:44:22', 1952),
(475, 2, 'done', 'Valid', '2022-12-02 09:44:22', 'First name LAST NAME', '2022-12-02 09:44:22', '2022-12-02 09:44:22', 1953),
(476, 2, 'ff', 'Valid', '2022-12-02 09:45:10', 'First name LAST NAME', '2022-12-02 09:45:10', '2022-12-02 09:45:10', 1969),
(477, 0, 'ddd', 'Evaluated', '2022-12-02 09:45:10', 'First name LAST NAME', '2022-12-02 09:45:10', '2022-12-02 09:45:10', 1966),
(478, 3, 'qzdqzd', 'Evaluated', '2022-12-02 09:45:10', 'First name LAST NAME', '2022-12-02 09:45:10', '2022-12-02 09:45:10', 1967),
(479, 2, 'non', 'Valid', '2022-12-02 09:45:10', 'First name LAST NAME', '2022-12-02 09:45:10', '2022-12-02 09:45:10', 1954),
(480, 4, 'li', 'Valid', '2022-12-02 09:45:10', 'First name LAST NAME', '2022-12-02 09:45:10', '2022-12-02 09:45:10', 1952),
(481, 2, 'done', 'Valid', '2022-12-02 09:45:10', 'First name LAST NAME', '2022-12-02 09:45:10', '2022-12-02 09:45:10', 1953),
(482, 3, 'qzdqzd', 'Evaluated', '2022-12-02 09:45:38', 'First name LAST NAME', '2022-12-02 09:45:38', '2022-12-02 09:45:38', 1967),
(483, 2, 'ff', 'Valid', '2022-12-02 09:45:38', 'First name LAST NAME', '2022-12-02 09:45:38', '2022-12-02 09:45:38', 1969),
(484, 0, 'ddd', 'Evaluated', '2022-12-02 09:45:38', 'First name LAST NAME', '2022-12-02 09:45:38', '2022-12-02 09:45:38', 1966),
(485, 2, 'non', 'Valid', '2022-12-02 09:45:38', 'First name LAST NAME', '2022-12-02 09:45:39', '2022-12-02 09:45:39', 1954),
(486, 2, 'done', 'Valid', '2022-12-02 09:45:38', 'First name LAST NAME', '2022-12-02 09:45:39', '2022-12-02 09:45:39', 1953),
(487, 4, 'li', 'Valid', '2022-12-02 09:45:39', 'First name LAST NAME', '2022-12-02 09:45:39', '2022-12-02 09:45:39', 1952),
(488, 2, 'ff', 'Valid', '2022-12-02 09:46:03', 'First name LAST NAME', '2022-12-02 09:46:03', '2022-12-02 09:46:03', 1969),
(489, 0, 'ddd', 'Evaluated', '2022-12-02 09:46:03', 'First name LAST NAME', '2022-12-02 09:46:03', '2022-12-02 09:46:03', 1966),
(490, 3, 'qzdqzd', 'Evaluated', '2022-12-02 09:46:03', 'First name LAST NAME', '2022-12-02 09:46:03', '2022-12-02 09:46:03', 1967),
(491, 4, 'li', 'Valid', '2022-12-02 09:46:03', 'First name LAST NAME', '2022-12-02 09:46:03', '2022-12-02 09:46:03', 1952),
(492, 2, 'non', 'Valid', '2022-12-02 09:46:03', 'First name LAST NAME', '2022-12-02 09:46:03', '2022-12-02 09:46:03', 1954),
(493, 2, 'done', 'Valid', '2022-12-02 09:46:03', 'First name LAST NAME', '2022-12-02 09:46:03', '2022-12-02 09:46:03', 1953),
(494, 2, 'ff', 'Valid', '2022-12-02 09:47:13', 'First name LAST NAME', '2022-12-02 09:47:13', '2022-12-02 09:47:13', 1969),
(495, 3, 'qzdqzd', 'Evaluated', '2022-12-02 09:47:13', 'First name LAST NAME', '2022-12-02 09:47:13', '2022-12-02 09:47:13', 1967),
(496, 0, 'ddd', 'Evaluated', '2022-12-02 09:47:13', 'First name LAST NAME', '2022-12-02 09:47:13', '2022-12-02 09:47:13', 1966),
(497, 4, 'li', 'Valid', '2022-12-02 09:47:13', 'First name LAST NAME', '2022-12-02 09:47:13', '2022-12-02 09:47:13', 1952),
(498, 2, 'non', 'Valid', '2022-12-02 09:47:13', 'First name LAST NAME', '2022-12-02 09:47:13', '2022-12-02 09:47:13', 1954),
(499, 2, 'done', 'Valid', '2022-12-02 09:47:13', 'First name LAST NAME', '2022-12-02 09:47:13', '2022-12-02 09:47:13', 1953),
(500, 3, 'qzdqzd', 'Evaluated', '2022-12-02 09:48:41', 'First name LAST NAME', '2022-12-02 09:48:41', '2022-12-02 09:48:41', 1967),
(501, 2, 'ff', 'Valid', '2022-12-02 09:48:41', 'First name LAST NAME', '2022-12-02 09:48:41', '2022-12-02 09:48:41', 1969),
(502, 0, 'ddd', 'Evaluated', '2022-12-02 09:48:41', 'First name LAST NAME', '2022-12-02 09:48:41', '2022-12-02 09:48:41', 1966),
(503, 2, 'done', 'Valid', '2022-12-02 09:48:41', 'First name LAST NAME', '2022-12-02 09:48:41', '2022-12-02 09:48:41', 1953),
(504, 2, 'non', 'Valid', '2022-12-02 09:48:41', 'First name LAST NAME', '2022-12-02 09:48:41', '2022-12-02 09:48:41', 1954),
(505, 4, 'li', 'Valid', '2022-12-02 09:48:41', 'First name LAST NAME', '2022-12-02 09:48:41', '2022-12-02 09:48:41', 1952),
(506, 2, 'ff', 'Valid', '2022-12-02 09:49:54', 'First name LAST NAME', '2022-12-02 09:49:54', '2022-12-02 09:49:54', 1969),
(507, 3, 'qzdqzd', 'Evaluated', '2022-12-02 09:49:54', 'First name LAST NAME', '2022-12-02 09:49:54', '2022-12-02 09:49:54', 1967),
(508, 0, 'ddd', 'Evaluated', '2022-12-02 09:49:54', 'First name LAST NAME', '2022-12-02 09:49:54', '2022-12-02 09:49:54', 1966),
(509, 4, 'li', 'Valid', '2022-12-02 09:49:55', 'First name LAST NAME', '2022-12-02 09:49:55', '2022-12-02 09:49:55', 1952),
(510, 2, 'non', 'Valid', '2022-12-02 09:49:55', 'First name LAST NAME', '2022-12-02 09:49:55', '2022-12-02 09:49:55', 1954),
(511, 2, 'done', 'Valid', '2022-12-02 09:49:55', 'First name LAST NAME', '2022-12-02 09:49:55', '2022-12-02 09:49:55', 1953),
(512, 2, 'ff', 'Valid', '2022-12-02 09:50:05', 'First name LAST NAME', '2022-12-02 09:50:05', '2022-12-02 09:50:05', 1969),
(513, 3, 'qzdqzd', 'Evaluated', '2022-12-02 09:50:05', 'First name LAST NAME', '2022-12-02 09:50:05', '2022-12-02 09:50:05', 1967),
(514, 0, 'ddd', 'Evaluated', '2022-12-02 09:50:05', 'First name LAST NAME', '2022-12-02 09:50:05', '2022-12-02 09:50:05', 1966),
(515, 2, 'non', 'Valid', '2022-12-02 09:50:05', 'First name LAST NAME', '2022-12-02 09:50:05', '2022-12-02 09:50:05', 1954),
(516, 2, 'done', 'Valid', '2022-12-02 09:50:05', 'First name LAST NAME', '2022-12-02 09:50:05', '2022-12-02 09:50:05', 1953),
(517, 4, 'li', 'Valid', '2022-12-02 09:50:05', 'First name LAST NAME', '2022-12-02 09:50:05', '2022-12-02 09:50:05', 1952),
(518, 2, 'ff', 'Valid', '2022-12-02 09:50:14', 'First name LAST NAME', '2022-12-02 09:50:14', '2022-12-02 09:50:14', 1969),
(519, 3, 'qzdqzd', 'Evaluated', '2022-12-02 09:50:14', 'First name LAST NAME', '2022-12-02 09:50:14', '2022-12-02 09:50:14', 1967),
(520, 0, 'ddd', 'Evaluated', '2022-12-02 09:50:14', 'First name LAST NAME', '2022-12-02 09:50:14', '2022-12-02 09:50:14', 1966),
(521, 2, 'non', 'Valid', '2022-12-02 09:50:14', 'First name LAST NAME', '2022-12-02 09:50:14', '2022-12-02 09:50:14', 1954),
(522, 2, 'done', 'Valid', '2022-12-02 09:50:14', 'First name LAST NAME', '2022-12-02 09:50:14', '2022-12-02 09:50:14', 1953),
(523, 4, 'li', 'Valid', '2022-12-02 09:50:14', 'First name LAST NAME', '2022-12-02 09:50:14', '2022-12-02 09:50:14', 1952),
(524, 2, 'ff', 'Valid', '2022-12-02 09:50:19', 'First name LAST NAME', '2022-12-02 09:50:19', '2022-12-02 09:50:19', 1969),
(525, 3, 'qzdqzd', 'Evaluated', '2022-12-02 09:50:19', 'First name LAST NAME', '2022-12-02 09:50:19', '2022-12-02 09:50:19', 1967),
(526, 0, 'ddd', 'Evaluated', '2022-12-02 09:50:19', 'First name LAST NAME', '2022-12-02 09:50:19', '2022-12-02 09:50:19', 1966),
(527, 2, 'non', 'Valid', '2022-12-02 09:50:19', 'First name LAST NAME', '2022-12-02 09:50:19', '2022-12-02 09:50:19', 1954),
(528, 2, 'done', 'Valid', '2022-12-02 09:50:19', 'First name LAST NAME', '2022-12-02 09:50:19', '2022-12-02 09:50:19', 1953),
(529, 4, 'li', 'Valid', '2022-12-02 09:50:19', 'First name LAST NAME', '2022-12-02 09:50:19', '2022-12-02 09:50:19', 1952),
(530, 2, 'ff', 'Valid', '2022-12-02 09:51:57', 'First name LAST NAME', '2022-12-02 09:51:57', '2022-12-02 09:51:57', 1969),
(531, 3, 'qzdqzd', 'Evaluated', '2022-12-02 09:51:57', 'First name LAST NAME', '2022-12-02 09:51:57', '2022-12-02 09:51:57', 1967),
(532, 0, 'ddd', 'Evaluated', '2022-12-02 09:51:57', 'First name LAST NAME', '2022-12-02 09:51:57', '2022-12-02 09:51:57', 1966),
(533, 2, 'done', 'Valid', '2022-12-02 09:51:57', 'First name LAST NAME', '2022-12-02 09:51:57', '2022-12-02 09:51:57', 1953),
(534, 2, 'non', 'Valid', '2022-12-02 09:51:57', 'First name LAST NAME', '2022-12-02 09:51:57', '2022-12-02 09:51:57', 1954),
(535, 4, 'li', 'Valid', '2022-12-02 09:51:57', 'First name LAST NAME', '2022-12-02 09:51:57', '2022-12-02 09:51:57', 1952),
(536, 2, 'ff', 'Valid', '2022-12-02 09:55:07', 'First name LAST NAME', '2022-12-02 09:55:07', '2022-12-02 09:55:07', 1969),
(537, 3, 'qzdqzd', 'Evaluated', '2022-12-02 09:55:07', 'First name LAST NAME', '2022-12-02 09:55:07', '2022-12-02 09:55:07', 1967),
(538, 0, 'ddd', 'Evaluated', '2022-12-02 09:55:07', 'First name LAST NAME', '2022-12-02 09:55:07', '2022-12-02 09:55:07', 1966),
(539, 2, 'non', 'Valid', '2022-12-02 09:55:07', 'First name LAST NAME', '2022-12-02 09:55:07', '2022-12-02 09:55:07', 1954),
(540, 2, 'done', 'Valid', '2022-12-02 09:55:07', 'First name LAST NAME', '2022-12-02 09:55:07', '2022-12-02 09:55:07', 1953),
(541, 4, 'li', 'Valid', '2022-12-02 09:55:07', 'First name LAST NAME', '2022-12-02 09:55:07', '2022-12-02 09:55:07', 1952),
(542, 2, 'ff', 'Valid', '2022-12-02 10:30:21', 'First name LAST NAME', '2022-12-02 10:30:21', '2022-12-02 10:30:21', 1969),
(543, 3, 'qzdqzd', 'Evaluated', '2022-12-02 10:30:21', 'First name LAST NAME', '2022-12-02 10:30:21', '2022-12-02 10:30:21', 1967),
(544, 0, 'ddd', 'Evaluated', '2022-12-02 10:30:21', 'First name LAST NAME', '2022-12-02 10:30:21', '2022-12-02 10:30:21', 1966),
(545, 2, 'non', 'Valid', '2022-12-02 10:30:21', 'First name LAST NAME', '2022-12-02 10:30:21', '2022-12-02 10:30:21', 1954),
(546, 4, 'li', 'Valid', '2022-12-02 10:30:21', 'First name LAST NAME', '2022-12-02 10:30:21', '2022-12-02 10:30:21', 1952),
(547, 2, 'done', 'Valid', '2022-12-02 10:30:21', 'First name LAST NAME', '2022-12-02 10:30:21', '2022-12-02 10:30:21', 1953),
(548, 2, 'ff', 'Valid', '2022-12-02 10:31:39', 'First name LAST NAME', '2022-12-02 10:31:40', '2022-12-02 10:31:40', 1969),
(549, 3, 'qzdqzd', 'Evaluated', '2022-12-02 10:31:39', 'First name LAST NAME', '2022-12-02 10:31:40', '2022-12-02 10:31:40', 1967),
(550, 0, 'ddd', 'Evaluated', '2022-12-02 10:31:39', 'First name LAST NAME', '2022-12-02 10:31:40', '2022-12-02 10:31:40', 1966),
(551, 4, 'li', 'Valid', '2022-12-02 10:31:40', 'First name LAST NAME', '2022-12-02 10:31:40', '2022-12-02 10:31:40', 1952),
(552, 2, 'done', 'Valid', '2022-12-02 10:31:40', 'First name LAST NAME', '2022-12-02 10:31:40', '2022-12-02 10:31:40', 1953),
(553, 2, 'non', 'Valid', '2022-12-02 10:31:40', 'First name LAST NAME', '2022-12-02 10:31:40', '2022-12-02 10:31:40', 1954),
(554, 2, 'ff', 'Valid', '2022-12-02 10:32:03', 'First name LAST NAME', '2022-12-02 10:32:03', '2022-12-02 10:32:03', 1969),
(555, 0, 'ddd', 'Evaluated', '2022-12-02 10:32:03', 'First name LAST NAME', '2022-12-02 10:32:03', '2022-12-02 10:32:03', 1966),
(556, 3, 'qzdqzd', 'Evaluated', '2022-12-02 10:32:03', 'First name LAST NAME', '2022-12-02 10:32:03', '2022-12-02 10:32:03', 1967),
(557, 2, 'non', 'Valid', '2022-12-02 10:32:03', 'First name LAST NAME', '2022-12-02 10:32:04', '2022-12-02 10:32:04', 1954),
(558, 2, 'done', 'Valid', '2022-12-02 10:32:04', 'First name LAST NAME', '2022-12-02 10:32:04', '2022-12-02 10:32:04', 1953),
(559, 4, 'li', 'Valid', '2022-12-02 10:32:04', 'First name LAST NAME', '2022-12-02 10:32:04', '2022-12-02 10:32:04', 1952),
(560, 0, 'ddd', 'Evaluated', '2022-12-02 10:33:41', 'First name LAST NAME', '2022-12-02 10:33:41', '2022-12-02 10:33:41', 1966),
(561, 2, 'ff', 'Valid', '2022-12-02 10:33:41', 'First name LAST NAME', '2022-12-02 10:33:41', '2022-12-02 10:33:41', 1969),
(562, 3, 'qzdqzd', 'Evaluated', '2022-12-02 10:33:41', 'First name LAST NAME', '2022-12-02 10:33:41', '2022-12-02 10:33:41', 1967),
(563, 2, 'non', 'Valid', '2022-12-02 10:33:42', 'First name LAST NAME', '2022-12-02 10:33:42', '2022-12-02 10:33:42', 1954),
(564, 2, 'done', 'Valid', '2022-12-02 10:33:42', 'First name LAST NAME', '2022-12-02 10:33:42', '2022-12-02 10:33:42', 1953),
(565, 4, 'li', 'Valid', '2022-12-02 10:33:42', 'First name LAST NAME', '2022-12-02 10:33:42', '2022-12-02 10:33:42', 1952),
(566, 2, 'ff', 'Valid', '2022-12-02 10:35:41', 'First name LAST NAME', '2022-12-02 10:35:41', '2022-12-02 10:35:41', 1969),
(567, 3, 'qzdqzd', 'Evaluated', '2022-12-02 10:35:41', 'First name LAST NAME', '2022-12-02 10:35:41', '2022-12-02 10:35:41', 1967),
(568, 0, 'ddd', 'Evaluated', '2022-12-02 10:35:41', 'First name LAST NAME', '2022-12-02 10:35:41', '2022-12-02 10:35:41', 1966),
(569, 2, 'non', 'Valid', '2022-12-02 10:35:41', 'First name LAST NAME', '2022-12-02 10:35:41', '2022-12-02 10:35:41', 1954),
(570, 2, 'done', 'Valid', '2022-12-02 10:35:41', 'First name LAST NAME', '2022-12-02 10:35:41', '2022-12-02 10:35:41', 1953),
(571, 4, 'li', 'Valid', '2022-12-02 10:35:41', 'First name LAST NAME', '2022-12-02 10:35:41', '2022-12-02 10:35:41', 1952),
(572, 2, 'ff', 'Valid', '2022-12-02 10:36:34', 'First name LAST NAME', '2022-12-02 10:36:34', '2022-12-02 10:36:34', 1969),
(573, 3, 'qzdqzd', 'Evaluated', '2022-12-02 10:36:34', 'First name LAST NAME', '2022-12-02 10:36:34', '2022-12-02 10:36:34', 1967),
(574, 0, 'ddd', 'Evaluated', '2022-12-02 10:36:34', 'First name LAST NAME', '2022-12-02 10:36:34', '2022-12-02 10:36:34', 1966),
(575, 2, 'done', 'Valid', '2022-12-02 10:36:34', 'First name LAST NAME', '2022-12-02 10:36:34', '2022-12-02 10:36:34', 1953),
(576, 4, 'li', 'Valid', '2022-12-02 10:36:34', 'First name LAST NAME', '2022-12-02 10:36:34', '2022-12-02 10:36:34', 1952),
(577, 2, 'non', 'Valid', '2022-12-02 10:36:34', 'First name LAST NAME', '2022-12-02 10:36:34', '2022-12-02 10:36:34', 1954),
(578, 2, 'ff', 'Valid', '2022-12-02 10:40:52', 'First name LAST NAME', '2022-12-02 10:40:52', '2022-12-02 10:40:52', 1969),
(579, 3, 'qzdqzd', 'Evaluated', '2022-12-02 10:40:52', 'First name LAST NAME', '2022-12-02 10:40:52', '2022-12-02 10:40:52', 1967),
(580, 0, 'ddd', 'Evaluated', '2022-12-02 10:40:52', 'First name LAST NAME', '2022-12-02 10:40:52', '2022-12-02 10:40:52', 1966),
(581, 2, 'non', 'Valid', '2022-12-02 10:40:52', 'First name LAST NAME', '2022-12-02 10:40:52', '2022-12-02 10:40:52', 1954),
(582, 4, 'li', 'Valid', '2022-12-02 10:40:52', 'First name LAST NAME', '2022-12-02 10:40:52', '2022-12-02 10:40:52', 1952),
(583, 2, 'done', 'Valid', '2022-12-02 10:40:52', 'First name LAST NAME', '2022-12-02 10:40:52', '2022-12-02 10:40:52', 1953),
(584, 2, 'ff', 'Valid', '2022-12-02 10:49:41', 'First name LAST NAME', '2022-12-02 10:49:41', '2022-12-02 10:49:41', 1969),
(585, 3, 'qzdqzd', 'Evaluated', '2022-12-02 10:49:41', 'First name LAST NAME', '2022-12-02 10:49:41', '2022-12-02 10:49:41', 1967),
(586, 0, 'ddd', 'Evaluated', '2022-12-02 10:49:41', 'First name LAST NAME', '2022-12-02 10:49:41', '2022-12-02 10:49:41', 1966),
(587, 2, 'done', 'Valid', '2022-12-02 10:49:41', 'First name LAST NAME', '2022-12-02 10:49:41', '2022-12-02 10:49:41', 1953),
(588, 2, 'non', 'Valid', '2022-12-02 10:49:41', 'First name LAST NAME', '2022-12-02 10:49:41', '2022-12-02 10:49:41', 1954),
(589, 4, 'li', 'Valid', '2022-12-02 10:49:41', 'First name LAST NAME', '2022-12-02 10:49:41', '2022-12-02 10:49:41', 1952),
(590, 2, 'ff', 'Valid', '2022-12-02 10:50:42', 'First name LAST NAME', '2022-12-02 10:50:42', '2022-12-02 10:50:42', 1969),
(591, 3, 'qzdqzd', 'Evaluated', '2022-12-02 10:50:42', 'First name LAST NAME', '2022-12-02 10:50:42', '2022-12-02 10:50:42', 1967),
(592, 0, 'ddd', 'Evaluated', '2022-12-02 10:50:42', 'First name LAST NAME', '2022-12-02 10:50:42', '2022-12-02 10:50:42', 1966),
(593, 2, 'non', 'Valid', '2022-12-02 10:50:42', 'First name LAST NAME', '2022-12-02 10:50:42', '2022-12-02 10:50:42', 1954),
(594, 4, 'li', 'Valid', '2022-12-02 10:50:42', 'First name LAST NAME', '2022-12-02 10:50:42', '2022-12-02 10:50:42', 1952),
(595, 2, 'done', 'Valid', '2022-12-02 10:50:42', 'First name LAST NAME', '2022-12-02 10:50:42', '2022-12-02 10:50:42', 1953),
(596, 0, 'ddd', 'Evaluated', '2022-12-02 10:54:17', 'First name LAST NAME', '2022-12-02 10:54:17', '2022-12-02 10:54:17', 1966),
(597, 3, 'qzdqzd', 'Evaluated', '2022-12-02 10:54:17', 'First name LAST NAME', '2022-12-02 10:54:17', '2022-12-02 10:54:17', 1967),
(598, 2, 'ff', 'Valid', '2022-12-02 10:54:17', 'First name LAST NAME', '2022-12-02 10:54:17', '2022-12-02 10:54:17', 1969),
(599, 2, 'non', 'Valid', '2022-12-02 10:54:17', 'First name LAST NAME', '2022-12-02 10:54:17', '2022-12-02 10:54:17', 1954),
(600, 2, 'done', 'Valid', '2022-12-02 10:54:17', 'First name LAST NAME', '2022-12-02 10:54:17', '2022-12-02 10:54:17', 1953),
(601, 4, 'li', 'Valid', '2022-12-02 10:54:17', 'First name LAST NAME', '2022-12-02 10:54:17', '2022-12-02 10:54:17', 1952),
(602, 2, 'ff', 'Valid', '2022-12-02 10:55:09', 'First name LAST NAME', '2022-12-02 10:55:09', '2022-12-02 10:55:09', 1969),
(603, 3, 'qzdqzd', 'Evaluated', '2022-12-02 10:55:09', 'First name LAST NAME', '2022-12-02 10:55:09', '2022-12-02 10:55:09', 1967),
(604, 0, 'ddd', 'Evaluated', '2022-12-02 10:55:09', 'First name LAST NAME', '2022-12-02 10:55:09', '2022-12-02 10:55:09', 1966),
(605, 2, 'non', 'Valid', '2022-12-02 10:55:09', 'First name LAST NAME', '2022-12-02 10:55:09', '2022-12-02 10:55:09', 1954),
(606, 4, 'li', 'Valid', '2022-12-02 10:55:09', 'First name LAST NAME', '2022-12-02 10:55:09', '2022-12-02 10:55:09', 1952),
(607, 2, 'done', 'Valid', '2022-12-02 10:55:09', 'First name LAST NAME', '2022-12-02 10:55:09', '2022-12-02 10:55:09', 1953),
(608, 2, 'ff', 'Valid', '2022-12-02 10:56:37', 'First name LAST NAME', '2022-12-02 10:56:37', '2022-12-02 10:56:37', 1969),
(609, 3, 'qzdqzd', 'Evaluated', '2022-12-02 10:56:37', 'First name LAST NAME', '2022-12-02 10:56:37', '2022-12-02 10:56:37', 1967),
(610, 0, 'ddd', 'Evaluated', '2022-12-02 10:56:37', 'First name LAST NAME', '2022-12-02 10:56:37', '2022-12-02 10:56:37', 1966),
(611, 2, 'non', 'Valid', '2022-12-02 10:56:37', 'First name LAST NAME', '2022-12-02 10:56:37', '2022-12-02 10:56:37', 1954),
(612, 2, 'done', 'Valid', '2022-12-02 10:56:37', 'First name LAST NAME', '2022-12-02 10:56:37', '2022-12-02 10:56:37', 1953),
(613, 4, 'li', 'Valid', '2022-12-02 10:56:37', 'First name LAST NAME', '2022-12-02 10:56:37', '2022-12-02 10:56:37', 1952),
(614, 3, 'qzdqzd', 'Evaluated', '2022-12-02 10:58:31', 'First name LAST NAME', '2022-12-02 10:58:31', '2022-12-02 10:58:31', 1967),
(615, 2, 'ff', 'Valid', '2022-12-02 10:58:31', 'First name LAST NAME', '2022-12-02 10:58:31', '2022-12-02 10:58:31', 1969),
(616, 0, 'ddd', 'Evaluated', '2022-12-02 10:58:31', 'First name LAST NAME', '2022-12-02 10:58:31', '2022-12-02 10:58:31', 1966),
(617, 2, 'non', 'Valid', '2022-12-02 10:58:31', 'First name LAST NAME', '2022-12-02 10:58:31', '2022-12-02 10:58:31', 1954),
(618, 2, 'done', 'Valid', '2022-12-02 10:58:31', 'First name LAST NAME', '2022-12-02 10:58:31', '2022-12-02 10:58:31', 1953),
(619, 4, 'li', 'Valid', '2022-12-02 10:58:31', 'First name LAST NAME', '2022-12-02 10:58:31', '2022-12-02 10:58:31', 1952),
(620, 2, 'ff', 'Valid', '2022-12-02 11:09:50', 'First name LAST NAME', '2022-12-02 11:09:50', '2022-12-02 11:09:50', 1969),
(621, 0, 'ddd', 'Evaluated', '2022-12-02 11:09:50', 'First name LAST NAME', '2022-12-02 11:09:50', '2022-12-02 11:09:50', 1966),
(622, 3, 'qzdqzd', 'Evaluated', '2022-12-02 11:09:50', 'First name LAST NAME', '2022-12-02 11:09:50', '2022-12-02 11:09:50', 1967),
(623, 2, 'done', 'Valid', '2022-12-02 11:09:50', 'First name LAST NAME', '2022-12-02 11:09:50', '2022-12-02 11:09:50', 1953),
(624, 2, 'non', 'Valid', '2022-12-02 11:09:50', 'First name LAST NAME', '2022-12-02 11:09:50', '2022-12-02 11:09:50', 1954),
(625, 4, 'li', 'Valid', '2022-12-02 11:09:50', 'First name LAST NAME', '2022-12-02 11:09:50', '2022-12-02 11:09:50', 1952),
(626, 3, 'qzdqzd', 'Evaluated', '2022-12-02 11:13:50', 'First name LAST NAME', '2022-12-02 11:13:50', '2022-12-02 11:13:50', 1967),
(627, 2, 'ff', 'Valid', '2022-12-02 11:13:50', 'First name LAST NAME', '2022-12-02 11:13:50', '2022-12-02 11:13:50', 1969),
(628, 0, 'ddd', 'Evaluated', '2022-12-02 11:13:50', 'First name LAST NAME', '2022-12-02 11:13:50', '2022-12-02 11:13:50', 1966),
(629, 2, 'non', 'Valid', '2022-12-02 11:13:50', 'First name LAST NAME', '2022-12-02 11:13:50', '2022-12-02 11:13:50', 1954),
(630, 2, 'done', 'Valid', '2022-12-02 11:13:50', 'First name LAST NAME', '2022-12-02 11:13:50', '2022-12-02 11:13:50', 1953),
(631, 4, 'li', 'Valid', '2022-12-02 11:13:50', 'First name LAST NAME', '2022-12-02 11:13:50', '2022-12-02 11:13:50', 1952),
(632, 2, 'ff', 'Valid', '2022-12-02 11:23:31', 'First name LAST NAME', '2022-12-02 11:23:31', '2022-12-02 11:23:31', 1969),
(633, 3, 'qzdqzd', 'Evaluated', '2022-12-02 11:23:31', 'First name LAST NAME', '2022-12-02 11:23:31', '2022-12-02 11:23:31', 1967),
(634, 0, 'ddd', 'Evaluated', '2022-12-02 11:23:31', 'First name LAST NAME', '2022-12-02 11:23:31', '2022-12-02 11:23:31', 1966),
(635, 2, 'non', 'Valid', '2022-12-02 11:23:31', 'First name LAST NAME', '2022-12-02 11:23:32', '2022-12-02 11:23:32', 1954),
(636, 2, 'done', 'Valid', '2022-12-02 11:23:32', 'First name LAST NAME', '2022-12-02 11:23:32', '2022-12-02 11:23:32', 1953),
(637, 4, 'li', 'Valid', '2022-12-02 11:23:32', 'First name LAST NAME', '2022-12-02 11:23:32', '2022-12-02 11:23:32', 1952),
(638, 3, 'qzdqzd', 'Evaluated', '2022-12-02 11:23:52', 'First name LAST NAME', '2022-12-02 11:23:52', '2022-12-02 11:23:52', 1967),
(639, 2, 'ff', 'Valid', '2022-12-02 11:23:52', 'First name LAST NAME', '2022-12-02 11:23:52', '2022-12-02 11:23:52', 1969),
(640, 0, 'ddd', 'Evaluated', '2022-12-02 11:23:52', 'First name LAST NAME', '2022-12-02 11:23:52', '2022-12-02 11:23:52', 1966),
(641, 2, 'non', 'Valid', '2022-12-02 11:23:53', 'First name LAST NAME', '2022-12-02 11:23:53', '2022-12-02 11:23:53', 1954),
(642, 2, 'done', 'Valid', '2022-12-02 11:23:53', 'First name LAST NAME', '2022-12-02 11:23:53', '2022-12-02 11:23:53', 1953),
(643, 4, 'li', 'Valid', '2022-12-02 11:23:53', 'First name LAST NAME', '2022-12-02 11:23:53', '2022-12-02 11:23:53', 1952),
(644, 2, 'ff', 'Valid', '2022-12-02 11:25:08', 'First name LAST NAME', '2022-12-02 11:25:08', '2022-12-02 11:25:08', 1969),
(645, 3, 'qzdqzd', 'Evaluated', '2022-12-02 11:25:08', 'First name LAST NAME', '2022-12-02 11:25:08', '2022-12-02 11:25:08', 1967),
(646, 0, 'ddd', 'Evaluated', '2022-12-02 11:25:08', 'First name LAST NAME', '2022-12-02 11:25:08', '2022-12-02 11:25:08', 1966),
(647, 2, 'non', 'Valid', '2022-12-02 11:25:08', 'First name LAST NAME', '2022-12-02 11:25:08', '2022-12-02 11:25:08', 1954),
(648, 2, 'done', 'Valid', '2022-12-02 11:25:08', 'First name LAST NAME', '2022-12-02 11:25:08', '2022-12-02 11:25:08', 1953),
(649, 4, 'li', 'Valid', '2022-12-02 11:25:08', 'First name LAST NAME', '2022-12-02 11:25:08', '2022-12-02 11:25:08', 1952),
(650, 2, 'ff', 'Valid', '2022-12-02 11:25:23', 'First name LAST NAME', '2022-12-02 11:25:23', '2022-12-02 11:25:23', 1969),
(651, 3, 'qzdqzd', 'Evaluated', '2022-12-02 11:25:23', 'First name LAST NAME', '2022-12-02 11:25:23', '2022-12-02 11:25:23', 1967),
(652, 0, 'ddd', 'Evaluated', '2022-12-02 11:25:23', 'First name LAST NAME', '2022-12-02 11:25:23', '2022-12-02 11:25:23', 1966),
(653, 2, 'non', 'Valid', '2022-12-02 11:25:23', 'First name LAST NAME', '2022-12-02 11:25:23', '2022-12-02 11:25:23', 1954),
(654, 4, 'li', 'Valid', '2022-12-02 11:25:23', 'First name LAST NAME', '2022-12-02 11:25:23', '2022-12-02 11:25:23', 1952),
(655, 2, 'done', 'Valid', '2022-12-02 11:25:23', 'First name LAST NAME', '2022-12-02 11:25:23', '2022-12-02 11:25:23', 1953),
(656, 3, 'qzdqzd', 'Evaluated', '2022-12-02 11:25:43', 'First name LAST NAME', '2022-12-02 11:25:43', '2022-12-02 11:25:43', 1967),
(657, 2, 'ff', 'Valid', '2022-12-02 11:25:43', 'First name LAST NAME', '2022-12-02 11:25:43', '2022-12-02 11:25:43', 1969),
(658, 0, 'ddd', 'Evaluated', '2022-12-02 11:25:43', 'First name LAST NAME', '2022-12-02 11:25:44', '2022-12-02 11:25:44', 1966),
(659, 2, 'non', 'Valid', '2022-12-02 11:25:44', 'First name LAST NAME', '2022-12-02 11:25:44', '2022-12-02 11:25:44', 1954),
(660, 2, 'done', 'Valid', '2022-12-02 11:25:44', 'First name LAST NAME', '2022-12-02 11:25:44', '2022-12-02 11:25:44', 1953),
(661, 4, 'li', 'Valid', '2022-12-02 11:25:44', 'First name LAST NAME', '2022-12-02 11:25:44', '2022-12-02 11:25:44', 1952),
(662, 2, 'ff', 'Valid', '2022-12-02 11:25:55', 'First name LAST NAME', '2022-12-02 11:25:55', '2022-12-02 11:25:55', 1969),
(663, 3, 'qzdqzd', 'Evaluated', '2022-12-02 11:25:55', 'First name LAST NAME', '2022-12-02 11:25:55', '2022-12-02 11:25:55', 1967),
(664, 0, 'ddd', 'Evaluated', '2022-12-02 11:25:55', 'First name LAST NAME', '2022-12-02 11:25:55', '2022-12-02 11:25:55', 1966),
(665, 2, 'done', 'Valid', '2022-12-02 11:25:55', 'First name LAST NAME', '2022-12-02 11:25:55', '2022-12-02 11:25:55', 1953),
(666, 2, 'non', 'Valid', '2022-12-02 11:25:55', 'First name LAST NAME', '2022-12-02 11:25:55', '2022-12-02 11:25:55', 1954),
(667, 4, 'li', 'Valid', '2022-12-02 11:25:55', 'First name LAST NAME', '2022-12-02 11:25:55', '2022-12-02 11:25:55', 1952),
(668, 2, 'ff', 'Valid', '2022-12-02 11:27:11', 'First name LAST NAME', '2022-12-02 11:27:11', '2022-12-02 11:27:11', 1969),
(669, 3, 'qzdqzd', 'Evaluated', '2022-12-02 11:27:11', 'First name LAST NAME', '2022-12-02 11:27:11', '2022-12-02 11:27:11', 1967),
(670, 0, 'ddd', 'Evaluated', '2022-12-02 11:27:11', 'First name LAST NAME', '2022-12-02 11:27:11', '2022-12-02 11:27:11', 1966),
(671, 2, 'non', 'Valid', '2022-12-02 11:27:11', 'First name LAST NAME', '2022-12-02 11:27:11', '2022-12-02 11:27:11', 1954),
(672, 4, 'li', 'Valid', '2022-12-02 11:27:11', 'First name LAST NAME', '2022-12-02 11:27:11', '2022-12-02 11:27:11', 1952),
(673, 2, 'done', 'Valid', '2022-12-02 11:27:11', 'First name LAST NAME', '2022-12-02 11:27:11', '2022-12-02 11:27:11', 1953),
(674, 2, 'ff', 'Valid', '2022-12-02 11:28:15', 'First name LAST NAME', '2022-12-02 11:28:15', '2022-12-02 11:28:15', 1969),
(675, 3, 'qzdqzd', 'Evaluated', '2022-12-02 11:28:15', 'First name LAST NAME', '2022-12-02 11:28:15', '2022-12-02 11:28:15', 1967),
(676, 0, 'ddd', 'Evaluated', '2022-12-02 11:28:15', 'First name LAST NAME', '2022-12-02 11:28:15', '2022-12-02 11:28:15', 1966),
(677, 2, 'done', 'Valid', '2022-12-02 11:28:15', 'First name LAST NAME', '2022-12-02 11:28:15', '2022-12-02 11:28:15', 1953),
(678, 2, 'non', 'Valid', '2022-12-02 11:28:15', 'First name LAST NAME', '2022-12-02 11:28:15', '2022-12-02 11:28:15', 1954),
(679, 4, 'li', 'Valid', '2022-12-02 11:28:15', 'First name LAST NAME', '2022-12-02 11:28:15', '2022-12-02 11:28:15', 1952),
(680, 3, 'qzdqzd', 'Evaluated', '2022-12-02 11:29:29', 'First name LAST NAME', '2022-12-02 11:29:29', '2022-12-02 11:29:29', 1967),
(681, 2, 'ff', 'Valid', '2022-12-02 11:29:29', 'First name LAST NAME', '2022-12-02 11:29:29', '2022-12-02 11:29:29', 1969),
(682, 0, 'ddd', 'Evaluated', '2022-12-02 11:29:29', 'First name LAST NAME', '2022-12-02 11:29:29', '2022-12-02 11:29:29', 1966),
(683, 2, 'non', 'Valid', '2022-12-02 11:29:29', 'First name LAST NAME', '2022-12-02 11:29:29', '2022-12-02 11:29:29', 1954),
(684, 2, 'done', 'Valid', '2022-12-02 11:29:29', 'First name LAST NAME', '2022-12-02 11:29:29', '2022-12-02 11:29:29', 1953),
(685, 4, 'li', 'Valid', '2022-12-02 11:29:29', 'First name LAST NAME', '2022-12-02 11:29:29', '2022-12-02 11:29:29', 1952),
(686, 2, 'ff', 'Valid', '2022-12-02 11:29:57', 'First name LAST NAME', '2022-12-02 11:29:57', '2022-12-02 11:29:57', 1969),
(687, 3, 'qzdqzd', 'Evaluated', '2022-12-02 11:29:57', 'First name LAST NAME', '2022-12-02 11:29:57', '2022-12-02 11:29:57', 1967),
(688, 0, 'ddd', 'Evaluated', '2022-12-02 11:29:57', 'First name LAST NAME', '2022-12-02 11:29:57', '2022-12-02 11:29:57', 1966),
(689, 2, 'non', 'Valid', '2022-12-02 11:29:57', 'First name LAST NAME', '2022-12-02 11:29:57', '2022-12-02 11:29:57', 1954),
(690, 2, 'done', 'Valid', '2022-12-02 11:29:57', 'First name LAST NAME', '2022-12-02 11:29:57', '2022-12-02 11:29:57', 1953),
(691, 4, 'li', 'Valid', '2022-12-02 11:29:57', 'First name LAST NAME', '2022-12-02 11:29:57', '2022-12-02 11:29:57', 1952),
(692, 3, 'qzdqzd', 'Evaluated', '2022-12-02 11:46:04', 'First name LAST NAME', '2022-12-02 11:46:04', '2022-12-02 11:46:04', 1967),
(693, 2, 'ff', 'Valid', '2022-12-02 11:46:04', 'First name LAST NAME', '2022-12-02 11:46:04', '2022-12-02 11:46:04', 1969),
(694, 0, 'ddd', 'Evaluated', '2022-12-02 11:46:04', 'First name LAST NAME', '2022-12-02 11:46:04', '2022-12-02 11:46:04', 1966),
(695, 2, 'non', 'Valid', '2022-12-02 11:46:04', 'First name LAST NAME', '2022-12-02 11:46:04', '2022-12-02 11:46:04', 1954),
(696, 4, 'li', 'Valid', '2022-12-02 11:46:04', 'First name LAST NAME', '2022-12-02 11:46:04', '2022-12-02 11:46:04', 1952),
(697, 2, 'done', 'Valid', '2022-12-02 11:46:04', 'First name LAST NAME', '2022-12-02 11:46:04', '2022-12-02 11:46:04', 1953),
(698, 3, 'qzdqzd', 'Evaluated', '2022-12-02 11:49:52', 'First name LAST NAME', '2022-12-02 11:49:52', '2022-12-02 11:49:52', 1967),
(699, 2, 'ff', 'Valid', '2022-12-02 11:49:52', 'First name LAST NAME', '2022-12-02 11:49:52', '2022-12-02 11:49:52', 1969),
(700, 0, 'ddd', 'Evaluated', '2022-12-02 11:49:52', 'First name LAST NAME', '2022-12-02 11:49:52', '2022-12-02 11:49:52', 1966),
(701, 2, 'non', 'Valid', '2022-12-02 11:49:52', 'First name LAST NAME', '2022-12-02 11:49:52', '2022-12-02 11:49:52', 1954),
(702, 2, 'done', 'Valid', '2022-12-02 11:49:52', 'First name LAST NAME', '2022-12-02 11:49:52', '2022-12-02 11:49:52', 1953),
(703, 4, 'li', 'Valid', '2022-12-02 11:49:52', 'First name LAST NAME', '2022-12-02 11:49:52', '2022-12-02 11:49:52', 1952),
(704, 2, 'ff', 'Valid', '2022-12-02 11:52:10', 'First name LAST NAME', '2022-12-02 11:52:10', '2022-12-02 11:52:10', 1969),
(705, 3, 'qzdqzd', 'Evaluated', '2022-12-02 11:52:10', 'First name LAST NAME', '2022-12-02 11:52:10', '2022-12-02 11:52:10', 1967),
(706, 0, 'ddd', 'Evaluated', '2022-12-02 11:52:10', 'First name LAST NAME', '2022-12-02 11:52:10', '2022-12-02 11:52:10', 1966),
(707, 2, 'done', 'Valid', '2022-12-02 11:52:10', 'First name LAST NAME', '2022-12-02 11:52:10', '2022-12-02 11:52:10', 1953),
(708, 2, 'non', 'Valid', '2022-12-02 11:52:10', 'First name LAST NAME', '2022-12-02 11:52:10', '2022-12-02 11:52:10', 1954),
(709, 4, 'li', 'Valid', '2022-12-02 11:52:10', 'First name LAST NAME', '2022-12-02 11:52:10', '2022-12-02 11:52:10', 1952),
(710, 2, 'ff', 'Valid', '2022-12-02 13:20:49', 'First name LAST NAME', '2022-12-02 13:20:49', '2022-12-02 13:20:49', 1969),
(711, 3, 'qzdqzd', 'Evaluated', '2022-12-02 13:20:49', 'First name LAST NAME', '2022-12-02 13:20:49', '2022-12-02 13:20:49', 1967),
(712, 0, 'ddd', 'Evaluated', '2022-12-02 13:20:49', 'First name LAST NAME', '2022-12-02 13:20:49', '2022-12-02 13:20:49', 1966),
(713, 2, 'done', 'Valid', '2022-12-02 13:20:49', 'First name LAST NAME', '2022-12-02 13:20:49', '2022-12-02 13:20:49', 1953),
(714, 2, 'non', 'Valid', '2022-12-02 13:20:49', 'First name LAST NAME', '2022-12-02 13:20:49', '2022-12-02 13:20:49', 1954),
(715, 4, 'li', 'Valid', '2022-12-02 13:20:49', 'First name LAST NAME', '2022-12-02 13:20:49', '2022-12-02 13:20:49', 1952),
(716, 2, 'ff', 'Valid', '2022-12-02 13:21:33', 'First name LAST NAME', '2022-12-02 13:21:33', '2022-12-02 13:21:33', 1969),
(717, 0, 'ddd', 'Evaluated', '2022-12-02 13:21:33', 'First name LAST NAME', '2022-12-02 13:21:33', '2022-12-02 13:21:33', 1966),
(718, 3, 'qzdqzd', 'Evaluated', '2022-12-02 13:21:33', 'First name LAST NAME', '2022-12-02 13:21:33', '2022-12-02 13:21:33', 1967),
(719, 2, 'non', 'Valid', '2022-12-02 13:21:33', 'First name LAST NAME', '2022-12-02 13:21:33', '2022-12-02 13:21:33', 1954),
(720, 2, 'done', 'Valid', '2022-12-02 13:21:33', 'First name LAST NAME', '2022-12-02 13:21:33', '2022-12-02 13:21:33', 1953),
(721, 4, 'li', 'Valid', '2022-12-02 13:21:33', 'First name LAST NAME', '2022-12-02 13:21:33', '2022-12-02 13:21:33', 1952),
(722, 2, 'ff', 'Valid', '2022-12-02 13:24:09', 'First name LAST NAME', '2022-12-02 13:24:09', '2022-12-02 13:24:09', 1969),
(723, 3, 'qzdqzd', 'Evaluated', '2022-12-02 13:24:09', 'First name LAST NAME', '2022-12-02 13:24:09', '2022-12-02 13:24:09', 1967),
(724, 0, 'ddd', 'Evaluated', '2022-12-02 13:24:09', 'First name LAST NAME', '2022-12-02 13:24:09', '2022-12-02 13:24:09', 1966),
(725, 2, 'non', 'Valid', '2022-12-02 13:24:09', 'First name LAST NAME', '2022-12-02 13:24:09', '2022-12-02 13:24:09', 1954),
(726, 4, 'li', 'Valid', '2022-12-02 13:24:09', 'First name LAST NAME', '2022-12-02 13:24:09', '2022-12-02 13:24:09', 1952),
(727, 2, 'done', 'Valid', '2022-12-02 13:24:09', 'First name LAST NAME', '2022-12-02 13:24:09', '2022-12-02 13:24:09', 1953),
(728, 2, 'ff', 'Valid', '2022-12-02 13:24:58', 'First name LAST NAME', '2022-12-02 13:24:58', '2022-12-02 13:24:58', 1969),
(729, 3, 'qzdqzd', 'Evaluated', '2022-12-02 13:24:58', 'First name LAST NAME', '2022-12-02 13:24:58', '2022-12-02 13:24:58', 1967),
(730, 0, 'ddd', 'Evaluated', '2022-12-02 13:24:58', 'First name LAST NAME', '2022-12-02 13:24:58', '2022-12-02 13:24:58', 1966),
(731, 2, 'non', 'Valid', '2022-12-02 13:24:58', 'First name LAST NAME', '2022-12-02 13:24:58', '2022-12-02 13:24:58', 1954),
(732, 2, 'done', 'Valid', '2022-12-02 13:24:58', 'First name LAST NAME', '2022-12-02 13:24:58', '2022-12-02 13:24:58', 1953),
(733, 4, 'li', 'Valid', '2022-12-02 13:24:58', 'First name LAST NAME', '2022-12-02 13:24:58', '2022-12-02 13:24:58', 1952),
(734, 2, 'ff', 'Valid', '2022-12-02 13:25:56', 'First name LAST NAME', '2022-12-02 13:25:56', '2022-12-02 13:25:56', 1969),
(735, 3, 'qzdqzd', 'Evaluated', '2022-12-02 13:25:56', 'First name LAST NAME', '2022-12-02 13:25:56', '2022-12-02 13:25:56', 1967),
(736, 0, 'ddd', 'Evaluated', '2022-12-02 13:25:56', 'First name LAST NAME', '2022-12-02 13:25:56', '2022-12-02 13:25:56', 1966),
(737, 4, 'li', 'Valid', '2022-12-02 13:25:56', 'First name LAST NAME', '2022-12-02 13:25:56', '2022-12-02 13:25:56', 1952),
(738, 2, 'non', 'Valid', '2022-12-02 13:25:56', 'First name LAST NAME', '2022-12-02 13:25:56', '2022-12-02 13:25:56', 1954),
(739, 2, 'done', 'Valid', '2022-12-02 13:25:56', 'First name LAST NAME', '2022-12-02 13:25:56', '2022-12-02 13:25:56', 1953),
(740, 2, 'ff', 'Valid', '2022-12-02 13:26:39', 'First name LAST NAME', '2022-12-02 13:26:39', '2022-12-02 13:26:39', 1969),
(741, 3, 'qzdqzd', 'Evaluated', '2022-12-02 13:26:39', 'First name LAST NAME', '2022-12-02 13:26:39', '2022-12-02 13:26:39', 1967),
(742, 0, 'ddd', 'Evaluated', '2022-12-02 13:26:39', 'First name LAST NAME', '2022-12-02 13:26:39', '2022-12-02 13:26:39', 1966),
(743, 2, 'non', 'Valid', '2022-12-02 13:26:39', 'First name LAST NAME', '2022-12-02 13:26:39', '2022-12-02 13:26:39', 1954),
(744, 2, 'done', 'Valid', '2022-12-02 13:26:39', 'First name LAST NAME', '2022-12-02 13:26:39', '2022-12-02 13:26:39', 1953),
(745, 4, 'li', 'Valid', '2022-12-02 13:26:39', 'First name LAST NAME', '2022-12-02 13:26:39', '2022-12-02 13:26:39', 1952),
(746, 3, 'qzdqzd', 'Evaluated', '2022-12-02 13:26:55', 'First name LAST NAME', '2022-12-02 13:26:55', '2022-12-02 13:26:55', 1967),
(747, 0, 'ddd', 'Evaluated', '2022-12-02 13:26:55', 'First name LAST NAME', '2022-12-02 13:26:55', '2022-12-02 13:26:55', 1966),
(748, 2, 'ff', 'Valid', '2022-12-02 13:26:55', 'First name LAST NAME', '2022-12-02 13:26:55', '2022-12-02 13:26:55', 1969),
(749, 2, 'non', 'Valid', '2022-12-02 13:26:55', 'First name LAST NAME', '2022-12-02 13:26:55', '2022-12-02 13:26:55', 1954),
(750, 2, 'done', 'Valid', '2022-12-02 13:26:55', 'First name LAST NAME', '2022-12-02 13:26:55', '2022-12-02 13:26:55', 1953),
(751, 4, 'li', 'Valid', '2022-12-02 13:26:55', 'First name LAST NAME', '2022-12-02 13:26:55', '2022-12-02 13:26:55', 1952),
(752, 2, 'ff', 'Valid', '2022-12-02 13:27:58', 'First name LAST NAME', '2022-12-02 13:27:58', '2022-12-02 13:27:58', 1969),
(753, 3, 'qzdqzd', 'Evaluated', '2022-12-02 13:27:58', 'First name LAST NAME', '2022-12-02 13:27:58', '2022-12-02 13:27:58', 1967),
(754, 0, 'ddd', 'Evaluated', '2022-12-02 13:27:58', 'First name LAST NAME', '2022-12-02 13:27:58', '2022-12-02 13:27:58', 1966),
(755, 2, 'non', 'Valid', '2022-12-02 13:27:58', 'First name LAST NAME', '2022-12-02 13:27:58', '2022-12-02 13:27:58', 1954),
(756, 2, 'done', 'Valid', '2022-12-02 13:27:58', 'First name LAST NAME', '2022-12-02 13:27:58', '2022-12-02 13:27:58', 1953),
(757, 4, 'li', 'Valid', '2022-12-02 13:27:58', 'First name LAST NAME', '2022-12-02 13:27:58', '2022-12-02 13:27:58', 1952),
(758, 2, 'ff', 'Valid', '2022-12-02 13:28:09', 'First name LAST NAME', '2022-12-02 13:28:09', '2022-12-02 13:28:09', 1969),
(759, 3, 'qzdqzd', 'Evaluated', '2022-12-02 13:28:09', 'First name LAST NAME', '2022-12-02 13:28:09', '2022-12-02 13:28:09', 1967),
(760, 0, 'ddd', 'Evaluated', '2022-12-02 13:28:09', 'First name LAST NAME', '2022-12-02 13:28:09', '2022-12-02 13:28:09', 1966),
(761, 2, 'non', 'Valid', '2022-12-02 13:28:09', 'First name LAST NAME', '2022-12-02 13:28:09', '2022-12-02 13:28:09', 1954),
(762, 2, 'done', 'Valid', '2022-12-02 13:28:09', 'First name LAST NAME', '2022-12-02 13:28:09', '2022-12-02 13:28:09', 1953),
(763, 4, 'li', 'Valid', '2022-12-02 13:28:09', 'First name LAST NAME', '2022-12-02 13:28:09', '2022-12-02 13:28:09', 1952),
(764, 2, 'ff', 'Valid', '2022-12-02 13:28:22', 'First name LAST NAME', '2022-12-02 13:28:22', '2022-12-02 13:28:22', 1969),
(765, 3, 'qzdqzd', 'Evaluated', '2022-12-02 13:28:22', 'First name LAST NAME', '2022-12-02 13:28:22', '2022-12-02 13:28:22', 1967),
(766, 0, 'ddd', 'Evaluated', '2022-12-02 13:28:22', 'First name LAST NAME', '2022-12-02 13:28:22', '2022-12-02 13:28:22', 1966),
(767, 2, 'non', 'Valid', '2022-12-02 13:28:22', 'First name LAST NAME', '2022-12-02 13:28:22', '2022-12-02 13:28:22', 1954),
(768, 2, 'done', 'Valid', '2022-12-02 13:28:22', 'First name LAST NAME', '2022-12-02 13:28:22', '2022-12-02 13:28:22', 1953),
(769, 4, 'li', 'Valid', '2022-12-02 13:28:22', 'First name LAST NAME', '2022-12-02 13:28:22', '2022-12-02 13:28:22', 1952),
(770, 2, 'ff', 'Valid', '2022-12-02 13:30:27', 'First name LAST NAME', '2022-12-02 13:30:27', '2022-12-02 13:30:27', 1969),
(771, 3, 'qzdqzd', 'Evaluated', '2022-12-02 13:30:27', 'First name LAST NAME', '2022-12-02 13:30:27', '2022-12-02 13:30:27', 1967),
(772, 0, 'ddd', 'Evaluated', '2022-12-02 13:30:27', 'First name LAST NAME', '2022-12-02 13:30:27', '2022-12-02 13:30:27', 1966),
(773, 2, 'done', 'Valid', '2022-12-02 13:30:27', 'First name LAST NAME', '2022-12-02 13:30:27', '2022-12-02 13:30:27', 1953),
(774, 2, 'non', 'Valid', '2022-12-02 13:30:27', 'First name LAST NAME', '2022-12-02 13:30:27', '2022-12-02 13:30:27', 1954),
(775, 4, 'li', 'Valid', '2022-12-02 13:30:27', 'First name LAST NAME', '2022-12-02 13:30:27', '2022-12-02 13:30:27', 1952),
(776, 2, 'ff', 'Valid', '2022-12-02 13:30:32', 'First name LAST NAME', '2022-12-02 13:30:32', '2022-12-02 13:30:32', 1969),
(777, 3, 'qzdqzd', 'Evaluated', '2022-12-02 13:30:32', 'First name LAST NAME', '2022-12-02 13:30:32', '2022-12-02 13:30:32', 1967),
(778, 0, 'ddd', 'Evaluated', '2022-12-02 13:30:32', 'First name LAST NAME', '2022-12-02 13:30:32', '2022-12-02 13:30:32', 1966),
(779, 2, 'non', 'Valid', '2022-12-02 13:30:32', 'First name LAST NAME', '2022-12-02 13:30:32', '2022-12-02 13:30:32', 1954),
(780, 2, 'done', 'Valid', '2022-12-02 13:30:32', 'First name LAST NAME', '2022-12-02 13:30:32', '2022-12-02 13:30:32', 1953),
(781, 4, 'li', 'Valid', '2022-12-02 13:30:32', 'First name LAST NAME', '2022-12-02 13:30:32', '2022-12-02 13:30:32', 1952),
(782, 2, 'ff', 'Valid', '2022-12-02 13:30:45', 'First name LAST NAME', '2022-12-02 13:30:45', '2022-12-02 13:30:45', 1969),
(783, 3, 'qzdqzd', 'Evaluated', '2022-12-02 13:30:45', 'First name LAST NAME', '2022-12-02 13:30:45', '2022-12-02 13:30:45', 1967),
(784, 0, 'ddd', 'Evaluated', '2022-12-02 13:30:45', 'First name LAST NAME', '2022-12-02 13:30:45', '2022-12-02 13:30:45', 1966),
(785, 2, 'non', 'Valid', '2022-12-02 13:30:45', 'First name LAST NAME', '2022-12-02 13:30:45', '2022-12-02 13:30:45', 1954),
(786, 4, 'li', 'Valid', '2022-12-02 13:30:45', 'First name LAST NAME', '2022-12-02 13:30:45', '2022-12-02 13:30:45', 1952),
(787, 2, 'done', 'Valid', '2022-12-02 13:30:45', 'First name LAST NAME', '2022-12-02 13:30:45', '2022-12-02 13:30:45', 1953),
(788, 2, 'ff', 'Valid', '2022-12-02 13:32:42', 'First name LAST NAME', '2022-12-02 13:32:42', '2022-12-02 13:32:42', 1969),
(789, 0, 'ddd', 'Evaluated', '2022-12-02 13:32:42', 'First name LAST NAME', '2022-12-02 13:32:42', '2022-12-02 13:32:42', 1966),
(790, 3, 'qzdqzd', 'Evaluated', '2022-12-02 13:32:42', 'First name LAST NAME', '2022-12-02 13:32:42', '2022-12-02 13:32:42', 1967),
(791, 2, 'non', 'Valid', '2022-12-02 13:32:42', 'First name LAST NAME', '2022-12-02 13:32:42', '2022-12-02 13:32:42', 1954),
(792, 2, 'done', 'Valid', '2022-12-02 13:32:42', 'First name LAST NAME', '2022-12-02 13:32:42', '2022-12-02 13:32:42', 1953),
(793, 4, 'li', 'Valid', '2022-12-02 13:32:42', 'First name LAST NAME', '2022-12-02 13:32:42', '2022-12-02 13:32:42', 1952),
(794, 3, 'qzdqzd', 'Evaluated', '2022-12-02 13:32:51', 'First name LAST NAME', '2022-12-02 13:32:51', '2022-12-02 13:32:51', 1967),
(795, 2, 'ff', 'Valid', '2022-12-02 13:32:51', 'First name LAST NAME', '2022-12-02 13:32:51', '2022-12-02 13:32:51', 1969),
(796, 0, 'ddd', 'Evaluated', '2022-12-02 13:32:51', 'First name LAST NAME', '2022-12-02 13:32:51', '2022-12-02 13:32:51', 1966),
(797, 2, 'non', 'Valid', '2022-12-02 13:32:51', 'First name LAST NAME', '2022-12-02 13:32:51', '2022-12-02 13:32:51', 1954),
(798, 2, 'done', 'Valid', '2022-12-02 13:32:51', 'First name LAST NAME', '2022-12-02 13:32:51', '2022-12-02 13:32:51', 1953),
(799, 4, 'li', 'Valid', '2022-12-02 13:32:51', 'First name LAST NAME', '2022-12-02 13:32:51', '2022-12-02 13:32:51', 1952),
(800, 2, 'ff', 'Valid', '2022-12-02 13:33:09', 'First name LAST NAME', '2022-12-02 13:33:09', '2022-12-02 13:33:09', 1969),
(801, 3, 'qzdqzd', 'Evaluated', '2022-12-02 13:33:09', 'First name LAST NAME', '2022-12-02 13:33:09', '2022-12-02 13:33:09', 1967),
(802, 0, 'ddd', 'Evaluated', '2022-12-02 13:33:09', 'First name LAST NAME', '2022-12-02 13:33:09', '2022-12-02 13:33:09', 1966),
(803, 4, 'li', 'Valid', '2022-12-02 13:33:09', 'First name LAST NAME', '2022-12-02 13:33:09', '2022-12-02 13:33:09', 1952),
(804, 2, 'non', 'Valid', '2022-12-02 13:33:09', 'First name LAST NAME', '2022-12-02 13:33:09', '2022-12-02 13:33:09', 1954),
(805, 2, 'done', 'Valid', '2022-12-02 13:33:09', 'First name LAST NAME', '2022-12-02 13:33:09', '2022-12-02 13:33:09', 1953),
(806, 2, 'ff', 'Valid', '2022-12-02 13:39:18', 'First name LAST NAME', '2022-12-02 13:39:18', '2022-12-02 13:39:18', 1969),
(807, 3, 'qzdqzd', 'Evaluated', '2022-12-02 13:39:18', 'First name LAST NAME', '2022-12-02 13:39:18', '2022-12-02 13:39:18', 1967),
(808, 0, 'ddd', 'Evaluated', '2022-12-02 13:39:18', 'First name LAST NAME', '2022-12-02 13:39:18', '2022-12-02 13:39:18', 1966),
(809, 2, 'done', 'Valid', '2022-12-02 13:39:18', 'First name LAST NAME', '2022-12-02 13:39:18', '2022-12-02 13:39:18', 1953),
(810, 2, 'non', 'Valid', '2022-12-02 13:39:18', 'First name LAST NAME', '2022-12-02 13:39:18', '2022-12-02 13:39:18', 1954),
(811, 4, 'li', 'Valid', '2022-12-02 13:39:18', 'First name LAST NAME', '2022-12-02 13:39:18', '2022-12-02 13:39:18', 1952),
(812, 2, 'ff', 'Valid', '2022-12-02 13:39:28', 'First name LAST NAME', '2022-12-02 13:39:28', '2022-12-02 13:39:28', 1969),
(813, 0, 'ddd', 'Evaluated', '2022-12-02 13:39:28', 'First name LAST NAME', '2022-12-02 13:39:28', '2022-12-02 13:39:28', 1966),
(814, 3, 'qzdqzd', 'Evaluated', '2022-12-02 13:39:28', 'First name LAST NAME', '2022-12-02 13:39:28', '2022-12-02 13:39:28', 1967),
(815, 2, 'non', 'Valid', '2022-12-02 13:39:28', 'First name LAST NAME', '2022-12-02 13:39:28', '2022-12-02 13:39:28', 1954),
(816, 2, 'done', 'Valid', '2022-12-02 13:39:28', 'First name LAST NAME', '2022-12-02 13:39:28', '2022-12-02 13:39:28', 1953),
(817, 4, 'li', 'Valid', '2022-12-02 13:39:28', 'First name LAST NAME', '2022-12-02 13:39:28', '2022-12-02 13:39:28', 1952),
(818, 2, 'ff', 'Valid', '2022-12-02 13:39:36', 'First name LAST NAME', '2022-12-02 13:39:36', '2022-12-02 13:39:36', 1969),
(819, 0, 'ddd', 'Evaluated', '2022-12-02 13:39:36', 'First name LAST NAME', '2022-12-02 13:39:36', '2022-12-02 13:39:36', 1966),
(820, 3, 'qzdqzd', 'Evaluated', '2022-12-02 13:39:36', 'First name LAST NAME', '2022-12-02 13:39:36', '2022-12-02 13:39:36', 1967),
(821, 4, 'li', 'Valid', '2022-12-02 13:39:36', 'First name LAST NAME', '2022-12-02 13:39:36', '2022-12-02 13:39:36', 1952),
(822, 2, 'non', 'Valid', '2022-12-02 13:39:36', 'First name LAST NAME', '2022-12-02 13:39:36', '2022-12-02 13:39:36', 1954),
(823, 2, 'done', 'Valid', '2022-12-02 13:39:36', 'First name LAST NAME', '2022-12-02 13:39:36', '2022-12-02 13:39:36', 1953),
(824, 2, 'ff', 'Valid', '2022-12-02 13:41:11', 'First name LAST NAME', '2022-12-02 13:41:11', '2022-12-02 13:41:11', 1969),
(825, 3, 'qzdqzd', 'Evaluated', '2022-12-02 13:41:11', 'First name LAST NAME', '2022-12-02 13:41:11', '2022-12-02 13:41:11', 1967),
(826, 0, 'ddd', 'Evaluated', '2022-12-02 13:41:11', 'First name LAST NAME', '2022-12-02 13:41:11', '2022-12-02 13:41:11', 1966),
(827, 2, 'non', 'Valid', '2022-12-02 13:41:11', 'First name LAST NAME', '2022-12-02 13:41:11', '2022-12-02 13:41:11', 1954),
(828, 2, 'done', 'Valid', '2022-12-02 13:41:11', 'First name LAST NAME', '2022-12-02 13:41:11', '2022-12-02 13:41:11', 1953),
(829, 4, 'li', 'Valid', '2022-12-02 13:41:11', 'First name LAST NAME', '2022-12-02 13:41:11', '2022-12-02 13:41:11', 1952),
(830, 2, 'ff', 'Valid', '2022-12-02 13:41:20', 'First name LAST NAME', '2022-12-02 13:41:20', '2022-12-02 13:41:20', 1969),
(831, 3, 'qzdqzd', 'Evaluated', '2022-12-02 13:41:20', 'First name LAST NAME', '2022-12-02 13:41:20', '2022-12-02 13:41:20', 1967),
(832, 0, 'ddd', 'Evaluated', '2022-12-02 13:41:20', 'First name LAST NAME', '2022-12-02 13:41:20', '2022-12-02 13:41:20', 1966),
(833, 2, 'non', 'Valid', '2022-12-02 13:41:20', 'First name LAST NAME', '2022-12-02 13:41:20', '2022-12-02 13:41:20', 1954),
(834, 2, 'done', 'Valid', '2022-12-02 13:41:20', 'First name LAST NAME', '2022-12-02 13:41:20', '2022-12-02 13:41:20', 1953),
(835, 4, 'li', 'Valid', '2022-12-02 13:41:20', 'First name LAST NAME', '2022-12-02 13:41:20', '2022-12-02 13:41:20', 1952),
(836, 2, 'ff', 'Valid', '2022-12-02 13:41:30', 'First name LAST NAME', '2022-12-02 13:41:30', '2022-12-02 13:41:30', 1969),
(837, 3, 'qzdqzd', 'Evaluated', '2022-12-02 13:41:30', 'First name LAST NAME', '2022-12-02 13:41:30', '2022-12-02 13:41:30', 1967),
(838, 0, 'ddd', 'Evaluated', '2022-12-02 13:41:30', 'First name LAST NAME', '2022-12-02 13:41:30', '2022-12-02 13:41:30', 1966),
(839, 2, 'non', 'Valid', '2022-12-02 13:41:30', 'First name LAST NAME', '2022-12-02 13:41:30', '2022-12-02 13:41:30', 1954),
(840, 2, 'done', 'Valid', '2022-12-02 13:41:30', 'First name LAST NAME', '2022-12-02 13:41:30', '2022-12-02 13:41:30', 1953),
(841, 4, 'li', 'Valid', '2022-12-02 13:41:30', 'First name LAST NAME', '2022-12-02 13:41:30', '2022-12-02 13:41:30', 1952),
(842, 2, 'ff', 'Valid', '2022-12-02 13:41:38', 'First name LAST NAME', '2022-12-02 13:41:38', '2022-12-02 13:41:38', 1969),
(843, 3, 'qzdqzd', 'Evaluated', '2022-12-02 13:41:38', 'First name LAST NAME', '2022-12-02 13:41:38', '2022-12-02 13:41:38', 1967),
(844, 0, 'ddd', 'Evaluated', '2022-12-02 13:41:38', 'First name LAST NAME', '2022-12-02 13:41:38', '2022-12-02 13:41:38', 1966),
(845, 2, 'non', 'Valid', '2022-12-02 13:41:38', 'First name LAST NAME', '2022-12-02 13:41:38', '2022-12-02 13:41:38', 1954),
(846, 2, 'done', 'Valid', '2022-12-02 13:41:38', 'First name LAST NAME', '2022-12-02 13:41:38', '2022-12-02 13:41:38', 1953),
(847, 4, 'li', 'Valid', '2022-12-02 13:41:38', 'First name LAST NAME', '2022-12-02 13:41:38', '2022-12-02 13:41:38', 1952),
(848, 2, 'ff', 'Valid', '2022-12-02 13:42:11', 'First name LAST NAME', '2022-12-02 13:42:11', '2022-12-02 13:42:11', 1969),
(849, 3, 'qzdqzd', 'Evaluated', '2022-12-02 13:42:11', 'First name LAST NAME', '2022-12-02 13:42:11', '2022-12-02 13:42:11', 1967),
(850, 0, 'ddd', 'Evaluated', '2022-12-02 13:42:11', 'First name LAST NAME', '2022-12-02 13:42:11', '2022-12-02 13:42:11', 1966);
INSERT INTO `SkillEvaluationHistory` (`id`, `level`, `evaluationEvidence`, `status`, `updateDate`, `evaluatorFullname`, `createdAt`, `updatedAt`, `evaluationId`) VALUES
(851, 2, 'non', 'Valid', '2022-12-02 13:42:11', 'First name LAST NAME', '2022-12-02 13:42:11', '2022-12-02 13:42:11', 1954),
(852, 2, 'done', 'Valid', '2022-12-02 13:42:11', 'First name LAST NAME', '2022-12-02 13:42:11', '2022-12-02 13:42:11', 1953),
(853, 4, 'li', 'Valid', '2022-12-02 13:42:11', 'First name LAST NAME', '2022-12-02 13:42:11', '2022-12-02 13:42:11', 1952),
(854, 2, 'ff', 'Valid', '2022-12-02 13:42:19', 'First name LAST NAME', '2022-12-02 13:42:19', '2022-12-02 13:42:19', 1969),
(855, 3, 'qzdqzd', 'Evaluated', '2022-12-02 13:42:19', 'First name LAST NAME', '2022-12-02 13:42:19', '2022-12-02 13:42:19', 1967),
(856, 0, 'ddd', 'Evaluated', '2022-12-02 13:42:19', 'First name LAST NAME', '2022-12-02 13:42:19', '2022-12-02 13:42:19', 1966),
(857, 2, 'non', 'Valid', '2022-12-02 13:42:19', 'First name LAST NAME', '2022-12-02 13:42:20', '2022-12-02 13:42:20', 1954),
(858, 2, 'done', 'Valid', '2022-12-02 13:42:19', 'First name LAST NAME', '2022-12-02 13:42:20', '2022-12-02 13:42:20', 1953),
(859, 4, 'li', 'Valid', '2022-12-02 13:42:20', 'First name LAST NAME', '2022-12-02 13:42:20', '2022-12-02 13:42:20', 1952),
(860, 2, 'ff', 'Valid', '2022-12-02 13:42:34', 'First name LAST NAME', '2022-12-02 13:42:34', '2022-12-02 13:42:34', 1969),
(861, 3, 'qzdqzd', 'Evaluated', '2022-12-02 13:42:34', 'First name LAST NAME', '2022-12-02 13:42:34', '2022-12-02 13:42:34', 1967),
(862, 0, 'ddd', 'Evaluated', '2022-12-02 13:42:34', 'First name LAST NAME', '2022-12-02 13:42:34', '2022-12-02 13:42:34', 1966),
(863, 2, 'non', 'Valid', '2022-12-02 13:42:34', 'First name LAST NAME', '2022-12-02 13:42:34', '2022-12-02 13:42:34', 1954),
(864, 2, 'done', 'Valid', '2022-12-02 13:42:34', 'First name LAST NAME', '2022-12-02 13:42:34', '2022-12-02 13:42:34', 1953),
(865, 4, 'li', 'Valid', '2022-12-02 13:42:34', 'First name LAST NAME', '2022-12-02 13:42:34', '2022-12-02 13:42:34', 1952),
(866, 2, 'ff', 'Valid', '2022-12-02 13:44:44', 'First name LAST NAME', '2022-12-02 13:44:44', '2022-12-02 13:44:44', 1969),
(867, 3, 'qzdqzd', 'Evaluated', '2022-12-02 13:44:44', 'First name LAST NAME', '2022-12-02 13:44:44', '2022-12-02 13:44:44', 1967),
(868, 0, 'ddd', 'Evaluated', '2022-12-02 13:44:44', 'First name LAST NAME', '2022-12-02 13:44:44', '2022-12-02 13:44:44', 1966),
(869, 2, 'non', 'Valid', '2022-12-02 13:44:44', 'First name LAST NAME', '2022-12-02 13:44:44', '2022-12-02 13:44:44', 1954),
(870, 2, 'done', 'Valid', '2022-12-02 13:44:44', 'First name LAST NAME', '2022-12-02 13:44:44', '2022-12-02 13:44:44', 1953),
(871, 4, 'li', 'Valid', '2022-12-02 13:44:44', 'First name LAST NAME', '2022-12-02 13:44:44', '2022-12-02 13:44:44', 1952),
(872, 2, 'ff', 'Valid', '2022-12-02 13:44:56', 'First name LAST NAME', '2022-12-02 13:44:57', '2022-12-02 13:44:57', 1969),
(873, 3, 'qzdqzd', 'Evaluated', '2022-12-02 13:44:56', 'First name LAST NAME', '2022-12-02 13:44:57', '2022-12-02 13:44:57', 1967),
(874, 0, 'ddd', 'Evaluated', '2022-12-02 13:44:57', 'First name LAST NAME', '2022-12-02 13:44:57', '2022-12-02 13:44:57', 1966),
(875, 2, 'done', 'Valid', '2022-12-02 13:44:57', 'First name LAST NAME', '2022-12-02 13:44:57', '2022-12-02 13:44:57', 1953),
(876, 4, 'li', 'Valid', '2022-12-02 13:44:57', 'First name LAST NAME', '2022-12-02 13:44:57', '2022-12-02 13:44:57', 1952),
(877, 2, 'non', 'Valid', '2022-12-02 13:44:57', 'First name LAST NAME', '2022-12-02 13:44:57', '2022-12-02 13:44:57', 1954),
(878, 1, 'annual eval\n', 'Valid', '2022-12-02 14:24:50', 'Sahar BEJI ', '2022-12-02 14:24:50', '2022-12-02 14:24:50', 1385),
(879, 2, 'TEST', 'Evaluated', '2022-12-02 14:24:50', 'Sahar BEJI ', '2022-12-02 14:24:50', '2022-12-02 14:24:50', 80),
(880, 0, 'annual eval', 'Valid', '2022-12-02 14:24:50', 'Sahar BEJI ', '2022-12-02 14:24:50', '2022-12-02 14:24:50', 27),
(881, 2, 'test', 'Evaluated', '2022-12-02 14:24:50', 'Sahar BEJI ', '2022-12-02 14:24:50', '2022-12-02 14:24:50', 22),
(882, 2, 'TEST', 'Evaluated', '2022-12-02 14:25:02', 'Sahar BEJI ', '2022-12-02 14:25:02', '2022-12-02 14:25:02', 80),
(883, 1, 'annual eval\n', 'Valid', '2022-12-02 14:25:02', 'Sahar BEJI ', '2022-12-02 14:25:02', '2022-12-02 14:25:02', 1385),
(884, 2, 'test', 'Evaluated', '2022-12-02 14:25:02', 'Sahar BEJI ', '2022-12-02 14:25:02', '2022-12-02 14:25:02', 22),
(885, 0, 'annual eval', 'Valid', '2022-12-02 14:25:02', 'Sahar BEJI ', '2022-12-02 14:25:02', '2022-12-02 14:25:02', 27),
(886, 1, 'annual eval\n', 'Valid', '2022-12-02 14:25:11', 'Sahar BEJI ', '2022-12-02 14:25:11', '2022-12-02 14:25:11', 1385),
(887, 2, 'TEST', 'Evaluated', '2022-12-02 14:25:11', 'Sahar BEJI ', '2022-12-02 14:25:11', '2022-12-02 14:25:11', 80),
(888, 2, 'test', 'Evaluated', '2022-12-02 14:25:11', 'Sahar BEJI ', '2022-12-02 14:25:11', '2022-12-02 14:25:11', 22),
(889, 0, 'annual eval', 'Valid', '2022-12-02 14:25:11', 'Sahar BEJI ', '2022-12-02 14:25:11', '2022-12-02 14:25:11', 27),
(890, 1, 'annual eval\n', 'Valid', '2022-12-02 14:26:05', 'Sahar BEJI ', '2022-12-02 14:26:05', '2022-12-02 14:26:05', 1385),
(891, 2, 'TEST', 'Evaluated', '2022-12-02 14:26:05', 'Sahar BEJI ', '2022-12-02 14:26:05', '2022-12-02 14:26:05', 80),
(892, 2, 'test', 'Evaluated', '2022-12-02 14:26:05', 'Sahar BEJI ', '2022-12-02 14:26:05', '2022-12-02 14:26:05', 22),
(893, 0, 'annual eval', 'Valid', '2022-12-02 14:26:05', 'Sahar BEJI ', '2022-12-02 14:26:06', '2022-12-02 14:26:06', 27),
(894, 2, 'test', 'Evaluated', '2022-12-02 14:26:15', 'Sahar BEJI ', '2022-12-02 14:26:15', '2022-12-02 14:26:15', 22),
(895, 1, 'annual eval\n', 'Valid', '2022-12-02 14:26:15', 'Sahar BEJI ', '2022-12-02 14:26:15', '2022-12-02 14:26:15', 1385),
(896, 0, 'annual eval', 'Valid', '2022-12-02 14:26:15', 'Sahar BEJI ', '2022-12-02 14:26:15', '2022-12-02 14:26:15', 27),
(897, 2, 'TEST', 'Evaluated', '2022-12-02 14:26:15', 'Sahar BEJI ', '2022-12-02 14:26:15', '2022-12-02 14:26:15', 80),
(898, 1, 'annual eval\n', 'Valid', '2022-12-02 14:26:23', 'Sahar BEJI ', '2022-12-02 14:26:23', '2022-12-02 14:26:23', 1385),
(899, 2, 'test', 'Evaluated', '2022-12-02 14:26:23', 'Sahar BEJI ', '2022-12-02 14:26:23', '2022-12-02 14:26:23', 22),
(900, 0, 'annual eval', 'Valid', '2022-12-02 14:26:23', 'Sahar BEJI ', '2022-12-02 14:26:23', '2022-12-02 14:26:23', 27),
(901, 1, 'annual eval\n', 'Valid', '2022-12-02 14:26:35', 'Sahar BEJI ', '2022-12-02 14:26:35', '2022-12-02 14:26:35', 1385),
(902, 2, 'test', 'Evaluated', '2022-12-02 14:26:35', 'Sahar BEJI ', '2022-12-02 14:26:35', '2022-12-02 14:26:35', 22),
(903, 0, 'annual eval', 'Valid', '2022-12-02 14:26:35', 'Sahar BEJI ', '2022-12-02 14:26:35', '2022-12-02 14:26:35', 27),
(904, 1, 'annual eval\n', 'Valid', '2022-12-02 14:26:46', 'Sahar BEJI ', '2022-12-02 14:26:46', '2022-12-02 14:26:46', 1385),
(905, 2, 'test', 'Evaluated', '2022-12-02 14:26:46', 'Sahar BEJI ', '2022-12-02 14:26:46', '2022-12-02 14:26:46', 22),
(906, 0, 'annual eval', 'Valid', '2022-12-02 14:26:46', 'Sahar BEJI ', '2022-12-02 14:26:46', '2022-12-02 14:26:46', 27),
(907, 1, 'annual eval\n', 'Valid', '2022-12-02 14:26:52', 'Sahar BEJI ', '2022-12-02 14:26:52', '2022-12-02 14:26:52', 1385),
(908, 0, 'annual eval', 'Valid', '2022-12-02 14:26:52', 'Sahar BEJI ', '2022-12-02 14:26:52', '2022-12-02 14:26:52', 27),
(909, 2, 'test', 'Evaluated', '2022-12-02 14:26:52', 'Sahar BEJI ', '2022-12-02 14:26:52', '2022-12-02 14:26:52', 22),
(910, 2, 'test', 'Evaluated', '2022-12-02 14:27:11', 'Sahar BEJI ', '2022-12-02 14:27:11', '2022-12-02 14:27:11', 22),
(911, 1, 'annual eval\n', 'Valid', '2022-12-02 14:27:11', 'Sahar BEJI ', '2022-12-02 14:27:11', '2022-12-02 14:27:11', 1385),
(912, 0, 'annual eval', 'Valid', '2022-12-02 14:27:11', 'Sahar BEJI ', '2022-12-02 14:27:11', '2022-12-02 14:27:11', 27),
(913, 1, 'annual eval\n', 'Valid', '2022-12-02 14:28:26', 'Sahar BEJI ', '2022-12-02 14:28:26', '2022-12-02 14:28:26', 1385),
(914, 2, 'test', 'Evaluated', '2022-12-02 14:28:26', 'Sahar BEJI ', '2022-12-02 14:28:26', '2022-12-02 14:28:26', 22),
(915, 0, 'annual eval', 'Valid', '2022-12-02 14:28:26', 'Sahar BEJI ', '2022-12-02 14:28:26', '2022-12-02 14:28:26', 27),
(916, 1, 'annual eval\n', 'Valid', '2022-12-02 14:29:58', 'Sahar BEJI ', '2022-12-02 14:29:58', '2022-12-02 14:29:58', 1385),
(917, 2, 'test', 'Evaluated', '2022-12-02 14:29:58', 'Sahar BEJI ', '2022-12-02 14:29:58', '2022-12-02 14:29:58', 22),
(918, 0, 'annual eval', 'Valid', '2022-12-02 14:29:58', 'Sahar BEJI ', '2022-12-02 14:29:58', '2022-12-02 14:29:58', 27),
(919, 1, 'annual eval\n', 'Valid', '2022-12-02 14:33:34', 'Sahar BEJI ', '2022-12-02 14:33:34', '2022-12-02 14:33:34', 1385),
(920, 2, 'test', 'Evaluated', '2022-12-02 14:33:34', 'Sahar BEJI ', '2022-12-02 14:33:34', '2022-12-02 14:33:34', 22),
(921, 0, 'annual eval', 'Valid', '2022-12-02 14:33:34', 'Sahar BEJI ', '2022-12-02 14:33:34', '2022-12-02 14:33:34', 27),
(922, 1, 'annual eval\n', 'Valid', '2022-12-02 14:37:23', 'Sahar BEJI ', '2022-12-02 14:37:23', '2022-12-02 14:37:23', 1385),
(923, 2, 'test', 'Evaluated', '2022-12-02 14:37:23', 'Sahar BEJI ', '2022-12-02 14:37:23', '2022-12-02 14:37:23', 22),
(924, 0, 'annual eval', 'Valid', '2022-12-02 14:37:23', 'Sahar BEJI ', '2022-12-02 14:37:23', '2022-12-02 14:37:23', 27),
(925, 1, 'annual eval\n', 'Valid', '2022-12-02 14:37:23', 'Sahar BEJI ', '2022-12-02 14:37:23', '2022-12-02 14:37:23', 1385),
(926, 0, 'annual eval', 'Valid', '2022-12-02 14:37:23', 'Sahar BEJI ', '2022-12-02 14:37:24', '2022-12-02 14:37:24', 27),
(927, 2, 'test', 'Evaluated', '2022-12-02 14:37:23', 'Sahar BEJI ', '2022-12-02 14:37:24', '2022-12-02 14:37:24', 22),
(928, 1, 'annual eval\n', 'Valid', '2022-12-02 14:38:45', 'Sahar BEJI ', '2022-12-02 14:38:45', '2022-12-02 14:38:45', 1385),
(929, 2, 'test', 'Evaluated', '2022-12-02 14:38:45', 'Sahar BEJI ', '2022-12-02 14:38:45', '2022-12-02 14:38:45', 22),
(930, 0, 'annual eval', 'Valid', '2022-12-02 14:38:45', 'Sahar BEJI ', '2022-12-02 14:38:45', '2022-12-02 14:38:45', 27),
(931, 1, 'annual eval\n', 'Valid', '2022-12-02 14:38:46', 'Sahar BEJI ', '2022-12-02 14:38:46', '2022-12-02 14:38:46', 1385),
(932, 2, 'test', 'Evaluated', '2022-12-02 14:38:46', 'Sahar BEJI ', '2022-12-02 14:38:46', '2022-12-02 14:38:46', 22),
(933, 0, 'annual eval', 'Valid', '2022-12-02 14:38:46', 'Sahar BEJI ', '2022-12-02 14:38:46', '2022-12-02 14:38:46', 27),
(934, 1, 'annual eval\n', 'Valid', '2022-12-02 14:40:46', 'Sahar BEJI ', '2022-12-02 14:40:46', '2022-12-02 14:40:46', 1385),
(935, 2, 'test', 'Evaluated', '2022-12-02 14:40:46', 'Sahar BEJI ', '2022-12-02 14:40:46', '2022-12-02 14:40:46', 22),
(936, 0, 'annual eval', 'Valid', '2022-12-02 14:40:46', 'Sahar BEJI ', '2022-12-02 14:40:46', '2022-12-02 14:40:46', 27),
(937, 1, 'annual eval\n', 'Valid', '2022-12-02 14:40:46', 'Sahar BEJI ', '2022-12-02 14:40:46', '2022-12-02 14:40:46', 1385),
(938, 0, 'annual eval', 'Valid', '2022-12-02 14:40:46', 'Sahar BEJI ', '2022-12-02 14:40:46', '2022-12-02 14:40:46', 27),
(939, 2, 'test', 'Evaluated', '2022-12-02 14:40:46', 'Sahar BEJI ', '2022-12-02 14:40:46', '2022-12-02 14:40:46', 22),
(940, 2, 'TEST', 'Evaluated', '2022-12-02 16:08:17', 'Sahar BEJI ', '2022-12-02 16:08:17', '2022-12-02 16:08:17', 80),
(941, 2, 'TEST', 'Evaluated', '2022-12-02 16:08:17', 'Sahar BEJI ', '2022-12-02 16:08:17', '2022-12-02 16:08:17', 80),
(942, 1, 'annual eval\n', 'Valid', '2022-12-02 16:08:17', 'Sahar BEJI ', '2022-12-02 16:08:17', '2022-12-02 16:08:17', 1385),
(943, 2, 'test', 'Evaluated', '2022-12-02 16:08:17', 'Sahar BEJI ', '2022-12-02 16:08:17', '2022-12-02 16:08:17', 22),
(944, 0, 'annual eval', 'Valid', '2022-12-02 16:08:17', 'Sahar BEJI ', '2022-12-02 16:08:17', '2022-12-02 16:08:17', 27),
(945, 2, 'TEST', 'Evaluated', '2022-12-02 16:08:28', 'Sahar BEJI ', '2022-12-02 16:08:28', '2022-12-02 16:08:28', 80),
(946, 1, 'annual eval\n', 'Valid', '2022-12-02 16:08:28', 'Sahar BEJI ', '2022-12-02 16:08:28', '2022-12-02 16:08:28', 1385),
(947, 0, 'annual eval', 'Valid', '2022-12-02 16:08:28', 'Sahar BEJI ', '2022-12-02 16:08:28', '2022-12-02 16:08:28', 27),
(948, 2, 'test', 'Evaluated', '2022-12-02 16:08:28', 'Sahar BEJI ', '2022-12-02 16:08:28', '2022-12-02 16:08:28', 22),
(949, 2, 'TEST', 'Evaluated', '2022-12-02 16:08:42', 'Sahar BEJI ', '2022-12-02 16:08:42', '2022-12-02 16:08:42', 80),
(950, 2, 'test', 'Evaluated', '2022-12-02 16:08:42', 'Sahar BEJI ', '2022-12-02 16:08:42', '2022-12-02 16:08:42', 22),
(951, 1, 'annual eval\n', 'Valid', '2022-12-02 16:08:42', 'Sahar BEJI ', '2022-12-02 16:08:42', '2022-12-02 16:08:42', 1385),
(952, 0, 'annual eval', 'Valid', '2022-12-02 16:08:42', 'Sahar BEJI ', '2022-12-02 16:08:42', '2022-12-02 16:08:42', 27),
(953, 2, 'TEST', 'Evaluated', '2022-12-02 16:08:59', 'Sahar BEJI ', '2022-12-02 16:08:59', '2022-12-02 16:08:59', 80),
(954, 1, 'annual eval\n', 'Valid', '2022-12-02 16:08:59', 'Sahar BEJI ', '2022-12-02 16:08:59', '2022-12-02 16:08:59', 1385),
(955, 0, 'annual eval', 'Valid', '2022-12-02 16:08:59', 'Sahar BEJI ', '2022-12-02 16:08:59', '2022-12-02 16:08:59', 27),
(956, 2, 'test', 'Evaluated', '2022-12-02 16:08:59', 'Sahar BEJI ', '2022-12-02 16:08:59', '2022-12-02 16:08:59', 22),
(957, 2, 'TEST', 'Evaluated', '2022-12-02 16:09:22', 'Sahar BEJI ', '2022-12-02 16:09:22', '2022-12-02 16:09:22', 80),
(958, 1, 'annual eval\n', 'Valid', '2022-12-02 16:09:22', 'Sahar BEJI ', '2022-12-02 16:09:23', '2022-12-02 16:09:23', 1385),
(959, 2, 'test', 'Evaluated', '2022-12-02 16:09:22', 'Sahar BEJI ', '2022-12-02 16:09:23', '2022-12-02 16:09:23', 22),
(960, 0, 'annual eval', 'Valid', '2022-12-02 16:09:23', 'Sahar BEJI ', '2022-12-02 16:09:23', '2022-12-02 16:09:23', 27),
(961, 2, 'TEST', 'Evaluated', '2022-12-02 16:09:29', 'Sahar BEJI ', '2022-12-02 16:09:29', '2022-12-02 16:09:29', 80),
(962, 1, 'annual eval\n', 'Valid', '2022-12-02 16:09:30', 'Sahar BEJI ', '2022-12-02 16:09:30', '2022-12-02 16:09:30', 1385),
(963, 2, 'test', 'Evaluated', '2022-12-02 16:09:30', 'Sahar BEJI ', '2022-12-02 16:09:30', '2022-12-02 16:09:30', 22),
(964, 0, 'annual eval', 'Valid', '2022-12-02 16:09:30', 'Sahar BEJI ', '2022-12-02 16:09:30', '2022-12-02 16:09:30', 27),
(965, 2, 'TEST', 'Evaluated', '2022-12-02 16:09:40', 'Sahar BEJI ', '2022-12-02 16:09:40', '2022-12-02 16:09:40', 80),
(966, 1, 'annual eval\n', 'Valid', '2022-12-02 16:09:40', 'Sahar BEJI ', '2022-12-02 16:09:40', '2022-12-02 16:09:40', 1385),
(967, 2, 'test', 'Evaluated', '2022-12-02 16:09:40', 'Sahar BEJI ', '2022-12-02 16:09:40', '2022-12-02 16:09:40', 22),
(968, 0, 'annual eval', 'Valid', '2022-12-02 16:09:40', 'Sahar BEJI ', '2022-12-02 16:09:40', '2022-12-02 16:09:40', 27),
(969, 2, 'TEST', 'Evaluated', '2022-12-02 16:09:54', 'Sahar BEJI ', '2022-12-02 16:09:54', '2022-12-02 16:09:54', 80),
(970, 1, 'annual eval\n', 'Valid', '2022-12-02 16:09:54', 'Sahar BEJI ', '2022-12-02 16:09:54', '2022-12-02 16:09:54', 1385),
(971, 2, 'test', 'Evaluated', '2022-12-02 16:09:54', 'Sahar BEJI ', '2022-12-02 16:09:54', '2022-12-02 16:09:54', 22),
(972, 0, 'annual eval', 'Valid', '2022-12-02 16:09:54', 'Sahar BEJI ', '2022-12-02 16:09:54', '2022-12-02 16:09:54', 27),
(973, 2, 'ff', 'Valid', '2022-12-02 16:18:01', 'First name LAST NAME', '2022-12-02 16:18:01', '2022-12-02 16:18:01', 1969),
(974, 3, 'qzdqzd', 'Evaluated', '2022-12-02 16:18:01', 'First name LAST NAME', '2022-12-02 16:18:01', '2022-12-02 16:18:01', 1967),
(975, 0, 'ddd', 'Evaluated', '2022-12-02 16:18:01', 'First name LAST NAME', '2022-12-02 16:18:01', '2022-12-02 16:18:01', 1966),
(976, 2, 'non', 'Valid', '2022-12-02 16:18:01', 'First name LAST NAME', '2022-12-02 16:18:01', '2022-12-02 16:18:01', 1954),
(977, 2, 'done', 'Valid', '2022-12-02 16:18:01', 'First name LAST NAME', '2022-12-02 16:18:01', '2022-12-02 16:18:01', 1953),
(978, 4, 'li', 'Valid', '2022-12-02 16:18:01', 'First name LAST NAME', '2022-12-02 16:18:01', '2022-12-02 16:18:01', 1952),
(979, 3, 'qzdqzd', 'Evaluated', '2022-12-02 16:18:13', 'First name LAST NAME', '2022-12-02 16:18:13', '2022-12-02 16:18:13', 1967),
(980, 2, 'ff', 'Valid', '2022-12-02 16:18:13', 'First name LAST NAME', '2022-12-02 16:18:13', '2022-12-02 16:18:13', 1969),
(981, 0, 'ddd', 'Evaluated', '2022-12-02 16:18:13', 'First name LAST NAME', '2022-12-02 16:18:13', '2022-12-02 16:18:13', 1966),
(982, 2, 'non', 'Valid', '2022-12-02 16:18:13', 'First name LAST NAME', '2022-12-02 16:18:13', '2022-12-02 16:18:13', 1954),
(983, 2, 'done', 'Valid', '2022-12-02 16:18:13', 'First name LAST NAME', '2022-12-02 16:18:13', '2022-12-02 16:18:13', 1953),
(984, 4, 'li', 'Valid', '2022-12-02 16:18:13', 'First name LAST NAME', '2022-12-02 16:18:13', '2022-12-02 16:18:13', 1952),
(985, 2, 'ff', 'Valid', '2022-12-02 16:18:32', 'First name LAST NAME', '2022-12-02 16:18:32', '2022-12-02 16:18:32', 1969),
(986, 3, 'qzdqzd', 'Evaluated', '2022-12-02 16:18:32', 'First name LAST NAME', '2022-12-02 16:18:32', '2022-12-02 16:18:32', 1967),
(987, 0, 'ddd', 'Evaluated', '2022-12-02 16:18:32', 'First name LAST NAME', '2022-12-02 16:18:32', '2022-12-02 16:18:32', 1966),
(988, 2, 'non', 'Valid', '2022-12-02 16:18:32', 'First name LAST NAME', '2022-12-02 16:18:33', '2022-12-02 16:18:33', 1954),
(989, 2, 'done', 'Valid', '2022-12-02 16:18:33', 'First name LAST NAME', '2022-12-02 16:18:33', '2022-12-02 16:18:33', 1953),
(990, 4, 'li', 'Valid', '2022-12-02 16:18:33', 'First name LAST NAME', '2022-12-02 16:18:33', '2022-12-02 16:18:33', 1952),
(991, 3, 'qzdqzd', 'Evaluated', '2022-12-02 16:18:41', 'First name LAST NAME', '2022-12-02 16:18:41', '2022-12-02 16:18:41', 1967),
(992, 2, 'ff', 'Valid', '2022-12-02 16:18:41', 'First name LAST NAME', '2022-12-02 16:18:41', '2022-12-02 16:18:41', 1969),
(993, 0, 'ddd', 'Evaluated', '2022-12-02 16:18:41', 'First name LAST NAME', '2022-12-02 16:18:41', '2022-12-02 16:18:41', 1966),
(994, 2, 'non', 'Valid', '2022-12-02 16:18:41', 'First name LAST NAME', '2022-12-02 16:18:41', '2022-12-02 16:18:41', 1954),
(995, 2, 'done', 'Valid', '2022-12-02 16:18:41', 'First name LAST NAME', '2022-12-02 16:18:41', '2022-12-02 16:18:41', 1953),
(996, 4, 'li', 'Valid', '2022-12-02 16:18:41', 'First name LAST NAME', '2022-12-02 16:18:41', '2022-12-02 16:18:41', 1952),
(997, 2, 'ff', 'Valid', '2022-12-02 16:19:01', 'First name LAST NAME', '2022-12-02 16:19:01', '2022-12-02 16:19:01', 1969),
(998, 3, 'qzdqzd', 'Evaluated', '2022-12-02 16:19:01', 'First name LAST NAME', '2022-12-02 16:19:01', '2022-12-02 16:19:01', 1967),
(999, 0, 'ddd', 'Evaluated', '2022-12-02 16:19:01', 'First name LAST NAME', '2022-12-02 16:19:01', '2022-12-02 16:19:01', 1966),
(1000, 2, 'non', 'Valid', '2022-12-02 16:19:01', 'First name LAST NAME', '2022-12-02 16:19:01', '2022-12-02 16:19:01', 1954),
(1001, 2, 'done', 'Valid', '2022-12-02 16:19:01', 'First name LAST NAME', '2022-12-02 16:19:01', '2022-12-02 16:19:01', 1953),
(1002, 4, 'li', 'Valid', '2022-12-02 16:19:01', 'First name LAST NAME', '2022-12-02 16:19:01', '2022-12-02 16:19:01', 1952),
(1003, 2, 'ff', 'Valid', '2022-12-02 16:19:09', 'First name LAST NAME', '2022-12-02 16:19:09', '2022-12-02 16:19:09', 1969),
(1004, 3, 'qzdqzd', 'Evaluated', '2022-12-02 16:19:09', 'First name LAST NAME', '2022-12-02 16:19:09', '2022-12-02 16:19:09', 1967),
(1005, 0, 'ddd', 'Evaluated', '2022-12-02 16:19:09', 'First name LAST NAME', '2022-12-02 16:19:09', '2022-12-02 16:19:09', 1966),
(1006, 2, 'non', 'Valid', '2022-12-02 16:19:09', 'First name LAST NAME', '2022-12-02 16:19:09', '2022-12-02 16:19:09', 1954),
(1007, 2, 'done', 'Valid', '2022-12-02 16:19:09', 'First name LAST NAME', '2022-12-02 16:19:09', '2022-12-02 16:19:09', 1953),
(1008, 4, 'li', 'Valid', '2022-12-02 16:19:09', 'First name LAST NAME', '2022-12-02 16:19:09', '2022-12-02 16:19:09', 1952);

-- --------------------------------------------------------

--
-- Structure de la table `User`
--

CREATE TABLE `User` (
  `id` int NOT NULL,
  `email` varchar(255) NOT NULL,
  `password` varchar(255) NOT NULL,
  `firstName` varchar(255) NOT NULL,
  `lastName` varchar(255) NOT NULL,
  `company` varchar(255) NOT NULL,
  `experienceYears` int DEFAULT NULL,
  `availableDate` datetime DEFAULT NULL,
  `sofiaStartWorkDate` datetime DEFAULT NULL,
  `frResumePath` varchar(255) DEFAULT NULL,
  `pertinentSkill` varchar(255) DEFAULT NULL,
  `frResumeFileName` varchar(255) DEFAULT NULL,
  `engResumePath` varchar(255) DEFAULT NULL,
  `engResumeFileName` varchar(255) DEFAULT NULL,
  `enabled` tinyint(1) NOT NULL DEFAULT '1',
  `createdAt` datetime NOT NULL,
  `updatedAt` datetime NOT NULL,
  `DepartmentId` int DEFAULT NULL,
  `FunctionId` int DEFAULT NULL,
  `RoleId` int DEFAULT NULL
) ENGINE=InnoDB DEFAULT CHARSET=utf8mb3;

--
-- Déchargement des données de la table `User`
--

INSERT INTO `User` (`id`, `email`, `password`, `firstName`, `lastName`, `company`, `experienceYears`, `availableDate`, `sofiaStartWorkDate`, `frResumePath`, `pertinentSkill`, `frResumeFileName`, `engResumePath`, `engResumeFileName`, `enabled`, `createdAt`, `updatedAt`, `DepartmentId`, `FunctionId`, `RoleId`) VALUES
(7, 'sahar.beji@yopmail.com', 'azertyx', 'Sahar', 'BEJI ', 'SofiaTech', NULL, NULL, NULL, NULL, NULL, NULL, NULL, NULL, 1, '2022-09-12 16:19:00', '2022-09-22 13:39:42', 6, 2, 2),
(9, 'taib.maaoui@yopmail.com.com', '$2b$10$RbNoXTtmHLQeTEONjl/ELOcVYVHUDG67oap/Gvu593BjC9UDRL2C.', 'taib', '-MAAOUI', 'SofiaTech', 3, '2022-09-19 23:00:00', '2022-09-12 23:00:00', 'public/uploads/resumes/french/1665157785688-frResume-CV EN Taib maaoui.docx', 'rrhddrh', 'CV EN Taib maaoui.docx', 'public/uploads/resumes/english/1665157785667-engResume-CV EN Taib maaoui.docx', 'CV EN Taib maaoui.docx', 1, '2022-09-14 10:18:41', '2022-10-27 09:26:10', 9, 6, 1),
(12, 'amina.bouayed@yopmail.com.com', '$2b$10$Cpac64T3pjq.sxzODUxiHuIbax/d8uoq8yFogGjtVBG2odrFrybmy', 'Name', 'LAST NAME', 'SofiaTech', NULL, NULL, NULL, NULL, NULL, NULL, NULL, NULL, 1, '2022-09-15 16:59:32', '2022-11-25 15:07:48', 9, 5, 1),
(13, 'xxxoussamabraham@yopmail.fr', '$2b$10$on0SsAkc1gilK5qrnBeLNuxNTAIqeHmL5sVVQ5QFU9pJiBy12g06u', 'Oussama', 'BRAHAM', 'SofiaTech', NULL, NULL, NULL, NULL, NULL, NULL, NULL, NULL, 1, '2022-09-21 17:26:07', '2022-11-16 11:15:47', 9, 5, 2),
(14, 'fatma.cherif@yopmail.com', '$2b$10$IAOcXY6v7SmXDVmZieWTLeN8gxvq1eT6hNxMYK03WTlEOlOiWsmGy', 'Fatma', 'CHERIF', 'SofiaTech', NULL, NULL, NULL, NULL, NULL, NULL, NULL, NULL, 0, '2022-09-22 13:18:00', '2022-09-22 13:38:57', 7, 8, 2),
(15, 'farah.benmohamed@yopmail.com', '$2b$10$1Z6mlpnIHmjKz0lGHiyp1u9SektgqoFYOrhoLoTWG61UZqwW1R7rW', 'Farah', 'BEN MOHAMED', 'SofiaTech', NULL, NULL, NULL, NULL, NULL, NULL, NULL, NULL, 1, '2022-09-22 13:19:43', '2022-09-22 13:19:43', 17, 10, 2),
(16, 'rim.hammali@yopmail.com', '$2b$10$jO95TiBrLupRzLP.E.9C/.1H1aHZ3bxmscB9kLtFpmW6T0o47dsge', 'Rim', 'HAMMALI', 'SofiaTech', NULL, NULL, NULL, NULL, NULL, NULL, NULL, NULL, 1, '2022-09-22 13:19:43', '2022-09-22 13:19:43', 17, 9, 4),
(17, 'xxxxwifekissaoui@yopmail.com', '$2b$10$Y9CrJrdL7lK1l.uMsykDw.tITZukihQa67MphBr8z5.o4im.Odamq', 'Wifek', 'ISSAOUI', 'SofiaTech', NULL, NULL, NULL, NULL, NULL, NULL, NULL, NULL, 1, '2022-09-23 11:49:01', '2022-09-23 11:49:01', 18, 10, 2),
(18, 'xxxxwifekissaoui@yopmail.com', '$2b$10$fLg7xFkNY1pCVHb3Ujw14.FOSwCOnJUe1JcIjrlpX/BpQjq59p5vu', 'Wifek', 'ISSAOUI', 'SofiaTech', NULL, NULL, NULL, NULL, NULL, NULL, NULL, NULL, 1, '2022-09-23 11:49:13', '2022-09-23 11:49:13', 18, 10, 2),
(19, 'wifekisaoui@yopmail.com', '$2b$10$lIz82Jk6c8VfZRuAWmLU0erTG/bDw8nKuEOqaIaiuJZp2QGAZtMRO', 'wifekK', 'ISSAOUI', 'SofiaTech', NULL, NULL, NULL, NULL, NULL, NULL, NULL, NULL, 1, '2022-09-23 11:49:40', '2022-11-16 11:14:07', 8, 10, 2),
(20, 'wifekisaoui@yopmail.com', '$2b$10$j7HqvNvPWlPz4lJKDPKkUesLEm1TYzG283GQa.Gq0NNyrj3sJlwOi', 'Wifek', 'ISSAOUI', 'SofiaTech', NULL, NULL, NULL, NULL, NULL, NULL, NULL, NULL, 1, '2022-09-23 11:50:58', '2022-09-23 11:50:58', 8, 10, 2),
(21, 'test.user@yopmail.com', '$2b$10$pXK6re4GOx8qffB7YtueAOF36mzBrHlJNmVPL8RqVj./xaIuh5L2W', 'test user', 'TEST ADD USER', 'Sofia Europa', 0, '2022-10-16 23:00:00', '2022-10-04 23:00:00', 'public/uploads/resumes/french/1665157092123-frResume-CV EN Taib maaoui.docx', 'angular', 'CV EN Taib maaoui.docx', 'public/uploads/resumes/english/1665157091973-engResume-CV EN Taib maaoui.docx', 'CV EN Taib maaoui.docx', 1, '2022-09-23 11:51:24', '2022-10-07 15:38:12', 14, 8, 3),
(22, 'taib.maouia@yopmail.com', '$2b$10$bEEAr7PLxpVGAlbrSxaWLuqrhsOpCE5QRNeXnlROqNsKniBORQGES', 'Tasnim', 'TALBI', 'SofiaTech', 0, '2022-10-07 15:54:02', '2022-10-07 15:54:02', NULL, ' ', NULL, NULL, NULL, 1, '2022-09-23 13:27:11', '2022-11-16 11:05:06', 9, 8, 1),
(23, 'taibmaaoui46@yopmail.com', '$2b$10$dJbZwCUFPT9xWDCPjkWxy.QEtwQV0T02MDdDunl1gW0e/r1hSxlDa', 'Sami', 'REZK', 'SofiaTech', 0, '2022-10-24 23:00:00', '2022-10-12 23:00:00', NULL, '', NULL, NULL, NULL, 1, '2022-09-27 10:36:58', '2022-10-07 15:14:40', 9, 4, 3),
(27, 'int.elegence.wp@yopmail.com', '$2b$10$UO53WV6fenDsRXgszbUcDO3chH8prxWHZrPxu6RSR5YIIaw6xxVAm', 'Taib', 'Maouia', 'Sofia Europa', 12, '2022-10-16 23:00:00', '2022-10-24 23:00:00', 'public/uploads/resumes/french/1665155473740-frResume-doc 1.docx', '2*\r\n*2\r\n', 'doc 1.docx', 'public/uploads/resumes/english/1665149789835-engResume-CV EN Taib maaoui.docx', 'CV EN Taib maaoui.docx', 1, '2022-09-27 10:56:32', '2022-11-16 11:04:33', 14, 3, 3),
(28, 'lobna.ghourabi@yopmail.com', '$2b$10$iOexMt3KdpFm.Ki3OuWctuZ9pmP0m6pLEgwUTiN1CFDx5gkF2QlgW', 'Lobna', 'GHOURABI', 'SofiaTech', 0, '2022-11-03 08:05:36', '2022-11-03 08:05:36', NULL, ' ', NULL, 'public/uploads/resumes/english/1665152757313-engResume-doc 1.docx', 'doc 1.docx', 1, '2022-10-07 13:55:23', '2022-11-03 08:05:39', 9, 11, 1),
(29, 'firstname@yopmail.com', '$2b$10$xMXvP49t6JKCxIT0LT7V6.wHk8GpoRX7oVjsBiWRRbY4to7mtVjsi', 'First name', 'LAST NAME', 'SofiaTech', NULL, NULL, NULL, NULL, NULL, NULL, NULL, NULL, 1, '2022-11-16 11:24:17', '2022-11-16 11:24:41', 14, 11, 4),
(44, 'amina.bouayed@yopmail.com', '$2b$10$9SQSJ3HlBIaA8C2MTXDM9eh10btMSpv3iWUz7wSMxPpCKIW/IySq6', 'amina', 'BOUAYED', 'SofiaTech', 0, '2022-12-02 13:16:25', '2022-12-02 13:16:25', NULL, ' ', NULL, NULL, NULL, 1, '2022-11-25 15:09:53', '2022-12-02 13:16:27', 8, 11, 2);

--
-- Index pour les tables déchargées
--

--
-- Index pour la table `Category`
--
ALTER TABLE `Category`
  ADD PRIMARY KEY (`id`);

--
-- Index pour la table `Department`
--
ALTER TABLE `Department`
  ADD PRIMARY KEY (`id`);

--
-- Index pour la table `Function`
--
ALTER TABLE `Function`
  ADD PRIMARY KEY (`id`),
  ADD KEY `DepartmentId` (`DepartmentId`);

--
-- Index pour la table `FunctionSkills`
--
ALTER TABLE `FunctionSkills`
  ADD PRIMARY KEY (`FunctionId`,`SkillId`),
  ADD UNIQUE KEY `FunctionSkills_SkillId_FunctionId_unique` (`FunctionId`,`SkillId`),
  ADD KEY `SkillId` (`SkillId`);

--
-- Index pour la table `Role`
--
ALTER TABLE `Role`
  ADD PRIMARY KEY (`id`);

--
-- Index pour la table `Skill`
--
ALTER TABLE `Skill`
  ADD PRIMARY KEY (`id`),
  ADD KEY `categoryId` (`categoryId`);

--
-- Index pour la table `SkillEvaluation`
--
ALTER TABLE `SkillEvaluation`
  ADD PRIMARY KEY (`id`),
  ADD KEY `skillId` (`skillId`),
  ADD KEY `evaluatorId` (`evaluatorId`),
  ADD KEY `forUser` (`forUser`);

--
-- Index pour la table `SkillEvaluationHistory`
--
ALTER TABLE `SkillEvaluationHistory`
  ADD PRIMARY KEY (`id`),
  ADD KEY `evaluationId` (`evaluationId`);

--
-- Index pour la table `User`
--
ALTER TABLE `User`
  ADD PRIMARY KEY (`id`),
  ADD KEY `DepartmentId` (`DepartmentId`),
  ADD KEY `FunctionId` (`FunctionId`),
  ADD KEY `RoleId` (`RoleId`);

--
-- AUTO_INCREMENT pour les tables déchargées
--

--
-- AUTO_INCREMENT pour la table `Category`
--
ALTER TABLE `Category`
  MODIFY `id` int NOT NULL AUTO_INCREMENT, AUTO_INCREMENT=25;

--
-- AUTO_INCREMENT pour la table `Department`
--
ALTER TABLE `Department`
  MODIFY `id` int NOT NULL AUTO_INCREMENT, AUTO_INCREMENT=19;

--
-- AUTO_INCREMENT pour la table `Function`
--
ALTER TABLE `Function`
  MODIFY `id` int NOT NULL AUTO_INCREMENT, AUTO_INCREMENT=12;

--
-- AUTO_INCREMENT pour la table `Role`
--
ALTER TABLE `Role`
  MODIFY `id` int NOT NULL AUTO_INCREMENT, AUTO_INCREMENT=5;

--
-- AUTO_INCREMENT pour la table `Skill`
--
ALTER TABLE `Skill`
  MODIFY `id` int NOT NULL AUTO_INCREMENT, AUTO_INCREMENT=93;

--
-- AUTO_INCREMENT pour la table `SkillEvaluation`
--
ALTER TABLE `SkillEvaluation`
  MODIFY `id` int NOT NULL AUTO_INCREMENT, AUTO_INCREMENT=3514;

--
-- AUTO_INCREMENT pour la table `SkillEvaluationHistory`
--
ALTER TABLE `SkillEvaluationHistory`
  MODIFY `id` int NOT NULL AUTO_INCREMENT, AUTO_INCREMENT=1009;

--
-- AUTO_INCREMENT pour la table `User`
--
ALTER TABLE `User`
  MODIFY `id` int NOT NULL AUTO_INCREMENT, AUTO_INCREMENT=46;

--
-- Contraintes pour les tables déchargées
--

--
-- Contraintes pour la table `Function`
--
ALTER TABLE `Function`
  ADD CONSTRAINT `Function_ibfk_1` FOREIGN KEY (`DepartmentId`) REFERENCES `Department` (`id`) ON DELETE SET NULL ON UPDATE CASCADE;

--
-- Contraintes pour la table `FunctionSkills`
--
ALTER TABLE `FunctionSkills`
  ADD CONSTRAINT `FunctionSkills_ibfk_1` FOREIGN KEY (`FunctionId`) REFERENCES `Function` (`id`) ON DELETE CASCADE ON UPDATE CASCADE,
  ADD CONSTRAINT `FunctionSkills_ibfk_2` FOREIGN KEY (`SkillId`) REFERENCES `Skill` (`id`) ON DELETE CASCADE ON UPDATE CASCADE;

--
-- Contraintes pour la table `Skill`
--
ALTER TABLE `Skill`
  ADD CONSTRAINT `Skill_ibfk_1` FOREIGN KEY (`categoryId`) REFERENCES `Category` (`id`) ON DELETE SET NULL ON UPDATE CASCADE;

--
-- Contraintes pour la table `SkillEvaluation`
--
ALTER TABLE `SkillEvaluation`
  ADD CONSTRAINT `SkillEvaluation_ibfk_871` FOREIGN KEY (`skillId`) REFERENCES `Skill` (`id`) ON DELETE CASCADE ON UPDATE CASCADE,
  ADD CONSTRAINT `SkillEvaluation_ibfk_872` FOREIGN KEY (`evaluatorId`) REFERENCES `User` (`id`) ON DELETE SET NULL ON UPDATE CASCADE,
  ADD CONSTRAINT `SkillEvaluation_ibfk_873` FOREIGN KEY (`forUser`) REFERENCES `User` (`id`) ON DELETE CASCADE ON UPDATE CASCADE;

--
-- Contraintes pour la table `SkillEvaluationHistory`
--
ALTER TABLE `SkillEvaluationHistory`
  ADD CONSTRAINT `SkillEvaluationHistory_ibfk_1` FOREIGN KEY (`evaluationId`) REFERENCES `SkillEvaluation` (`id`) ON DELETE CASCADE ON UPDATE CASCADE;

--
-- Contraintes pour la table `User`
--
ALTER TABLE `User`
  ADD CONSTRAINT `User_ibfk_877` FOREIGN KEY (`DepartmentId`) REFERENCES `Department` (`id`) ON DELETE SET NULL ON UPDATE CASCADE,
  ADD CONSTRAINT `User_ibfk_878` FOREIGN KEY (`FunctionId`) REFERENCES `Function` (`id`) ON DELETE SET NULL ON UPDATE CASCADE,
  ADD CONSTRAINT `User_ibfk_879` FOREIGN KEY (`RoleId`) REFERENCES `Role` (`id`) ON DELETE SET NULL ON UPDATE CASCADE;
COMMIT;

/*!40101 SET CHARACTER_SET_CLIENT=@OLD_CHARACTER_SET_CLIENT */;
/*!40101 SET CHARACTER_SET_RESULTS=@OLD_CHARACTER_SET_RESULTS */;
/*!40101 SET COLLATION_CONNECTION=@OLD_COLLATION_CONNECTION */;
